model,method,precision,row,seed,chunk,nll,tokens,token_sha256
qwen3_4b_base,pq,Z16,pq_Z16,0,0,1.8059195280075073,2047,2b8c8fd24c772e7965e98ea13f78d4e9308abd536437bfa8c7b4fee91014bb5e
qwen3_4b_base,pq,Z32,pq_Z32,0,0,1.8060258626937866,2047,2b8c8fd24c772e7965e98ea13f78d4e9308abd536437bfa8c7b4fee91014bb5e
qwen3_4b_base,pq,ZB16,pq_ZB16,0,0,1.8058596849441528,2047,2b8c8fd24c772e7965e98ea13f78d4e9308abd536437bfa8c7b4fee91014bb5e
qwen3_4b_base,pq,S32,pq_S32,0,0,1.8051388263702393,2047,2b8c8fd24c772e7965e98ea13f78d4e9308abd536437bfa8c7b4fee91014bb5e
qwen3_4b_base,pq,Z16,pq_Z16,0,1,2.2523036003112793,2047,2b8c8fd24c772e7965e98ea13f78d4e9308abd536437bfa8c7b4fee91014bb5e
qwen3_4b_base,pq,Z32,pq_Z32,0,1,2.2526183128356934,2047,2b8c8fd24c772e7965e98ea13f78d4e9308abd536437bfa8c7b4fee91014bb5e
qwen3_4b_base,pq,ZB16,pq_ZB16,0,1,2.252375841140747,2047,2b8c8fd24c772e7965e98ea13f78d4e9308abd536437bfa8c7b4fee91014bb5e
qwen3_4b_base,pq,S32,pq_S32,0,1,2.2529730796813965,2047,2b8c8fd24c772e7965e98ea13f78d4e9308abd536437bfa8c7b4fee91014bb5e
qwen3_4b_base,pq,Z16,pq_Z16,0,2,2.4539055824279785,2047,2b8c8fd24c772e7965e98ea13f78d4e9308abd536437bfa8c7b4fee91014bb5e
qwen3_4b_base,pq,Z32,pq_Z32,0,2,2.453871726989746,2047,2b8c8fd24c772e7965e98ea13f78d4e9308abd536437bfa8c7b4fee91014bb5e
qwen3_4b_base,pq,ZB16,pq_ZB16,0,2,2.454449415206909,2047,2b8c8fd24c772e7965e98ea13f78d4e9308abd536437bfa8c7b4fee91014bb5e
qwen3_4b_base,pq,S32,pq_S32,0,2,2.453251361846924,2047,2b8c8fd24c772e7965e98ea13f78d4e9308abd536437bfa8c7b4fee91014bb5e
qwen3_4b_base,pq,Z16,pq_Z16,0,3,2.1964292526245117,2047,2b8c8fd24c772e7965e98ea13f78d4e9308abd536437bfa8c7b4fee91014bb5e
qwen3_4b_base,pq,Z32,pq_Z32,0,3,2.1955795288085938,2047,2b8c8fd24c772e7965e98ea13f78d4e9308abd536437bfa8c7b4fee91014bb5e
qwen3_4b_base,pq,ZB16,pq_ZB16,0,3,2.196836233139038,2047,2b8c8fd24c772e7965e98ea13f78d4e9308abd536437bfa8c7b4fee91014bb5e
qwen3_4b_base,pq,S32,pq_S32,0,3,2.1962578296661377,2047,2b8c8fd24c772e7965e98ea13f78d4e9308abd536437bfa8c7b4fee91014bb5e
qwen3_4b_base,pq,Z16,pq_Z16,0,4,1.9433629512786865,2047,2b8c8fd24c772e7965e98ea13f78d4e9308abd536437bfa8c7b4fee91014bb5e
qwen3_4b_base,pq,Z32,pq_Z32,0,4,1.9435232877731323,2047,2b8c8fd24c772e7965e98ea13f78d4e9308abd536437bfa8c7b4fee91014bb5e
qwen3_4b_base,pq,ZB16,pq_ZB16,0,4,1.9437835216522217,2047,2b8c8fd24c772e7965e98ea13f78d4e9308abd536437bfa8c7b4fee91014bb5e
qwen3_4b_base,pq,S32,pq_S32,0,4,1.9430139064788818,2047,2b8c8fd24c772e7965e98ea13f78d4e9308abd536437bfa8c7b4fee91014bb5e
qwen3_4b_base,pq,Z16,pq_Z16,0,5,1.5299535989761353,2047,2b8c8fd24c772e7965e98ea13f78d4e9308abd536437bfa8c7b4fee91014bb5e
qwen3_4b_base,pq,Z32,pq_Z32,0,5,1.5316191911697388,2047,2b8c8fd24c772e7965e98ea13f78d4e9308abd536437bfa8c7b4fee91014bb5e
qwen3_4b_base,pq,ZB16,pq_ZB16,0,5,1.5302975177764893,2047,2b8c8fd24c772e7965e98ea13f78d4e9308abd536437bfa8c7b4fee91014bb5e
qwen3_4b_base,pq,S32,pq_S32,0,5,1.5311334133148193,2047,2b8c8fd24c772e7965e98ea13f78d4e9308abd536437bfa8c7b4fee91014bb5e
qwen3_4b_base,pq,Z16,pq_Z16,0,6,1.303595781326294,2047,2b8c8fd24c772e7965e98ea13f78d4e9308abd536437bfa8c7b4fee91014bb5e
qwen3_4b_base,pq,Z32,pq_Z32,0,6,1.3036410808563232,2047,2b8c8fd24c772e7965e98ea13f78d4e9308abd536437bfa8c7b4fee91014bb5e
qwen3_4b_base,pq,ZB16,pq_ZB16,0,6,1.3042097091674805,2047,2b8c8fd24c772e7965e98ea13f78d4e9308abd536437bfa8c7b4fee91014bb5e
qwen3_4b_base,pq,S32,pq_S32,0,6,1.3031749725341797,2047,2b8c8fd24c772e7965e98ea13f78d4e9308abd536437bfa8c7b4fee91014bb5e
qwen3_4b_base,pq,Z16,pq_Z16,0,7,1.8953191041946411,2047,2b8c8fd24c772e7965e98ea13f78d4e9308abd536437bfa8c7b4fee91014bb5e
qwen3_4b_base,pq,Z32,pq_Z32,0,7,1.8949153423309326,2047,2b8c8fd24c772e7965e98ea13f78d4e9308abd536437bfa8c7b4fee91014bb5e
qwen3_4b_base,pq,ZB16,pq_ZB16,0,7,1.8941237926483154,2047,2b8c8fd24c772e7965e98ea13f78d4e9308abd536437bfa8c7b4fee91014bb5e
qwen3_4b_base,pq,S32,pq_S32,0,7,1.8946948051452637,2047,2b8c8fd24c772e7965e98ea13f78d4e9308abd536437bfa8c7b4fee91014bb5e
qwen3_4b_base,pq,Z16,pq_Z16,0,8,2.1067616939544678,2047,2b8c8fd24c772e7965e98ea13f78d4e9308abd536437bfa8c7b4fee91014bb5e
qwen3_4b_base,pq,Z32,pq_Z32,0,8,2.1075572967529297,2047,2b8c8fd24c772e7965e98ea13f78d4e9308abd536437bfa8c7b4fee91014bb5e
qwen3_4b_base,pq,ZB16,pq_ZB16,0,8,2.1075639724731445,2047,2b8c8fd24c772e7965e98ea13f78d4e9308abd536437bfa8c7b4fee91014bb5e
qwen3_4b_base,pq,S32,pq_S32,0,8,2.107625961303711,2047,2b8c8fd24c772e7965e98ea13f78d4e9308abd536437bfa8c7b4fee91014bb5e
qwen3_4b_base,pq,Z16,pq_Z16,0,9,2.1979362964630127,2047,2b8c8fd24c772e7965e98ea13f78d4e9308abd536437bfa8c7b4fee91014bb5e
qwen3_4b_base,pq,Z32,pq_Z32,0,9,2.1972765922546387,2047,2b8c8fd24c772e7965e98ea13f78d4e9308abd536437bfa8c7b4fee91014bb5e
qwen3_4b_base,pq,ZB16,pq_ZB16,0,9,2.197105646133423,2047,2b8c8fd24c772e7965e98ea13f78d4e9308abd536437bfa8c7b4fee91014bb5e
qwen3_4b_base,pq,S32,pq_S32,0,9,2.1979868412017822,2047,2b8c8fd24c772e7965e98ea13f78d4e9308abd536437bfa8c7b4fee91014bb5e
qwen3_4b_base,pq,Z16,pq_Z16,0,10,2.0605361461639404,2047,2b8c8fd24c772e7965e98ea13f78d4e9308abd536437bfa8c7b4fee91014bb5e
qwen3_4b_base,pq,Z32,pq_Z32,0,10,2.0603342056274414,2047,2b8c8fd24c772e7965e98ea13f78d4e9308abd536437bfa8c7b4fee91014bb5e
qwen3_4b_base,pq,ZB16,pq_ZB16,0,10,2.0603411197662354,2047,2b8c8fd24c772e7965e98ea13f78d4e9308abd536437bfa8c7b4fee91014bb5e
qwen3_4b_base,pq,S32,pq_S32,0,10,2.0608973503112793,2047,2b8c8fd24c772e7965e98ea13f78d4e9308abd536437bfa8c7b4fee91014bb5e
qwen3_4b_base,pq,Z16,pq_Z16,0,11,2.1335644721984863,2047,2b8c8fd24c772e7965e98ea13f78d4e9308abd536437bfa8c7b4fee91014bb5e
qwen3_4b_base,pq,Z32,pq_Z32,0,11,2.1335535049438477,2047,2b8c8fd24c772e7965e98ea13f78d4e9308abd536437bfa8c7b4fee91014bb5e
qwen3_4b_base,pq,ZB16,pq_ZB16,0,11,2.132795810699463,2047,2b8c8fd24c772e7965e98ea13f78d4e9308abd536437bfa8c7b4fee91014bb5e
qwen3_4b_base,pq,S32,pq_S32,0,11,2.1325926780700684,2047,2b8c8fd24c772e7965e98ea13f78d4e9308abd536437bfa8c7b4fee91014bb5e
qwen3_4b_base,pq,Z16,pq_Z16,0,12,2.0902645587921143,2047,2b8c8fd24c772e7965e98ea13f78d4e9308abd536437bfa8c7b4fee91014bb5e
qwen3_4b_base,pq,Z32,pq_Z32,0,12,2.0899806022644043,2047,2b8c8fd24c772e7965e98ea13f78d4e9308abd536437bfa8c7b4fee91014bb5e
qwen3_4b_base,pq,ZB16,pq_ZB16,0,12,2.089587688446045,2047,2b8c8fd24c772e7965e98ea13f78d4e9308abd536437bfa8c7b4fee91014bb5e
qwen3_4b_base,pq,S32,pq_S32,0,12,2.0897645950317383,2047,2b8c8fd24c772e7965e98ea13f78d4e9308abd536437bfa8c7b4fee91014bb5e
qwen3_4b_base,pq,Z16,pq_Z16,0,13,2.246751546859741,2047,2b8c8fd24c772e7965e98ea13f78d4e9308abd536437bfa8c7b4fee91014bb5e
qwen3_4b_base,pq,Z32,pq_Z32,0,13,2.2467894554138184,2047,2b8c8fd24c772e7965e98ea13f78d4e9308abd536437bfa8c7b4fee91014bb5e
qwen3_4b_base,pq,ZB16,pq_ZB16,0,13,2.247830867767334,2047,2b8c8fd24c772e7965e98ea13f78d4e9308abd536437bfa8c7b4fee91014bb5e
qwen3_4b_base,pq,S32,pq_S32,0,13,2.247987747192383,2047,2b8c8fd24c772e7965e98ea13f78d4e9308abd536437bfa8c7b4fee91014bb5e
qwen3_4b_base,pq,Z16,pq_Z16,0,14,2.172631025314331,2047,2b8c8fd24c772e7965e98ea13f78d4e9308abd536437bfa8c7b4fee91014bb5e
qwen3_4b_base,pq,Z32,pq_Z32,0,14,2.1726880073547363,2047,2b8c8fd24c772e7965e98ea13f78d4e9308abd536437bfa8c7b4fee91014bb5e
qwen3_4b_base,pq,ZB16,pq_ZB16,0,14,2.1733667850494385,2047,2b8c8fd24c772e7965e98ea13f78d4e9308abd536437bfa8c7b4fee91014bb5e
qwen3_4b_base,pq,S32,pq_S32,0,14,2.1728787422180176,2047,2b8c8fd24c772e7965e98ea13f78d4e9308abd536437bfa8c7b4fee91014bb5e
qwen3_4b_base,pq,Z16,pq_Z16,0,15,2.299323320388794,2047,2b8c8fd24c772e7965e98ea13f78d4e9308abd536437bfa8c7b4fee91014bb5e
qwen3_4b_base,pq,Z32,pq_Z32,0,15,2.299704074859619,2047,2b8c8fd24c772e7965e98ea13f78d4e9308abd536437bfa8c7b4fee91014bb5e
qwen3_4b_base,pq,ZB16,pq_ZB16,0,15,2.301029682159424,2047,2b8c8fd24c772e7965e98ea13f78d4e9308abd536437bfa8c7b4fee91014bb5e
qwen3_4b_base,pq,S32,pq_S32,0,15,2.2993361949920654,2047,2b8c8fd24c772e7965e98ea13f78d4e9308abd536437bfa8c7b4fee91014bb5e
qwen3_4b_base,pq,Z16,pq_Z16,0,16,2.4122986793518066,2047,2b8c8fd24c772e7965e98ea13f78d4e9308abd536437bfa8c7b4fee91014bb5e
qwen3_4b_base,pq,Z32,pq_Z32,0,16,2.412693500518799,2047,2b8c8fd24c772e7965e98ea13f78d4e9308abd536437bfa8c7b4fee91014bb5e
qwen3_4b_base,pq,ZB16,pq_ZB16,0,16,2.4135243892669678,2047,2b8c8fd24c772e7965e98ea13f78d4e9308abd536437bfa8c7b4fee91014bb5e
qwen3_4b_base,pq,S32,pq_S32,0,16,2.41164231300354,2047,2b8c8fd24c772e7965e98ea13f78d4e9308abd536437bfa8c7b4fee91014bb5e
qwen3_4b_base,pq,Z16,pq_Z16,0,17,2.2402236461639404,2047,2b8c8fd24c772e7965e98ea13f78d4e9308abd536437bfa8c7b4fee91014bb5e
qwen3_4b_base,pq,Z32,pq_Z32,0,17,2.239901304244995,2047,2b8c8fd24c772e7965e98ea13f78d4e9308abd536437bfa8c7b4fee91014bb5e
qwen3_4b_base,pq,ZB16,pq_ZB16,0,17,2.2396841049194336,2047,2b8c8fd24c772e7965e98ea13f78d4e9308abd536437bfa8c7b4fee91014bb5e
qwen3_4b_base,pq,S32,pq_S32,0,17,2.240133285522461,2047,2b8c8fd24c772e7965e98ea13f78d4e9308abd536437bfa8c7b4fee91014bb5e
qwen3_4b_base,pq,Z16,pq_Z16,0,18,2.015583038330078,2047,2b8c8fd24c772e7965e98ea13f78d4e9308abd536437bfa8c7b4fee91014bb5e
qwen3_4b_base,pq,Z32,pq_Z32,0,18,2.0153791904449463,2047,2b8c8fd24c772e7965e98ea13f78d4e9308abd536437bfa8c7b4fee91014bb5e
qwen3_4b_base,pq,ZB16,pq_ZB16,0,18,2.0146522521972656,2047,2b8c8fd24c772e7965e98ea13f78d4e9308abd536437bfa8c7b4fee91014bb5e
qwen3_4b_base,pq,S32,pq_S32,0,18,2.0161917209625244,2047,2b8c8fd24c772e7965e98ea13f78d4e9308abd536437bfa8c7b4fee91014bb5e
qwen3_4b_base,pq,Z16,pq_Z16,0,19,1.869889497756958,2047,2b8c8fd24c772e7965e98ea13f78d4e9308abd536437bfa8c7b4fee91014bb5e
qwen3_4b_base,pq,Z32,pq_Z32,0,19,1.870300054550171,2047,2b8c8fd24c772e7965e98ea13f78d4e9308abd536437bfa8c7b4fee91014bb5e
qwen3_4b_base,pq,ZB16,pq_ZB16,0,19,1.870056390762329,2047,2b8c8fd24c772e7965e98ea13f78d4e9308abd536437bfa8c7b4fee91014bb5e
qwen3_4b_base,pq,S32,pq_S32,0,19,1.870612382888794,2047,2b8c8fd24c772e7965e98ea13f78d4e9308abd536437bfa8c7b4fee91014bb5e
qwen3_4b_base,pq,Z16,pq_Z16,0,20,2.039616584777832,2047,2b8c8fd24c772e7965e98ea13f78d4e9308abd536437bfa8c7b4fee91014bb5e
qwen3_4b_base,pq,Z32,pq_Z32,0,20,2.0389723777770996,2047,2b8c8fd24c772e7965e98ea13f78d4e9308abd536437bfa8c7b4fee91014bb5e
qwen3_4b_base,pq,ZB16,pq_ZB16,0,20,2.0392372608184814,2047,2b8c8fd24c772e7965e98ea13f78d4e9308abd536437bfa8c7b4fee91014bb5e
qwen3_4b_base,pq,S32,pq_S32,0,20,2.038670301437378,2047,2b8c8fd24c772e7965e98ea13f78d4e9308abd536437bfa8c7b4fee91014bb5e
qwen3_4b_base,pq,Z16,pq_Z16,0,21,2.3055312633514404,2047,2b8c8fd24c772e7965e98ea13f78d4e9308abd536437bfa8c7b4fee91014bb5e
qwen3_4b_base,pq,Z32,pq_Z32,0,21,2.3061611652374268,2047,2b8c8fd24c772e7965e98ea13f78d4e9308abd536437bfa8c7b4fee91014bb5e
qwen3_4b_base,pq,ZB16,pq_ZB16,0,21,2.304614543914795,2047,2b8c8fd24c772e7965e98ea13f78d4e9308abd536437bfa8c7b4fee91014bb5e
qwen3_4b_base,pq,S32,pq_S32,0,21,2.3050129413604736,2047,2b8c8fd24c772e7965e98ea13f78d4e9308abd536437bfa8c7b4fee91014bb5e
qwen3_4b_base,pq,Z16,pq_Z16,0,22,2.0504281520843506,2047,2b8c8fd24c772e7965e98ea13f78d4e9308abd536437bfa8c7b4fee91014bb5e
qwen3_4b_base,pq,Z32,pq_Z32,0,22,2.049650192260742,2047,2b8c8fd24c772e7965e98ea13f78d4e9308abd536437bfa8c7b4fee91014bb5e
qwen3_4b_base,pq,ZB16,pq_ZB16,0,22,2.0501925945281982,2047,2b8c8fd24c772e7965e98ea13f78d4e9308abd536437bfa8c7b4fee91014bb5e
qwen3_4b_base,pq,S32,pq_S32,0,22,2.0500335693359375,2047,2b8c8fd24c772e7965e98ea13f78d4e9308abd536437bfa8c7b4fee91014bb5e
qwen3_4b_base,pq,Z16,pq_Z16,0,23,2.202094316482544,2047,2b8c8fd24c772e7965e98ea13f78d4e9308abd536437bfa8c7b4fee91014bb5e
qwen3_4b_base,pq,Z32,pq_Z32,0,23,2.201885461807251,2047,2b8c8fd24c772e7965e98ea13f78d4e9308abd536437bfa8c7b4fee91014bb5e
qwen3_4b_base,pq,ZB16,pq_ZB16,0,23,2.203608274459839,2047,2b8c8fd24c772e7965e98ea13f78d4e9308abd536437bfa8c7b4fee91014bb5e
qwen3_4b_base,pq,S32,pq_S32,0,23,2.2032833099365234,2047,2b8c8fd24c772e7965e98ea13f78d4e9308abd536437bfa8c7b4fee91014bb5e
qwen3_4b_base,pq,Z16,pq_Z16,0,24,2.161025047302246,2047,2b8c8fd24c772e7965e98ea13f78d4e9308abd536437bfa8c7b4fee91014bb5e
qwen3_4b_base,pq,Z32,pq_Z32,0,24,2.1617820262908936,2047,2b8c8fd24c772e7965e98ea13f78d4e9308abd536437bfa8c7b4fee91014bb5e
qwen3_4b_base,pq,ZB16,pq_ZB16,0,24,2.163104295730591,2047,2b8c8fd24c772e7965e98ea13f78d4e9308abd536437bfa8c7b4fee91014bb5e
qwen3_4b_base,pq,S32,pq_S32,0,24,2.1619906425476074,2047,2b8c8fd24c772e7965e98ea13f78d4e9308abd536437bfa8c7b4fee91014bb5e
qwen3_4b_base,pq,Z16,pq_Z16,0,25,2.251464366912842,2047,2b8c8fd24c772e7965e98ea13f78d4e9308abd536437bfa8c7b4fee91014bb5e
qwen3_4b_base,pq,Z32,pq_Z32,0,25,2.251666784286499,2047,2b8c8fd24c772e7965e98ea13f78d4e9308abd536437bfa8c7b4fee91014bb5e
qwen3_4b_base,pq,ZB16,pq_ZB16,0,25,2.2511110305786133,2047,2b8c8fd24c772e7965e98ea13f78d4e9308abd536437bfa8c7b4fee91014bb5e
qwen3_4b_base,pq,S32,pq_S32,0,25,2.2522735595703125,2047,2b8c8fd24c772e7965e98ea13f78d4e9308abd536437bfa8c7b4fee91014bb5e
qwen3_4b_base,pq,Z16,pq_Z16,0,26,2.333801746368408,2047,2b8c8fd24c772e7965e98ea13f78d4e9308abd536437bfa8c7b4fee91014bb5e
qwen3_4b_base,pq,Z32,pq_Z32,0,26,2.333890438079834,2047,2b8c8fd24c772e7965e98ea13f78d4e9308abd536437bfa8c7b4fee91014bb5e
qwen3_4b_base,pq,ZB16,pq_ZB16,0,26,2.3340768814086914,2047,2b8c8fd24c772e7965e98ea13f78d4e9308abd536437bfa8c7b4fee91014bb5e
qwen3_4b_base,pq,S32,pq_S32,0,26,2.333458662033081,2047,2b8c8fd24c772e7965e98ea13f78d4e9308abd536437bfa8c7b4fee91014bb5e
qwen3_4b_base,pq,Z16,pq_Z16,0,27,2.51606822013855,2047,2b8c8fd24c772e7965e98ea13f78d4e9308abd536437bfa8c7b4fee91014bb5e
qwen3_4b_base,pq,Z32,pq_Z32,0,27,2.515272617340088,2047,2b8c8fd24c772e7965e98ea13f78d4e9308abd536437bfa8c7b4fee91014bb5e
qwen3_4b_base,pq,ZB16,pq_ZB16,0,27,2.516174554824829,2047,2b8c8fd24c772e7965e98ea13f78d4e9308abd536437bfa8c7b4fee91014bb5e
qwen3_4b_base,pq,S32,pq_S32,0,27,2.514864444732666,2047,2b8c8fd24c772e7965e98ea13f78d4e9308abd536437bfa8c7b4fee91014bb5e
qwen3_4b_base,pq,Z16,pq_Z16,0,28,2.2883963584899902,2047,2b8c8fd24c772e7965e98ea13f78d4e9308abd536437bfa8c7b4fee91014bb5e
qwen3_4b_base,pq,Z32,pq_Z32,0,28,2.28887939453125,2047,2b8c8fd24c772e7965e98ea13f78d4e9308abd536437bfa8c7b4fee91014bb5e
qwen3_4b_base,pq,ZB16,pq_ZB16,0,28,2.2887182235717773,2047,2b8c8fd24c772e7965e98ea13f78d4e9308abd536437bfa8c7b4fee91014bb5e
qwen3_4b_base,pq,S32,pq_S32,0,28,2.2886080741882324,2047,2b8c8fd24c772e7965e98ea13f78d4e9308abd536437bfa8c7b4fee91014bb5e
qwen3_4b_base,pq,Z16,pq_Z16,0,29,1.8843722343444824,2047,2b8c8fd24c772e7965e98ea13f78d4e9308abd536437bfa8c7b4fee91014bb5e
qwen3_4b_base,pq,Z32,pq_Z32,0,29,1.8838127851486206,2047,2b8c8fd24c772e7965e98ea13f78d4e9308abd536437bfa8c7b4fee91014bb5e
qwen3_4b_base,pq,ZB16,pq_ZB16,0,29,1.883912205696106,2047,2b8c8fd24c772e7965e98ea13f78d4e9308abd536437bfa8c7b4fee91014bb5e
qwen3_4b_base,pq,S32,pq_S32,0,29,1.8833255767822266,2047,2b8c8fd24c772e7965e98ea13f78d4e9308abd536437bfa8c7b4fee91014bb5e
qwen3_4b_base,pq,Z16,pq_Z16,0,30,1.8355076313018799,2047,2b8c8fd24c772e7965e98ea13f78d4e9308abd536437bfa8c7b4fee91014bb5e
qwen3_4b_base,pq,Z32,pq_Z32,0,30,1.8351191282272339,2047,2b8c8fd24c772e7965e98ea13f78d4e9308abd536437bfa8c7b4fee91014bb5e
qwen3_4b_base,pq,ZB16,pq_ZB16,0,30,1.835371971130371,2047,2b8c8fd24c772e7965e98ea13f78d4e9308abd536437bfa8c7b4fee91014bb5e
qwen3_4b_base,pq,S32,pq_S32,0,30,1.834644079208374,2047,2b8c8fd24c772e7965e98ea13f78d4e9308abd536437bfa8c7b4fee91014bb5e
qwen3_4b_base,pq,Z16,pq_Z16,0,31,1.7552767992019653,2047,2b8c8fd24c772e7965e98ea13f78d4e9308abd536437bfa8c7b4fee91014bb5e
qwen3_4b_base,pq,Z32,pq_Z32,0,31,1.754772663116455,2047,2b8c8fd24c772e7965e98ea13f78d4e9308abd536437bfa8c7b4fee91014bb5e
qwen3_4b_base,pq,ZB16,pq_ZB16,0,31,1.7548809051513672,2047,2b8c8fd24c772e7965e98ea13f78d4e9308abd536437bfa8c7b4fee91014bb5e
qwen3_4b_base,pq,S32,pq_S32,0,31,1.753957986831665,2047,2b8c8fd24c772e7965e98ea13f78d4e9308abd536437bfa8c7b4fee91014bb5e
qwen3_4b_base,pq,Z16,pq_Z16,0,32,1.5472548007965088,2047,2b8c8fd24c772e7965e98ea13f78d4e9308abd536437bfa8c7b4fee91014bb5e
qwen3_4b_base,pq,Z32,pq_Z32,0,32,1.5485390424728394,2047,2b8c8fd24c772e7965e98ea13f78d4e9308abd536437bfa8c7b4fee91014bb5e
qwen3_4b_base,pq,ZB16,pq_ZB16,0,32,1.548717975616455,2047,2b8c8fd24c772e7965e98ea13f78d4e9308abd536437bfa8c7b4fee91014bb5e
qwen3_4b_base,pq,S32,pq_S32,0,32,1.5483094453811646,2047,2b8c8fd24c772e7965e98ea13f78d4e9308abd536437bfa8c7b4fee91014bb5e
qwen3_4b_base,pq,Z16,pq_Z16,0,33,2.0109329223632812,2047,2b8c8fd24c772e7965e98ea13f78d4e9308abd536437bfa8c7b4fee91014bb5e
qwen3_4b_base,pq,Z32,pq_Z32,0,33,2.0116868019104004,2047,2b8c8fd24c772e7965e98ea13f78d4e9308abd536437bfa8c7b4fee91014bb5e
qwen3_4b_base,pq,ZB16,pq_ZB16,0,33,2.0121915340423584,2047,2b8c8fd24c772e7965e98ea13f78d4e9308abd536437bfa8c7b4fee91014bb5e
qwen3_4b_base,pq,S32,pq_S32,0,33,2.0108041763305664,2047,2b8c8fd24c772e7965e98ea13f78d4e9308abd536437bfa8c7b4fee91014bb5e
qwen3_4b_base,pq,Z16,pq_Z16,0,34,1.8989567756652832,2047,2b8c8fd24c772e7965e98ea13f78d4e9308abd536437bfa8c7b4fee91014bb5e
qwen3_4b_base,pq,Z32,pq_Z32,0,34,1.8981239795684814,2047,2b8c8fd24c772e7965e98ea13f78d4e9308abd536437bfa8c7b4fee91014bb5e
qwen3_4b_base,pq,ZB16,pq_ZB16,0,34,1.8978688716888428,2047,2b8c8fd24c772e7965e98ea13f78d4e9308abd536437bfa8c7b4fee91014bb5e
qwen3_4b_base,pq,S32,pq_S32,0,34,1.898038625717163,2047,2b8c8fd24c772e7965e98ea13f78d4e9308abd536437bfa8c7b4fee91014bb5e
qwen3_4b_base,pq,Z16,pq_Z16,0,35,2.0240118503570557,2047,2b8c8fd24c772e7965e98ea13f78d4e9308abd536437bfa8c7b4fee91014bb5e
qwen3_4b_base,pq,Z32,pq_Z32,0,35,2.024338960647583,2047,2b8c8fd24c772e7965e98ea13f78d4e9308abd536437bfa8c7b4fee91014bb5e
qwen3_4b_base,pq,ZB16,pq_ZB16,0,35,2.0239226818084717,2047,2b8c8fd24c772e7965e98ea13f78d4e9308abd536437bfa8c7b4fee91014bb5e
qwen3_4b_base,pq,S32,pq_S32,0,35,2.024315357208252,2047,2b8c8fd24c772e7965e98ea13f78d4e9308abd536437bfa8c7b4fee91014bb5e
qwen3_4b_base,pq,Z16,pq_Z16,0,36,1.6474354267120361,2047,2b8c8fd24c772e7965e98ea13f78d4e9308abd536437bfa8c7b4fee91014bb5e
qwen3_4b_base,pq,Z32,pq_Z32,0,36,1.6467745304107666,2047,2b8c8fd24c772e7965e98ea13f78d4e9308abd536437bfa8c7b4fee91014bb5e
qwen3_4b_base,pq,ZB16,pq_ZB16,0,36,1.646406650543213,2047,2b8c8fd24c772e7965e98ea13f78d4e9308abd536437bfa8c7b4fee91014bb5e
qwen3_4b_base,pq,S32,pq_S32,0,36,1.6471998691558838,2047,2b8c8fd24c772e7965e98ea13f78d4e9308abd536437bfa8c7b4fee91014bb5e
qwen3_4b_base,pq,Z16,pq_Z16,0,37,1.4581488370895386,2047,2b8c8fd24c772e7965e98ea13f78d4e9308abd536437bfa8c7b4fee91014bb5e
qwen3_4b_base,pq,Z32,pq_Z32,0,37,1.4578360319137573,2047,2b8c8fd24c772e7965e98ea13f78d4e9308abd536437bfa8c7b4fee91014bb5e
qwen3_4b_base,pq,ZB16,pq_ZB16,0,37,1.4600342512130737,2047,2b8c8fd24c772e7965e98ea13f78d4e9308abd536437bfa8c7b4fee91014bb5e
qwen3_4b_base,pq,S32,pq_S32,0,37,1.4583169221878052,2047,2b8c8fd24c772e7965e98ea13f78d4e9308abd536437bfa8c7b4fee91014bb5e
qwen3_4b_base,pq,Z16,pq_Z16,0,38,1.5928473472595215,2047,2b8c8fd24c772e7965e98ea13f78d4e9308abd536437bfa8c7b4fee91014bb5e
qwen3_4b_base,pq,Z32,pq_Z32,0,38,1.592756986618042,2047,2b8c8fd24c772e7965e98ea13f78d4e9308abd536437bfa8c7b4fee91014bb5e
qwen3_4b_base,pq,ZB16,pq_ZB16,0,38,1.59339439868927,2047,2b8c8fd24c772e7965e98ea13f78d4e9308abd536437bfa8c7b4fee91014bb5e
qwen3_4b_base,pq,S32,pq_S32,0,38,1.5931259393692017,2047,2b8c8fd24c772e7965e98ea13f78d4e9308abd536437bfa8c7b4fee91014bb5e
qwen3_4b_base,pq,Z16,pq_Z16,0,39,1.3941409587860107,2047,2b8c8fd24c772e7965e98ea13f78d4e9308abd536437bfa8c7b4fee91014bb5e
qwen3_4b_base,pq,Z32,pq_Z32,0,39,1.3940963745117188,2047,2b8c8fd24c772e7965e98ea13f78d4e9308abd536437bfa8c7b4fee91014bb5e
qwen3_4b_base,pq,ZB16,pq_ZB16,0,39,1.3946477174758911,2047,2b8c8fd24c772e7965e98ea13f78d4e9308abd536437bfa8c7b4fee91014bb5e
qwen3_4b_base,pq,S32,pq_S32,0,39,1.3943078517913818,2047,2b8c8fd24c772e7965e98ea13f78d4e9308abd536437bfa8c7b4fee91014bb5e
qwen3_4b_base,pq,Z16,pq_Z16,0,40,1.6146061420440674,2047,2b8c8fd24c772e7965e98ea13f78d4e9308abd536437bfa8c7b4fee91014bb5e
qwen3_4b_base,pq,Z32,pq_Z32,0,40,1.615342378616333,2047,2b8c8fd24c772e7965e98ea13f78d4e9308abd536437bfa8c7b4fee91014bb5e
qwen3_4b_base,pq,ZB16,pq_ZB16,0,40,1.6148961782455444,2047,2b8c8fd24c772e7965e98ea13f78d4e9308abd536437bfa8c7b4fee91014bb5e
qwen3_4b_base,pq,S32,pq_S32,0,40,1.6153454780578613,2047,2b8c8fd24c772e7965e98ea13f78d4e9308abd536437bfa8c7b4fee91014bb5e
qwen3_4b_base,pq,Z16,pq_Z16,0,41,1.9981513023376465,2047,2b8c8fd24c772e7965e98ea13f78d4e9308abd536437bfa8c7b4fee91014bb5e
qwen3_4b_base,pq,Z32,pq_Z32,0,41,1.9982894659042358,2047,2b8c8fd24c772e7965e98ea13f78d4e9308abd536437bfa8c7b4fee91014bb5e
qwen3_4b_base,pq,ZB16,pq_ZB16,0,41,1.9990246295928955,2047,2b8c8fd24c772e7965e98ea13f78d4e9308abd536437bfa8c7b4fee91014bb5e
qwen3_4b_base,pq,S32,pq_S32,0,41,1.9983999729156494,2047,2b8c8fd24c772e7965e98ea13f78d4e9308abd536437bfa8c7b4fee91014bb5e
qwen3_4b_base,pq,Z16,pq_Z16,0,42,2.440805196762085,2047,2b8c8fd24c772e7965e98ea13f78d4e9308abd536437bfa8c7b4fee91014bb5e
qwen3_4b_base,pq,Z32,pq_Z32,0,42,2.440063238143921,2047,2b8c8fd24c772e7965e98ea13f78d4e9308abd536437bfa8c7b4fee91014bb5e
qwen3_4b_base,pq,ZB16,pq_ZB16,0,42,2.4406771659851074,2047,2b8c8fd24c772e7965e98ea13f78d4e9308abd536437bfa8c7b4fee91014bb5e
qwen3_4b_base,pq,S32,pq_S32,0,42,2.440142869949341,2047,2b8c8fd24c772e7965e98ea13f78d4e9308abd536437bfa8c7b4fee91014bb5e
qwen3_4b_base,pq,Z16,pq_Z16,0,43,2.6583077907562256,2047,2b8c8fd24c772e7965e98ea13f78d4e9308abd536437bfa8c7b4fee91014bb5e
qwen3_4b_base,pq,Z32,pq_Z32,0,43,2.6587297916412354,2047,2b8c8fd24c772e7965e98ea13f78d4e9308abd536437bfa8c7b4fee91014bb5e
qwen3_4b_base,pq,ZB16,pq_ZB16,0,43,2.6576271057128906,2047,2b8c8fd24c772e7965e98ea13f78d4e9308abd536437bfa8c7b4fee91014bb5e
qwen3_4b_base,pq,S32,pq_S32,0,43,2.6583988666534424,2047,2b8c8fd24c772e7965e98ea13f78d4e9308abd536437bfa8c7b4fee91014bb5e
qwen3_4b_base,pq,Z16,pq_Z16,0,44,2.552419900894165,2047,2b8c8fd24c772e7965e98ea13f78d4e9308abd536437bfa8c7b4fee91014bb5e
qwen3_4b_base,pq,Z32,pq_Z32,0,44,2.5526132583618164,2047,2b8c8fd24c772e7965e98ea13f78d4e9308abd536437bfa8c7b4fee91014bb5e
qwen3_4b_base,pq,ZB16,pq_ZB16,0,44,2.5524590015411377,2047,2b8c8fd24c772e7965e98ea13f78d4e9308abd536437bfa8c7b4fee91014bb5e
qwen3_4b_base,pq,S32,pq_S32,0,44,2.552335500717163,2047,2b8c8fd24c772e7965e98ea13f78d4e9308abd536437bfa8c7b4fee91014bb5e
qwen3_4b_base,pq,Z16,pq_Z16,0,45,2.3237905502319336,2047,2b8c8fd24c772e7965e98ea13f78d4e9308abd536437bfa8c7b4fee91014bb5e
qwen3_4b_base,pq,Z32,pq_Z32,0,45,2.3229496479034424,2047,2b8c8fd24c772e7965e98ea13f78d4e9308abd536437bfa8c7b4fee91014bb5e
qwen3_4b_base,pq,ZB16,pq_ZB16,0,45,2.3223814964294434,2047,2b8c8fd24c772e7965e98ea13f78d4e9308abd536437bfa8c7b4fee91014bb5e
qwen3_4b_base,pq,S32,pq_S32,0,45,2.324340343475342,2047,2b8c8fd24c772e7965e98ea13f78d4e9308abd536437bfa8c7b4fee91014bb5e
qwen3_4b_base,pq,Z16,pq_Z16,0,46,2.279269218444824,2047,2b8c8fd24c772e7965e98ea13f78d4e9308abd536437bfa8c7b4fee91014bb5e
qwen3_4b_base,pq,Z32,pq_Z32,0,46,2.2807466983795166,2047,2b8c8fd24c772e7965e98ea13f78d4e9308abd536437bfa8c7b4fee91014bb5e
qwen3_4b_base,pq,ZB16,pq_ZB16,0,46,2.279587984085083,2047,2b8c8fd24c772e7965e98ea13f78d4e9308abd536437bfa8c7b4fee91014bb5e
qwen3_4b_base,pq,S32,pq_S32,0,46,2.2803382873535156,2047,2b8c8fd24c772e7965e98ea13f78d4e9308abd536437bfa8c7b4fee91014bb5e
qwen3_4b_base,pq,Z16,pq_Z16,0,47,2.3794116973876953,2047,2b8c8fd24c772e7965e98ea13f78d4e9308abd536437bfa8c7b4fee91014bb5e
qwen3_4b_base,pq,Z32,pq_Z32,0,47,2.3799500465393066,2047,2b8c8fd24c772e7965e98ea13f78d4e9308abd536437bfa8c7b4fee91014bb5e
qwen3_4b_base,pq,ZB16,pq_ZB16,0,47,2.379169225692749,2047,2b8c8fd24c772e7965e98ea13f78d4e9308abd536437bfa8c7b4fee91014bb5e
qwen3_4b_base,pq,S32,pq_S32,0,47,2.3796510696411133,2047,2b8c8fd24c772e7965e98ea13f78d4e9308abd536437bfa8c7b4fee91014bb5e
qwen3_4b_base,pq,Z16,pq_Z16,0,48,2.397869825363159,2047,2b8c8fd24c772e7965e98ea13f78d4e9308abd536437bfa8c7b4fee91014bb5e
qwen3_4b_base,pq,Z32,pq_Z32,0,48,2.3983654975891113,2047,2b8c8fd24c772e7965e98ea13f78d4e9308abd536437bfa8c7b4fee91014bb5e
qwen3_4b_base,pq,ZB16,pq_ZB16,0,48,2.397613763809204,2047,2b8c8fd24c772e7965e98ea13f78d4e9308abd536437bfa8c7b4fee91014bb5e
qwen3_4b_base,pq,S32,pq_S32,0,48,2.3973634243011475,2047,2b8c8fd24c772e7965e98ea13f78d4e9308abd536437bfa8c7b4fee91014bb5e
qwen3_4b_base,pq,Z16,pq_Z16,0,49,1.9783527851104736,2047,2b8c8fd24c772e7965e98ea13f78d4e9308abd536437bfa8c7b4fee91014bb5e
qwen3_4b_base,pq,Z32,pq_Z32,0,49,1.978348731994629,2047,2b8c8fd24c772e7965e98ea13f78d4e9308abd536437bfa8c7b4fee91014bb5e
qwen3_4b_base,pq,ZB16,pq_ZB16,0,49,1.9769445657730103,2047,2b8c8fd24c772e7965e98ea13f78d4e9308abd536437bfa8c7b4fee91014bb5e
qwen3_4b_base,pq,S32,pq_S32,0,49,1.9784491062164307,2047,2b8c8fd24c772e7965e98ea13f78d4e9308abd536437bfa8c7b4fee91014bb5e
qwen3_4b_base,pq,Z16,pq_Z16,0,50,2.2668545246124268,2047,2b8c8fd24c772e7965e98ea13f78d4e9308abd536437bfa8c7b4fee91014bb5e
qwen3_4b_base,pq,Z32,pq_Z32,0,50,2.266514301300049,2047,2b8c8fd24c772e7965e98ea13f78d4e9308abd536437bfa8c7b4fee91014bb5e
qwen3_4b_base,pq,ZB16,pq_ZB16,0,50,2.2648472785949707,2047,2b8c8fd24c772e7965e98ea13f78d4e9308abd536437bfa8c7b4fee91014bb5e
qwen3_4b_base,pq,S32,pq_S32,0,50,2.265968084335327,2047,2b8c8fd24c772e7965e98ea13f78d4e9308abd536437bfa8c7b4fee91014bb5e
qwen3_4b_base,pq,Z16,pq_Z16,0,51,1.9375526905059814,2047,2b8c8fd24c772e7965e98ea13f78d4e9308abd536437bfa8c7b4fee91014bb5e
qwen3_4b_base,pq,Z32,pq_Z32,0,51,1.9383107423782349,2047,2b8c8fd24c772e7965e98ea13f78d4e9308abd536437bfa8c7b4fee91014bb5e
qwen3_4b_base,pq,ZB16,pq_ZB16,0,51,1.9385714530944824,2047,2b8c8fd24c772e7965e98ea13f78d4e9308abd536437bfa8c7b4fee91014bb5e
qwen3_4b_base,pq,S32,pq_S32,0,51,1.9371618032455444,2047,2b8c8fd24c772e7965e98ea13f78d4e9308abd536437bfa8c7b4fee91014bb5e
qwen3_4b_base,pq,Z16,pq_Z16,0,52,1.8647170066833496,2047,2b8c8fd24c772e7965e98ea13f78d4e9308abd536437bfa8c7b4fee91014bb5e
qwen3_4b_base,pq,Z32,pq_Z32,0,52,1.8643258810043335,2047,2b8c8fd24c772e7965e98ea13f78d4e9308abd536437bfa8c7b4fee91014bb5e
qwen3_4b_base,pq,ZB16,pq_ZB16,0,52,1.8640977144241333,2047,2b8c8fd24c772e7965e98ea13f78d4e9308abd536437bfa8c7b4fee91014bb5e
qwen3_4b_base,pq,S32,pq_S32,0,52,1.8641011714935303,2047,2b8c8fd24c772e7965e98ea13f78d4e9308abd536437bfa8c7b4fee91014bb5e
qwen3_4b_base,pq,Z16,pq_Z16,0,53,1.7919435501098633,2047,2b8c8fd24c772e7965e98ea13f78d4e9308abd536437bfa8c7b4fee91014bb5e
qwen3_4b_base,pq,Z32,pq_Z32,0,53,1.7924268245697021,2047,2b8c8fd24c772e7965e98ea13f78d4e9308abd536437bfa8c7b4fee91014bb5e
qwen3_4b_base,pq,ZB16,pq_ZB16,0,53,1.7922810316085815,2047,2b8c8fd24c772e7965e98ea13f78d4e9308abd536437bfa8c7b4fee91014bb5e
qwen3_4b_base,pq,S32,pq_S32,0,53,1.7918330430984497,2047,2b8c8fd24c772e7965e98ea13f78d4e9308abd536437bfa8c7b4fee91014bb5e
qwen3_4b_base,pq,Z16,pq_Z16,0,54,1.6640441417694092,2047,2b8c8fd24c772e7965e98ea13f78d4e9308abd536437bfa8c7b4fee91014bb5e
qwen3_4b_base,pq,Z32,pq_Z32,0,54,1.6644235849380493,2047,2b8c8fd24c772e7965e98ea13f78d4e9308abd536437bfa8c7b4fee91014bb5e
qwen3_4b_base,pq,ZB16,pq_ZB16,0,54,1.6627832651138306,2047,2b8c8fd24c772e7965e98ea13f78d4e9308abd536437bfa8c7b4fee91014bb5e
qwen3_4b_base,pq,S32,pq_S32,0,54,1.6640478372573853,2047,2b8c8fd24c772e7965e98ea13f78d4e9308abd536437bfa8c7b4fee91014bb5e
qwen3_4b_base,pq,Z16,pq_Z16,0,55,1.8332045078277588,2047,2b8c8fd24c772e7965e98ea13f78d4e9308abd536437bfa8c7b4fee91014bb5e
qwen3_4b_base,pq,Z32,pq_Z32,0,55,1.8342421054840088,2047,2b8c8fd24c772e7965e98ea13f78d4e9308abd536437bfa8c7b4fee91014bb5e
qwen3_4b_base,pq,ZB16,pq_ZB16,0,55,1.832771897315979,2047,2b8c8fd24c772e7965e98ea13f78d4e9308abd536437bfa8c7b4fee91014bb5e
qwen3_4b_base,pq,S32,pq_S32,0,55,1.834447979927063,2047,2b8c8fd24c772e7965e98ea13f78d4e9308abd536437bfa8c7b4fee91014bb5e
qwen3_4b_base,pq,Z16,pq_Z16,0,56,1.6140443086624146,2047,2b8c8fd24c772e7965e98ea13f78d4e9308abd536437bfa8c7b4fee91014bb5e
qwen3_4b_base,pq,Z32,pq_Z32,0,56,1.614717960357666,2047,2b8c8fd24c772e7965e98ea13f78d4e9308abd536437bfa8c7b4fee91014bb5e
qwen3_4b_base,pq,ZB16,pq_ZB16,0,56,1.6155043840408325,2047,2b8c8fd24c772e7965e98ea13f78d4e9308abd536437bfa8c7b4fee91014bb5e
qwen3_4b_base,pq,S32,pq_S32,0,56,1.6144391298294067,2047,2b8c8fd24c772e7965e98ea13f78d4e9308abd536437bfa8c7b4fee91014bb5e
qwen3_4b_base,pq,Z16,pq_Z16,0,57,1.5487226247787476,2047,2b8c8fd24c772e7965e98ea13f78d4e9308abd536437bfa8c7b4fee91014bb5e
qwen3_4b_base,pq,Z32,pq_Z32,0,57,1.5494153499603271,2047,2b8c8fd24c772e7965e98ea13f78d4e9308abd536437bfa8c7b4fee91014bb5e
qwen3_4b_base,pq,ZB16,pq_ZB16,0,57,1.5490901470184326,2047,2b8c8fd24c772e7965e98ea13f78d4e9308abd536437bfa8c7b4fee91014bb5e
qwen3_4b_base,pq,S32,pq_S32,0,57,1.549078106880188,2047,2b8c8fd24c772e7965e98ea13f78d4e9308abd536437bfa8c7b4fee91014bb5e
qwen3_4b_base,pq,Z16,pq_Z16,0,58,1.8887126445770264,2047,2b8c8fd24c772e7965e98ea13f78d4e9308abd536437bfa8c7b4fee91014bb5e
qwen3_4b_base,pq,Z32,pq_Z32,0,58,1.8884154558181763,2047,2b8c8fd24c772e7965e98ea13f78d4e9308abd536437bfa8c7b4fee91014bb5e
qwen3_4b_base,pq,ZB16,pq_ZB16,0,58,1.8900479078292847,2047,2b8c8fd24c772e7965e98ea13f78d4e9308abd536437bfa8c7b4fee91014bb5e
qwen3_4b_base,pq,S32,pq_S32,0,58,1.8877999782562256,2047,2b8c8fd24c772e7965e98ea13f78d4e9308abd536437bfa8c7b4fee91014bb5e
qwen3_4b_base,pq,Z16,pq_Z16,0,59,1.8439586162567139,2047,2b8c8fd24c772e7965e98ea13f78d4e9308abd536437bfa8c7b4fee91014bb5e
qwen3_4b_base,pq,Z32,pq_Z32,0,59,1.844518780708313,2047,2b8c8fd24c772e7965e98ea13f78d4e9308abd536437bfa8c7b4fee91014bb5e
qwen3_4b_base,pq,ZB16,pq_ZB16,0,59,1.8438560962677002,2047,2b8c8fd24c772e7965e98ea13f78d4e9308abd536437bfa8c7b4fee91014bb5e
qwen3_4b_base,pq,S32,pq_S32,0,59,1.8442213535308838,2047,2b8c8fd24c772e7965e98ea13f78d4e9308abd536437bfa8c7b4fee91014bb5e
qwen3_4b_base,pq,Z16,pq_Z16,0,60,2.108795404434204,2047,2b8c8fd24c772e7965e98ea13f78d4e9308abd536437bfa8c7b4fee91014bb5e
qwen3_4b_base,pq,Z32,pq_Z32,0,60,2.1088521480560303,2047,2b8c8fd24c772e7965e98ea13f78d4e9308abd536437bfa8c7b4fee91014bb5e
qwen3_4b_base,pq,ZB16,pq_ZB16,0,60,2.108307361602783,2047,2b8c8fd24c772e7965e98ea13f78d4e9308abd536437bfa8c7b4fee91014bb5e
qwen3_4b_base,pq,S32,pq_S32,0,60,2.108248710632324,2047,2b8c8fd24c772e7965e98ea13f78d4e9308abd536437bfa8c7b4fee91014bb5e
qwen3_4b_base,pq,Z16,pq_Z16,0,61,2.285625696182251,2047,2b8c8fd24c772e7965e98ea13f78d4e9308abd536437bfa8c7b4fee91014bb5e
qwen3_4b_base,pq,Z32,pq_Z32,0,61,2.2849864959716797,2047,2b8c8fd24c772e7965e98ea13f78d4e9308abd536437bfa8c7b4fee91014bb5e
qwen3_4b_base,pq,ZB16,pq_ZB16,0,61,2.2857470512390137,2047,2b8c8fd24c772e7965e98ea13f78d4e9308abd536437bfa8c7b4fee91014bb5e
qwen3_4b_base,pq,S32,pq_S32,0,61,2.285444736480713,2047,2b8c8fd24c772e7965e98ea13f78d4e9308abd536437bfa8c7b4fee91014bb5e
qwen3_4b_base,pq,Z16,pq_Z16,0,62,2.3581809997558594,2047,2b8c8fd24c772e7965e98ea13f78d4e9308abd536437bfa8c7b4fee91014bb5e
qwen3_4b_base,pq,Z32,pq_Z32,0,62,2.3576409816741943,2047,2b8c8fd24c772e7965e98ea13f78d4e9308abd536437bfa8c7b4fee91014bb5e
qwen3_4b_base,pq,ZB16,pq_ZB16,0,62,2.357264518737793,2047,2b8c8fd24c772e7965e98ea13f78d4e9308abd536437bfa8c7b4fee91014bb5e
qwen3_4b_base,pq,S32,pq_S32,0,62,2.3585293292999268,2047,2b8c8fd24c772e7965e98ea13f78d4e9308abd536437bfa8c7b4fee91014bb5e
qwen3_4b_base,pq,Z16,pq_Z16,0,63,2.6180918216705322,2047,2b8c8fd24c772e7965e98ea13f78d4e9308abd536437bfa8c7b4fee91014bb5e
qwen3_4b_base,pq,Z32,pq_Z32,0,63,2.6179146766662598,2047,2b8c8fd24c772e7965e98ea13f78d4e9308abd536437bfa8c7b4fee91014bb5e
qwen3_4b_base,pq,ZB16,pq_ZB16,0,63,2.617929458618164,2047,2b8c8fd24c772e7965e98ea13f78d4e9308abd536437bfa8c7b4fee91014bb5e
qwen3_4b_base,pq,S32,pq_S32,0,63,2.6177072525024414,2047,2b8c8fd24c772e7965e98ea13f78d4e9308abd536437bfa8c7b4fee91014bb5e
qwen3_4b_base,pq,Z16,pq_Z16,1,0,1.806986689567566,2047,2b8c8fd24c772e7965e98ea13f78d4e9308abd536437bfa8c7b4fee91014bb5e
qwen3_4b_base,pq,Z32,pq_Z32,1,0,1.8069902658462524,2047,2b8c8fd24c772e7965e98ea13f78d4e9308abd536437bfa8c7b4fee91014bb5e
qwen3_4b_base,pq,ZB16,pq_ZB16,1,0,1.8065407276153564,2047,2b8c8fd24c772e7965e98ea13f78d4e9308abd536437bfa8c7b4fee91014bb5e
qwen3_4b_base,pq,S32,pq_S32,1,0,1.8068766593933105,2047,2b8c8fd24c772e7965e98ea13f78d4e9308abd536437bfa8c7b4fee91014bb5e
qwen3_4b_base,pq,Z16,pq_Z16,1,1,2.258174180984497,2047,2b8c8fd24c772e7965e98ea13f78d4e9308abd536437bfa8c7b4fee91014bb5e
qwen3_4b_base,pq,Z32,pq_Z32,1,1,2.258201837539673,2047,2b8c8fd24c772e7965e98ea13f78d4e9308abd536437bfa8c7b4fee91014bb5e
qwen3_4b_base,pq,ZB16,pq_ZB16,1,1,2.2588276863098145,2047,2b8c8fd24c772e7965e98ea13f78d4e9308abd536437bfa8c7b4fee91014bb5e
qwen3_4b_base,pq,S32,pq_S32,1,1,2.256955623626709,2047,2b8c8fd24c772e7965e98ea13f78d4e9308abd536437bfa8c7b4fee91014bb5e
qwen3_4b_base,pq,Z16,pq_Z16,1,2,2.4502382278442383,2047,2b8c8fd24c772e7965e98ea13f78d4e9308abd536437bfa8c7b4fee91014bb5e
qwen3_4b_base,pq,Z32,pq_Z32,1,2,2.448850393295288,2047,2b8c8fd24c772e7965e98ea13f78d4e9308abd536437bfa8c7b4fee91014bb5e
qwen3_4b_base,pq,ZB16,pq_ZB16,1,2,2.4496586322784424,2047,2b8c8fd24c772e7965e98ea13f78d4e9308abd536437bfa8c7b4fee91014bb5e
qwen3_4b_base,pq,S32,pq_S32,1,2,2.449605703353882,2047,2b8c8fd24c772e7965e98ea13f78d4e9308abd536437bfa8c7b4fee91014bb5e
qwen3_4b_base,pq,Z16,pq_Z16,1,3,2.193598985671997,2047,2b8c8fd24c772e7965e98ea13f78d4e9308abd536437bfa8c7b4fee91014bb5e
qwen3_4b_base,pq,Z32,pq_Z32,1,3,2.193208694458008,2047,2b8c8fd24c772e7965e98ea13f78d4e9308abd536437bfa8c7b4fee91014bb5e
qwen3_4b_base,pq,ZB16,pq_ZB16,1,3,2.192992925643921,2047,2b8c8fd24c772e7965e98ea13f78d4e9308abd536437bfa8c7b4fee91014bb5e
qwen3_4b_base,pq,S32,pq_S32,1,3,2.1924569606781006,2047,2b8c8fd24c772e7965e98ea13f78d4e9308abd536437bfa8c7b4fee91014bb5e
qwen3_4b_base,pq,Z16,pq_Z16,1,4,1.9479538202285767,2047,2b8c8fd24c772e7965e98ea13f78d4e9308abd536437bfa8c7b4fee91014bb5e
qwen3_4b_base,pq,Z32,pq_Z32,1,4,1.9479079246520996,2047,2b8c8fd24c772e7965e98ea13f78d4e9308abd536437bfa8c7b4fee91014bb5e
qwen3_4b_base,pq,ZB16,pq_ZB16,1,4,1.9484056234359741,2047,2b8c8fd24c772e7965e98ea13f78d4e9308abd536437bfa8c7b4fee91014bb5e
qwen3_4b_base,pq,S32,pq_S32,1,4,1.947805404663086,2047,2b8c8fd24c772e7965e98ea13f78d4e9308abd536437bfa8c7b4fee91014bb5e
qwen3_4b_base,pq,Z16,pq_Z16,1,5,1.5254788398742676,2047,2b8c8fd24c772e7965e98ea13f78d4e9308abd536437bfa8c7b4fee91014bb5e
qwen3_4b_base,pq,Z32,pq_Z32,1,5,1.525982141494751,2047,2b8c8fd24c772e7965e98ea13f78d4e9308abd536437bfa8c7b4fee91014bb5e
qwen3_4b_base,pq,ZB16,pq_ZB16,1,5,1.52655029296875,2047,2b8c8fd24c772e7965e98ea13f78d4e9308abd536437bfa8c7b4fee91014bb5e
qwen3_4b_base,pq,S32,pq_S32,1,5,1.5248569250106812,2047,2b8c8fd24c772e7965e98ea13f78d4e9308abd536437bfa8c7b4fee91014bb5e
qwen3_4b_base,pq,Z16,pq_Z16,1,6,1.2970155477523804,2047,2b8c8fd24c772e7965e98ea13f78d4e9308abd536437bfa8c7b4fee91014bb5e
qwen3_4b_base,pq,Z32,pq_Z32,1,6,1.2964551448822021,2047,2b8c8fd24c772e7965e98ea13f78d4e9308abd536437bfa8c7b4fee91014bb5e
qwen3_4b_base,pq,ZB16,pq_ZB16,1,6,1.296604037284851,2047,2b8c8fd24c772e7965e98ea13f78d4e9308abd536437bfa8c7b4fee91014bb5e
qwen3_4b_base,pq,S32,pq_S32,1,6,1.2963563203811646,2047,2b8c8fd24c772e7965e98ea13f78d4e9308abd536437bfa8c7b4fee91014bb5e
qwen3_4b_base,pq,Z16,pq_Z16,1,7,1.8821837902069092,2047,2b8c8fd24c772e7965e98ea13f78d4e9308abd536437bfa8c7b4fee91014bb5e
qwen3_4b_base,pq,Z32,pq_Z32,1,7,1.8825721740722656,2047,2b8c8fd24c772e7965e98ea13f78d4e9308abd536437bfa8c7b4fee91014bb5e
qwen3_4b_base,pq,ZB16,pq_ZB16,1,7,1.8822600841522217,2047,2b8c8fd24c772e7965e98ea13f78d4e9308abd536437bfa8c7b4fee91014bb5e
qwen3_4b_base,pq,S32,pq_S32,1,7,1.8820706605911255,2047,2b8c8fd24c772e7965e98ea13f78d4e9308abd536437bfa8c7b4fee91014bb5e
qwen3_4b_base,pq,Z16,pq_Z16,1,8,2.0999956130981445,2047,2b8c8fd24c772e7965e98ea13f78d4e9308abd536437bfa8c7b4fee91014bb5e
qwen3_4b_base,pq,Z32,pq_Z32,1,8,2.1001296043395996,2047,2b8c8fd24c772e7965e98ea13f78d4e9308abd536437bfa8c7b4fee91014bb5e
qwen3_4b_base,pq,ZB16,pq_ZB16,1,8,2.1008591651916504,2047,2b8c8fd24c772e7965e98ea13f78d4e9308abd536437bfa8c7b4fee91014bb5e
qwen3_4b_base,pq,S32,pq_S32,1,8,2.100813627243042,2047,2b8c8fd24c772e7965e98ea13f78d4e9308abd536437bfa8c7b4fee91014bb5e
qwen3_4b_base,pq,Z16,pq_Z16,1,9,2.1922965049743652,2047,2b8c8fd24c772e7965e98ea13f78d4e9308abd536437bfa8c7b4fee91014bb5e
qwen3_4b_base,pq,Z32,pq_Z32,1,9,2.1912028789520264,2047,2b8c8fd24c772e7965e98ea13f78d4e9308abd536437bfa8c7b4fee91014bb5e
qwen3_4b_base,pq,ZB16,pq_ZB16,1,9,2.1910974979400635,2047,2b8c8fd24c772e7965e98ea13f78d4e9308abd536437bfa8c7b4fee91014bb5e
qwen3_4b_base,pq,S32,pq_S32,1,9,2.1919844150543213,2047,2b8c8fd24c772e7965e98ea13f78d4e9308abd536437bfa8c7b4fee91014bb5e
qwen3_4b_base,pq,Z16,pq_Z16,1,10,2.0639216899871826,2047,2b8c8fd24c772e7965e98ea13f78d4e9308abd536437bfa8c7b4fee91014bb5e
qwen3_4b_base,pq,Z32,pq_Z32,1,10,2.0651347637176514,2047,2b8c8fd24c772e7965e98ea13f78d4e9308abd536437bfa8c7b4fee91014bb5e
qwen3_4b_base,pq,ZB16,pq_ZB16,1,10,2.0651395320892334,2047,2b8c8fd24c772e7965e98ea13f78d4e9308abd536437bfa8c7b4fee91014bb5e
qwen3_4b_base,pq,S32,pq_S32,1,10,2.064044237136841,2047,2b8c8fd24c772e7965e98ea13f78d4e9308abd536437bfa8c7b4fee91014bb5e
qwen3_4b_base,pq,Z16,pq_Z16,1,11,2.128946542739868,2047,2b8c8fd24c772e7965e98ea13f78d4e9308abd536437bfa8c7b4fee91014bb5e
qwen3_4b_base,pq,Z32,pq_Z32,1,11,2.1304471492767334,2047,2b8c8fd24c772e7965e98ea13f78d4e9308abd536437bfa8c7b4fee91014bb5e
qwen3_4b_base,pq,ZB16,pq_ZB16,1,11,2.1304566860198975,2047,2b8c8fd24c772e7965e98ea13f78d4e9308abd536437bfa8c7b4fee91014bb5e
qwen3_4b_base,pq,S32,pq_S32,1,11,2.1302387714385986,2047,2b8c8fd24c772e7965e98ea13f78d4e9308abd536437bfa8c7b4fee91014bb5e
qwen3_4b_base,pq,Z16,pq_Z16,1,12,2.091625690460205,2047,2b8c8fd24c772e7965e98ea13f78d4e9308abd536437bfa8c7b4fee91014bb5e
qwen3_4b_base,pq,Z32,pq_Z32,1,12,2.091360569000244,2047,2b8c8fd24c772e7965e98ea13f78d4e9308abd536437bfa8c7b4fee91014bb5e
qwen3_4b_base,pq,ZB16,pq_ZB16,1,12,2.091606616973877,2047,2b8c8fd24c772e7965e98ea13f78d4e9308abd536437bfa8c7b4fee91014bb5e
qwen3_4b_base,pq,S32,pq_S32,1,12,2.0914382934570312,2047,2b8c8fd24c772e7965e98ea13f78d4e9308abd536437bfa8c7b4fee91014bb5e
qwen3_4b_base,pq,Z16,pq_Z16,1,13,2.252492904663086,2047,2b8c8fd24c772e7965e98ea13f78d4e9308abd536437bfa8c7b4fee91014bb5e
qwen3_4b_base,pq,Z32,pq_Z32,1,13,2.2532520294189453,2047,2b8c8fd24c772e7965e98ea13f78d4e9308abd536437bfa8c7b4fee91014bb5e
qwen3_4b_base,pq,ZB16,pq_ZB16,1,13,2.2537598609924316,2047,2b8c8fd24c772e7965e98ea13f78d4e9308abd536437bfa8c7b4fee91014bb5e
qwen3_4b_base,pq,S32,pq_S32,1,13,2.2520976066589355,2047,2b8c8fd24c772e7965e98ea13f78d4e9308abd536437bfa8c7b4fee91014bb5e
qwen3_4b_base,pq,Z16,pq_Z16,1,14,2.176729679107666,2047,2b8c8fd24c772e7965e98ea13f78d4e9308abd536437bfa8c7b4fee91014bb5e
qwen3_4b_base,pq,Z32,pq_Z32,1,14,2.176666259765625,2047,2b8c8fd24c772e7965e98ea13f78d4e9308abd536437bfa8c7b4fee91014bb5e
qwen3_4b_base,pq,ZB16,pq_ZB16,1,14,2.1766443252563477,2047,2b8c8fd24c772e7965e98ea13f78d4e9308abd536437bfa8c7b4fee91014bb5e
qwen3_4b_base,pq,S32,pq_S32,1,14,2.177767038345337,2047,2b8c8fd24c772e7965e98ea13f78d4e9308abd536437bfa8c7b4fee91014bb5e
qwen3_4b_base,pq,Z16,pq_Z16,1,15,2.303967237472534,2047,2b8c8fd24c772e7965e98ea13f78d4e9308abd536437bfa8c7b4fee91014bb5e
qwen3_4b_base,pq,Z32,pq_Z32,1,15,2.304121732711792,2047,2b8c8fd24c772e7965e98ea13f78d4e9308abd536437bfa8c7b4fee91014bb5e
qwen3_4b_base,pq,ZB16,pq_ZB16,1,15,2.3035449981689453,2047,2b8c8fd24c772e7965e98ea13f78d4e9308abd536437bfa8c7b4fee91014bb5e
qwen3_4b_base,pq,S32,pq_S32,1,15,2.3025612831115723,2047,2b8c8fd24c772e7965e98ea13f78d4e9308abd536437bfa8c7b4fee91014bb5e
qwen3_4b_base,pq,Z16,pq_Z16,1,16,2.4110615253448486,2047,2b8c8fd24c772e7965e98ea13f78d4e9308abd536437bfa8c7b4fee91014bb5e
qwen3_4b_base,pq,Z32,pq_Z32,1,16,2.4114153385162354,2047,2b8c8fd24c772e7965e98ea13f78d4e9308abd536437bfa8c7b4fee91014bb5e
qwen3_4b_base,pq,ZB16,pq_ZB16,1,16,2.412555694580078,2047,2b8c8fd24c772e7965e98ea13f78d4e9308abd536437bfa8c7b4fee91014bb5e
qwen3_4b_base,pq,S32,pq_S32,1,16,2.4113683700561523,2047,2b8c8fd24c772e7965e98ea13f78d4e9308abd536437bfa8c7b4fee91014bb5e
qwen3_4b_base,pq,Z16,pq_Z16,1,17,2.237955331802368,2047,2b8c8fd24c772e7965e98ea13f78d4e9308abd536437bfa8c7b4fee91014bb5e
qwen3_4b_base,pq,Z32,pq_Z32,1,17,2.2391483783721924,2047,2b8c8fd24c772e7965e98ea13f78d4e9308abd536437bfa8c7b4fee91014bb5e
qwen3_4b_base,pq,ZB16,pq_ZB16,1,17,2.238903284072876,2047,2b8c8fd24c772e7965e98ea13f78d4e9308abd536437bfa8c7b4fee91014bb5e
qwen3_4b_base,pq,S32,pq_S32,1,17,2.2385928630828857,2047,2b8c8fd24c772e7965e98ea13f78d4e9308abd536437bfa8c7b4fee91014bb5e
qwen3_4b_base,pq,Z16,pq_Z16,1,18,2.0177080631256104,2047,2b8c8fd24c772e7965e98ea13f78d4e9308abd536437bfa8c7b4fee91014bb5e
qwen3_4b_base,pq,Z32,pq_Z32,1,18,2.0183768272399902,2047,2b8c8fd24c772e7965e98ea13f78d4e9308abd536437bfa8c7b4fee91014bb5e
qwen3_4b_base,pq,ZB16,pq_ZB16,1,18,2.0188395977020264,2047,2b8c8fd24c772e7965e98ea13f78d4e9308abd536437bfa8c7b4fee91014bb5e
qwen3_4b_base,pq,S32,pq_S32,1,18,2.018275022506714,2047,2b8c8fd24c772e7965e98ea13f78d4e9308abd536437bfa8c7b4fee91014bb5e
qwen3_4b_base,pq,Z16,pq_Z16,1,19,1.869173288345337,2047,2b8c8fd24c772e7965e98ea13f78d4e9308abd536437bfa8c7b4fee91014bb5e
qwen3_4b_base,pq,Z32,pq_Z32,1,19,1.868014931678772,2047,2b8c8fd24c772e7965e98ea13f78d4e9308abd536437bfa8c7b4fee91014bb5e
qwen3_4b_base,pq,ZB16,pq_ZB16,1,19,1.869248628616333,2047,2b8c8fd24c772e7965e98ea13f78d4e9308abd536437bfa8c7b4fee91014bb5e
qwen3_4b_base,pq,S32,pq_S32,1,19,1.8691954612731934,2047,2b8c8fd24c772e7965e98ea13f78d4e9308abd536437bfa8c7b4fee91014bb5e
qwen3_4b_base,pq,Z16,pq_Z16,1,20,2.0364482402801514,2047,2b8c8fd24c772e7965e98ea13f78d4e9308abd536437bfa8c7b4fee91014bb5e
qwen3_4b_base,pq,Z32,pq_Z32,1,20,2.036231517791748,2047,2b8c8fd24c772e7965e98ea13f78d4e9308abd536437bfa8c7b4fee91014bb5e
qwen3_4b_base,pq,ZB16,pq_ZB16,1,20,2.036611795425415,2047,2b8c8fd24c772e7965e98ea13f78d4e9308abd536437bfa8c7b4fee91014bb5e
qwen3_4b_base,pq,S32,pq_S32,1,20,2.035874843597412,2047,2b8c8fd24c772e7965e98ea13f78d4e9308abd536437bfa8c7b4fee91014bb5e
qwen3_4b_base,pq,Z16,pq_Z16,1,21,2.3015828132629395,2047,2b8c8fd24c772e7965e98ea13f78d4e9308abd536437bfa8c7b4fee91014bb5e
qwen3_4b_base,pq,Z32,pq_Z32,1,21,2.3021399974823,2047,2b8c8fd24c772e7965e98ea13f78d4e9308abd536437bfa8c7b4fee91014bb5e
qwen3_4b_base,pq,ZB16,pq_ZB16,1,21,2.3020620346069336,2047,2b8c8fd24c772e7965e98ea13f78d4e9308abd536437bfa8c7b4fee91014bb5e
qwen3_4b_base,pq,S32,pq_S32,1,21,2.3020942211151123,2047,2b8c8fd24c772e7965e98ea13f78d4e9308abd536437bfa8c7b4fee91014bb5e
qwen3_4b_base,pq,Z16,pq_Z16,1,22,2.048173427581787,2047,2b8c8fd24c772e7965e98ea13f78d4e9308abd536437bfa8c7b4fee91014bb5e
qwen3_4b_base,pq,Z32,pq_Z32,1,22,2.04880952835083,2047,2b8c8fd24c772e7965e98ea13f78d4e9308abd536437bfa8c7b4fee91014bb5e
qwen3_4b_base,pq,ZB16,pq_ZB16,1,22,2.048755168914795,2047,2b8c8fd24c772e7965e98ea13f78d4e9308abd536437bfa8c7b4fee91014bb5e
qwen3_4b_base,pq,S32,pq_S32,1,22,2.048431396484375,2047,2b8c8fd24c772e7965e98ea13f78d4e9308abd536437bfa8c7b4fee91014bb5e
qwen3_4b_base,pq,Z16,pq_Z16,1,23,2.191755771636963,2047,2b8c8fd24c772e7965e98ea13f78d4e9308abd536437bfa8c7b4fee91014bb5e
qwen3_4b_base,pq,Z32,pq_Z32,1,23,2.1922547817230225,2047,2b8c8fd24c772e7965e98ea13f78d4e9308abd536437bfa8c7b4fee91014bb5e
qwen3_4b_base,pq,ZB16,pq_ZB16,1,23,2.1944663524627686,2047,2b8c8fd24c772e7965e98ea13f78d4e9308abd536437bfa8c7b4fee91014bb5e
qwen3_4b_base,pq,S32,pq_S32,1,23,2.193063974380493,2047,2b8c8fd24c772e7965e98ea13f78d4e9308abd536437bfa8c7b4fee91014bb5e
qwen3_4b_base,pq,Z16,pq_Z16,1,24,2.1569807529449463,2047,2b8c8fd24c772e7965e98ea13f78d4e9308abd536437bfa8c7b4fee91014bb5e
qwen3_4b_base,pq,Z32,pq_Z32,1,24,2.1566741466522217,2047,2b8c8fd24c772e7965e98ea13f78d4e9308abd536437bfa8c7b4fee91014bb5e
qwen3_4b_base,pq,ZB16,pq_ZB16,1,24,2.157120704650879,2047,2b8c8fd24c772e7965e98ea13f78d4e9308abd536437bfa8c7b4fee91014bb5e
qwen3_4b_base,pq,S32,pq_S32,1,24,2.1567678451538086,2047,2b8c8fd24c772e7965e98ea13f78d4e9308abd536437bfa8c7b4fee91014bb5e
qwen3_4b_base,pq,Z16,pq_Z16,1,25,2.252847194671631,2047,2b8c8fd24c772e7965e98ea13f78d4e9308abd536437bfa8c7b4fee91014bb5e
qwen3_4b_base,pq,Z32,pq_Z32,1,25,2.253389596939087,2047,2b8c8fd24c772e7965e98ea13f78d4e9308abd536437bfa8c7b4fee91014bb5e
qwen3_4b_base,pq,ZB16,pq_ZB16,1,25,2.252415418624878,2047,2b8c8fd24c772e7965e98ea13f78d4e9308abd536437bfa8c7b4fee91014bb5e
qwen3_4b_base,pq,S32,pq_S32,1,25,2.253014087677002,2047,2b8c8fd24c772e7965e98ea13f78d4e9308abd536437bfa8c7b4fee91014bb5e
qwen3_4b_base,pq,Z16,pq_Z16,1,26,2.3219687938690186,2047,2b8c8fd24c772e7965e98ea13f78d4e9308abd536437bfa8c7b4fee91014bb5e
qwen3_4b_base,pq,Z32,pq_Z32,1,26,2.3222970962524414,2047,2b8c8fd24c772e7965e98ea13f78d4e9308abd536437bfa8c7b4fee91014bb5e
qwen3_4b_base,pq,ZB16,pq_ZB16,1,26,2.3228564262390137,2047,2b8c8fd24c772e7965e98ea13f78d4e9308abd536437bfa8c7b4fee91014bb5e
qwen3_4b_base,pq,S32,pq_S32,1,26,2.3224356174468994,2047,2b8c8fd24c772e7965e98ea13f78d4e9308abd536437bfa8c7b4fee91014bb5e
qwen3_4b_base,pq,Z16,pq_Z16,1,27,2.5117554664611816,2047,2b8c8fd24c772e7965e98ea13f78d4e9308abd536437bfa8c7b4fee91014bb5e
qwen3_4b_base,pq,Z32,pq_Z32,1,27,2.5120627880096436,2047,2b8c8fd24c772e7965e98ea13f78d4e9308abd536437bfa8c7b4fee91014bb5e
qwen3_4b_base,pq,ZB16,pq_ZB16,1,27,2.511261463165283,2047,2b8c8fd24c772e7965e98ea13f78d4e9308abd536437bfa8c7b4fee91014bb5e
qwen3_4b_base,pq,S32,pq_S32,1,27,2.5124404430389404,2047,2b8c8fd24c772e7965e98ea13f78d4e9308abd536437bfa8c7b4fee91014bb5e
qwen3_4b_base,pq,Z16,pq_Z16,1,28,2.2784104347229004,2047,2b8c8fd24c772e7965e98ea13f78d4e9308abd536437bfa8c7b4fee91014bb5e
qwen3_4b_base,pq,Z32,pq_Z32,1,28,2.27860951423645,2047,2b8c8fd24c772e7965e98ea13f78d4e9308abd536437bfa8c7b4fee91014bb5e
qwen3_4b_base,pq,ZB16,pq_ZB16,1,28,2.278024911880493,2047,2b8c8fd24c772e7965e98ea13f78d4e9308abd536437bfa8c7b4fee91014bb5e
qwen3_4b_base,pq,S32,pq_S32,1,28,2.2781920433044434,2047,2b8c8fd24c772e7965e98ea13f78d4e9308abd536437bfa8c7b4fee91014bb5e
qwen3_4b_base,pq,Z16,pq_Z16,1,29,1.879921555519104,2047,2b8c8fd24c772e7965e98ea13f78d4e9308abd536437bfa8c7b4fee91014bb5e
qwen3_4b_base,pq,Z32,pq_Z32,1,29,1.8808531761169434,2047,2b8c8fd24c772e7965e98ea13f78d4e9308abd536437bfa8c7b4fee91014bb5e
qwen3_4b_base,pq,ZB16,pq_ZB16,1,29,1.880155324935913,2047,2b8c8fd24c772e7965e98ea13f78d4e9308abd536437bfa8c7b4fee91014bb5e
qwen3_4b_base,pq,S32,pq_S32,1,29,1.8806389570236206,2047,2b8c8fd24c772e7965e98ea13f78d4e9308abd536437bfa8c7b4fee91014bb5e
qwen3_4b_base,pq,Z16,pq_Z16,1,30,1.8398081064224243,2047,2b8c8fd24c772e7965e98ea13f78d4e9308abd536437bfa8c7b4fee91014bb5e
qwen3_4b_base,pq,Z32,pq_Z32,1,30,1.8405399322509766,2047,2b8c8fd24c772e7965e98ea13f78d4e9308abd536437bfa8c7b4fee91014bb5e
qwen3_4b_base,pq,ZB16,pq_ZB16,1,30,1.8400332927703857,2047,2b8c8fd24c772e7965e98ea13f78d4e9308abd536437bfa8c7b4fee91014bb5e
qwen3_4b_base,pq,S32,pq_S32,1,30,1.840362310409546,2047,2b8c8fd24c772e7965e98ea13f78d4e9308abd536437bfa8c7b4fee91014bb5e
qwen3_4b_base,pq,Z16,pq_Z16,1,31,1.7548630237579346,2047,2b8c8fd24c772e7965e98ea13f78d4e9308abd536437bfa8c7b4fee91014bb5e
qwen3_4b_base,pq,Z32,pq_Z32,1,31,1.7543774843215942,2047,2b8c8fd24c772e7965e98ea13f78d4e9308abd536437bfa8c7b4fee91014bb5e
qwen3_4b_base,pq,ZB16,pq_ZB16,1,31,1.7545071840286255,2047,2b8c8fd24c772e7965e98ea13f78d4e9308abd536437bfa8c7b4fee91014bb5e
qwen3_4b_base,pq,S32,pq_S32,1,31,1.7540053129196167,2047,2b8c8fd24c772e7965e98ea13f78d4e9308abd536437bfa8c7b4fee91014bb5e
qwen3_4b_base,pq,Z16,pq_Z16,1,32,1.5513012409210205,2047,2b8c8fd24c772e7965e98ea13f78d4e9308abd536437bfa8c7b4fee91014bb5e
qwen3_4b_base,pq,Z32,pq_Z32,1,32,1.5510786771774292,2047,2b8c8fd24c772e7965e98ea13f78d4e9308abd536437bfa8c7b4fee91014bb5e
qwen3_4b_base,pq,ZB16,pq_ZB16,1,32,1.5512531995773315,2047,2b8c8fd24c772e7965e98ea13f78d4e9308abd536437bfa8c7b4fee91014bb5e
qwen3_4b_base,pq,S32,pq_S32,1,32,1.5514475107192993,2047,2b8c8fd24c772e7965e98ea13f78d4e9308abd536437bfa8c7b4fee91014bb5e
qwen3_4b_base,pq,Z16,pq_Z16,1,33,2.019029378890991,2047,2b8c8fd24c772e7965e98ea13f78d4e9308abd536437bfa8c7b4fee91014bb5e
qwen3_4b_base,pq,Z32,pq_Z32,1,33,2.0195629596710205,2047,2b8c8fd24c772e7965e98ea13f78d4e9308abd536437bfa8c7b4fee91014bb5e
qwen3_4b_base,pq,ZB16,pq_ZB16,1,33,2.018989324569702,2047,2b8c8fd24c772e7965e98ea13f78d4e9308abd536437bfa8c7b4fee91014bb5e
qwen3_4b_base,pq,S32,pq_S32,1,33,2.0201704502105713,2047,2b8c8fd24c772e7965e98ea13f78d4e9308abd536437bfa8c7b4fee91014bb5e
qwen3_4b_base,pq,Z16,pq_Z16,1,34,1.8970584869384766,2047,2b8c8fd24c772e7965e98ea13f78d4e9308abd536437bfa8c7b4fee91014bb5e
qwen3_4b_base,pq,Z32,pq_Z32,1,34,1.8970253467559814,2047,2b8c8fd24c772e7965e98ea13f78d4e9308abd536437bfa8c7b4fee91014bb5e
qwen3_4b_base,pq,ZB16,pq_ZB16,1,34,1.8961251974105835,2047,2b8c8fd24c772e7965e98ea13f78d4e9308abd536437bfa8c7b4fee91014bb5e
qwen3_4b_base,pq,S32,pq_S32,1,34,1.8983447551727295,2047,2b8c8fd24c772e7965e98ea13f78d4e9308abd536437bfa8c7b4fee91014bb5e
qwen3_4b_base,pq,Z16,pq_Z16,1,35,2.0214383602142334,2047,2b8c8fd24c772e7965e98ea13f78d4e9308abd536437bfa8c7b4fee91014bb5e
qwen3_4b_base,pq,Z32,pq_Z32,1,35,2.0204696655273438,2047,2b8c8fd24c772e7965e98ea13f78d4e9308abd536437bfa8c7b4fee91014bb5e
qwen3_4b_base,pq,ZB16,pq_ZB16,1,35,2.021233558654785,2047,2b8c8fd24c772e7965e98ea13f78d4e9308abd536437bfa8c7b4fee91014bb5e
qwen3_4b_base,pq,S32,pq_S32,1,35,2.0223448276519775,2047,2b8c8fd24c772e7965e98ea13f78d4e9308abd536437bfa8c7b4fee91014bb5e
qwen3_4b_base,pq,Z16,pq_Z16,1,36,1.6444716453552246,2047,2b8c8fd24c772e7965e98ea13f78d4e9308abd536437bfa8c7b4fee91014bb5e
qwen3_4b_base,pq,Z32,pq_Z32,1,36,1.6464179754257202,2047,2b8c8fd24c772e7965e98ea13f78d4e9308abd536437bfa8c7b4fee91014bb5e
qwen3_4b_base,pq,ZB16,pq_ZB16,1,36,1.645382046699524,2047,2b8c8fd24c772e7965e98ea13f78d4e9308abd536437bfa8c7b4fee91014bb5e
qwen3_4b_base,pq,S32,pq_S32,1,36,1.645135760307312,2047,2b8c8fd24c772e7965e98ea13f78d4e9308abd536437bfa8c7b4fee91014bb5e
qwen3_4b_base,pq,Z16,pq_Z16,1,37,1.4646061658859253,2047,2b8c8fd24c772e7965e98ea13f78d4e9308abd536437bfa8c7b4fee91014bb5e
qwen3_4b_base,pq,Z32,pq_Z32,1,37,1.4658374786376953,2047,2b8c8fd24c772e7965e98ea13f78d4e9308abd536437bfa8c7b4fee91014bb5e
qwen3_4b_base,pq,ZB16,pq_ZB16,1,37,1.4644778966903687,2047,2b8c8fd24c772e7965e98ea13f78d4e9308abd536437bfa8c7b4fee91014bb5e
qwen3_4b_base,pq,S32,pq_S32,1,37,1.465287446975708,2047,2b8c8fd24c772e7965e98ea13f78d4e9308abd536437bfa8c7b4fee91014bb5e
qwen3_4b_base,pq,Z16,pq_Z16,1,38,1.5945383310317993,2047,2b8c8fd24c772e7965e98ea13f78d4e9308abd536437bfa8c7b4fee91014bb5e
qwen3_4b_base,pq,Z32,pq_Z32,1,38,1.594546914100647,2047,2b8c8fd24c772e7965e98ea13f78d4e9308abd536437bfa8c7b4fee91014bb5e
qwen3_4b_base,pq,ZB16,pq_ZB16,1,38,1.5951951742172241,2047,2b8c8fd24c772e7965e98ea13f78d4e9308abd536437bfa8c7b4fee91014bb5e
qwen3_4b_base,pq,S32,pq_S32,1,38,1.5941827297210693,2047,2b8c8fd24c772e7965e98ea13f78d4e9308abd536437bfa8c7b4fee91014bb5e
qwen3_4b_base,pq,Z16,pq_Z16,1,39,1.3920433521270752,2047,2b8c8fd24c772e7965e98ea13f78d4e9308abd536437bfa8c7b4fee91014bb5e
qwen3_4b_base,pq,Z32,pq_Z32,1,39,1.3928927183151245,2047,2b8c8fd24c772e7965e98ea13f78d4e9308abd536437bfa8c7b4fee91014bb5e
qwen3_4b_base,pq,ZB16,pq_ZB16,1,39,1.3925485610961914,2047,2b8c8fd24c772e7965e98ea13f78d4e9308abd536437bfa8c7b4fee91014bb5e
qwen3_4b_base,pq,S32,pq_S32,1,39,1.392202615737915,2047,2b8c8fd24c772e7965e98ea13f78d4e9308abd536437bfa8c7b4fee91014bb5e
qwen3_4b_base,pq,Z16,pq_Z16,1,40,1.6273128986358643,2047,2b8c8fd24c772e7965e98ea13f78d4e9308abd536437bfa8c7b4fee91014bb5e
qwen3_4b_base,pq,Z32,pq_Z32,1,40,1.626914143562317,2047,2b8c8fd24c772e7965e98ea13f78d4e9308abd536437bfa8c7b4fee91014bb5e
qwen3_4b_base,pq,ZB16,pq_ZB16,1,40,1.62632417678833,2047,2b8c8fd24c772e7965e98ea13f78d4e9308abd536437bfa8c7b4fee91014bb5e
qwen3_4b_base,pq,S32,pq_S32,1,40,1.6265977621078491,2047,2b8c8fd24c772e7965e98ea13f78d4e9308abd536437bfa8c7b4fee91014bb5e
qwen3_4b_base,pq,Z16,pq_Z16,1,41,2.0067834854125977,2047,2b8c8fd24c772e7965e98ea13f78d4e9308abd536437bfa8c7b4fee91014bb5e
qwen3_4b_base,pq,Z32,pq_Z32,1,41,2.0063843727111816,2047,2b8c8fd24c772e7965e98ea13f78d4e9308abd536437bfa8c7b4fee91014bb5e
qwen3_4b_base,pq,ZB16,pq_ZB16,1,41,2.0058369636535645,2047,2b8c8fd24c772e7965e98ea13f78d4e9308abd536437bfa8c7b4fee91014bb5e
qwen3_4b_base,pq,S32,pq_S32,1,41,2.0062406063079834,2047,2b8c8fd24c772e7965e98ea13f78d4e9308abd536437bfa8c7b4fee91014bb5e
qwen3_4b_base,pq,Z16,pq_Z16,1,42,2.4418883323669434,2047,2b8c8fd24c772e7965e98ea13f78d4e9308abd536437bfa8c7b4fee91014bb5e
qwen3_4b_base,pq,Z32,pq_Z32,1,42,2.443246841430664,2047,2b8c8fd24c772e7965e98ea13f78d4e9308abd536437bfa8c7b4fee91014bb5e
qwen3_4b_base,pq,ZB16,pq_ZB16,1,42,2.443553924560547,2047,2b8c8fd24c772e7965e98ea13f78d4e9308abd536437bfa8c7b4fee91014bb5e
qwen3_4b_base,pq,S32,pq_S32,1,42,2.441620349884033,2047,2b8c8fd24c772e7965e98ea13f78d4e9308abd536437bfa8c7b4fee91014bb5e
qwen3_4b_base,pq,Z16,pq_Z16,1,43,2.662374258041382,2047,2b8c8fd24c772e7965e98ea13f78d4e9308abd536437bfa8c7b4fee91014bb5e
qwen3_4b_base,pq,Z32,pq_Z32,1,43,2.6636221408843994,2047,2b8c8fd24c772e7965e98ea13f78d4e9308abd536437bfa8c7b4fee91014bb5e
qwen3_4b_base,pq,ZB16,pq_ZB16,1,43,2.6625282764434814,2047,2b8c8fd24c772e7965e98ea13f78d4e9308abd536437bfa8c7b4fee91014bb5e
qwen3_4b_base,pq,S32,pq_S32,1,43,2.6621339321136475,2047,2b8c8fd24c772e7965e98ea13f78d4e9308abd536437bfa8c7b4fee91014bb5e
qwen3_4b_base,pq,Z16,pq_Z16,1,44,2.563645839691162,2047,2b8c8fd24c772e7965e98ea13f78d4e9308abd536437bfa8c7b4fee91014bb5e
qwen3_4b_base,pq,Z32,pq_Z32,1,44,2.5641167163848877,2047,2b8c8fd24c772e7965e98ea13f78d4e9308abd536437bfa8c7b4fee91014bb5e
qwen3_4b_base,pq,ZB16,pq_ZB16,1,44,2.564370632171631,2047,2b8c8fd24c772e7965e98ea13f78d4e9308abd536437bfa8c7b4fee91014bb5e
qwen3_4b_base,pq,S32,pq_S32,1,44,2.563857316970825,2047,2b8c8fd24c772e7965e98ea13f78d4e9308abd536437bfa8c7b4fee91014bb5e
qwen3_4b_base,pq,Z16,pq_Z16,1,45,2.3396811485290527,2047,2b8c8fd24c772e7965e98ea13f78d4e9308abd536437bfa8c7b4fee91014bb5e
qwen3_4b_base,pq,Z32,pq_Z32,1,45,2.3398802280426025,2047,2b8c8fd24c772e7965e98ea13f78d4e9308abd536437bfa8c7b4fee91014bb5e
qwen3_4b_base,pq,ZB16,pq_ZB16,1,45,2.3402559757232666,2047,2b8c8fd24c772e7965e98ea13f78d4e9308abd536437bfa8c7b4fee91014bb5e
qwen3_4b_base,pq,S32,pq_S32,1,45,2.3393211364746094,2047,2b8c8fd24c772e7965e98ea13f78d4e9308abd536437bfa8c7b4fee91014bb5e
qwen3_4b_base,pq,Z16,pq_Z16,1,46,2.272343158721924,2047,2b8c8fd24c772e7965e98ea13f78d4e9308abd536437bfa8c7b4fee91014bb5e
qwen3_4b_base,pq,Z32,pq_Z32,1,46,2.271967649459839,2047,2b8c8fd24c772e7965e98ea13f78d4e9308abd536437bfa8c7b4fee91014bb5e
qwen3_4b_base,pq,ZB16,pq_ZB16,1,46,2.271597385406494,2047,2b8c8fd24c772e7965e98ea13f78d4e9308abd536437bfa8c7b4fee91014bb5e
qwen3_4b_base,pq,S32,pq_S32,1,46,2.272665500640869,2047,2b8c8fd24c772e7965e98ea13f78d4e9308abd536437bfa8c7b4fee91014bb5e
qwen3_4b_base,pq,Z16,pq_Z16,1,47,2.3820648193359375,2047,2b8c8fd24c772e7965e98ea13f78d4e9308abd536437bfa8c7b4fee91014bb5e
qwen3_4b_base,pq,Z32,pq_Z32,1,47,2.3838343620300293,2047,2b8c8fd24c772e7965e98ea13f78d4e9308abd536437bfa8c7b4fee91014bb5e
qwen3_4b_base,pq,ZB16,pq_ZB16,1,47,2.38310170173645,2047,2b8c8fd24c772e7965e98ea13f78d4e9308abd536437bfa8c7b4fee91014bb5e
qwen3_4b_base,pq,S32,pq_S32,1,47,2.383612632751465,2047,2b8c8fd24c772e7965e98ea13f78d4e9308abd536437bfa8c7b4fee91014bb5e
qwen3_4b_base,pq,Z16,pq_Z16,1,48,2.3954994678497314,2047,2b8c8fd24c772e7965e98ea13f78d4e9308abd536437bfa8c7b4fee91014bb5e
qwen3_4b_base,pq,Z32,pq_Z32,1,48,2.395261526107788,2047,2b8c8fd24c772e7965e98ea13f78d4e9308abd536437bfa8c7b4fee91014bb5e
qwen3_4b_base,pq,ZB16,pq_ZB16,1,48,2.394200086593628,2047,2b8c8fd24c772e7965e98ea13f78d4e9308abd536437bfa8c7b4fee91014bb5e
qwen3_4b_base,pq,S32,pq_S32,1,48,2.3948419094085693,2047,2b8c8fd24c772e7965e98ea13f78d4e9308abd536437bfa8c7b4fee91014bb5e
qwen3_4b_base,pq,Z16,pq_Z16,1,49,1.96029794216156,2047,2b8c8fd24c772e7965e98ea13f78d4e9308abd536437bfa8c7b4fee91014bb5e
qwen3_4b_base,pq,Z32,pq_Z32,1,49,1.9599390029907227,2047,2b8c8fd24c772e7965e98ea13f78d4e9308abd536437bfa8c7b4fee91014bb5e
qwen3_4b_base,pq,ZB16,pq_ZB16,1,49,1.959850549697876,2047,2b8c8fd24c772e7965e98ea13f78d4e9308abd536437bfa8c7b4fee91014bb5e
qwen3_4b_base,pq,S32,pq_S32,1,49,1.960409164428711,2047,2b8c8fd24c772e7965e98ea13f78d4e9308abd536437bfa8c7b4fee91014bb5e
qwen3_4b_base,pq,Z16,pq_Z16,1,50,2.2610042095184326,2047,2b8c8fd24c772e7965e98ea13f78d4e9308abd536437bfa8c7b4fee91014bb5e
qwen3_4b_base,pq,Z32,pq_Z32,1,50,2.2599871158599854,2047,2b8c8fd24c772e7965e98ea13f78d4e9308abd536437bfa8c7b4fee91014bb5e
qwen3_4b_base,pq,ZB16,pq_ZB16,1,50,2.261277914047241,2047,2b8c8fd24c772e7965e98ea13f78d4e9308abd536437bfa8c7b4fee91014bb5e
qwen3_4b_base,pq,S32,pq_S32,1,50,2.2599096298217773,2047,2b8c8fd24c772e7965e98ea13f78d4e9308abd536437bfa8c7b4fee91014bb5e
qwen3_4b_base,pq,Z16,pq_Z16,1,51,1.924382209777832,2047,2b8c8fd24c772e7965e98ea13f78d4e9308abd536437bfa8c7b4fee91014bb5e
qwen3_4b_base,pq,Z32,pq_Z32,1,51,1.9243643283843994,2047,2b8c8fd24c772e7965e98ea13f78d4e9308abd536437bfa8c7b4fee91014bb5e
qwen3_4b_base,pq,ZB16,pq_ZB16,1,51,1.9235944747924805,2047,2b8c8fd24c772e7965e98ea13f78d4e9308abd536437bfa8c7b4fee91014bb5e
qwen3_4b_base,pq,S32,pq_S32,1,51,1.9229851961135864,2047,2b8c8fd24c772e7965e98ea13f78d4e9308abd536437bfa8c7b4fee91014bb5e
qwen3_4b_base,pq,Z16,pq_Z16,1,52,1.8642404079437256,2047,2b8c8fd24c772e7965e98ea13f78d4e9308abd536437bfa8c7b4fee91014bb5e
qwen3_4b_base,pq,Z32,pq_Z32,1,52,1.8638787269592285,2047,2b8c8fd24c772e7965e98ea13f78d4e9308abd536437bfa8c7b4fee91014bb5e
qwen3_4b_base,pq,ZB16,pq_ZB16,1,52,1.864092469215393,2047,2b8c8fd24c772e7965e98ea13f78d4e9308abd536437bfa8c7b4fee91014bb5e
qwen3_4b_base,pq,S32,pq_S32,1,52,1.8644920587539673,2047,2b8c8fd24c772e7965e98ea13f78d4e9308abd536437bfa8c7b4fee91014bb5e
qwen3_4b_base,pq,Z16,pq_Z16,1,53,1.8010032176971436,2047,2b8c8fd24c772e7965e98ea13f78d4e9308abd536437bfa8c7b4fee91014bb5e
qwen3_4b_base,pq,Z32,pq_Z32,1,53,1.8010669946670532,2047,2b8c8fd24c772e7965e98ea13f78d4e9308abd536437bfa8c7b4fee91014bb5e
qwen3_4b_base,pq,ZB16,pq_ZB16,1,53,1.8003756999969482,2047,2b8c8fd24c772e7965e98ea13f78d4e9308abd536437bfa8c7b4fee91014bb5e
qwen3_4b_base,pq,S32,pq_S32,1,53,1.8015590906143188,2047,2b8c8fd24c772e7965e98ea13f78d4e9308abd536437bfa8c7b4fee91014bb5e
qwen3_4b_base,pq,Z16,pq_Z16,1,54,1.66301691532135,2047,2b8c8fd24c772e7965e98ea13f78d4e9308abd536437bfa8c7b4fee91014bb5e
qwen3_4b_base,pq,Z32,pq_Z32,1,54,1.6627203226089478,2047,2b8c8fd24c772e7965e98ea13f78d4e9308abd536437bfa8c7b4fee91014bb5e
qwen3_4b_base,pq,ZB16,pq_ZB16,1,54,1.6633089780807495,2047,2b8c8fd24c772e7965e98ea13f78d4e9308abd536437bfa8c7b4fee91014bb5e
qwen3_4b_base,pq,S32,pq_S32,1,54,1.6635980606079102,2047,2b8c8fd24c772e7965e98ea13f78d4e9308abd536437bfa8c7b4fee91014bb5e
qwen3_4b_base,pq,Z16,pq_Z16,1,55,1.8317927122116089,2047,2b8c8fd24c772e7965e98ea13f78d4e9308abd536437bfa8c7b4fee91014bb5e
qwen3_4b_base,pq,Z32,pq_Z32,1,55,1.831883192062378,2047,2b8c8fd24c772e7965e98ea13f78d4e9308abd536437bfa8c7b4fee91014bb5e
qwen3_4b_base,pq,ZB16,pq_ZB16,1,55,1.8314231634140015,2047,2b8c8fd24c772e7965e98ea13f78d4e9308abd536437bfa8c7b4fee91014bb5e
qwen3_4b_base,pq,S32,pq_S32,1,55,1.8328255414962769,2047,2b8c8fd24c772e7965e98ea13f78d4e9308abd536437bfa8c7b4fee91014bb5e
qwen3_4b_base,pq,Z16,pq_Z16,1,56,1.6178503036499023,2047,2b8c8fd24c772e7965e98ea13f78d4e9308abd536437bfa8c7b4fee91014bb5e
qwen3_4b_base,pq,Z32,pq_Z32,1,56,1.6177752017974854,2047,2b8c8fd24c772e7965e98ea13f78d4e9308abd536437bfa8c7b4fee91014bb5e
qwen3_4b_base,pq,ZB16,pq_ZB16,1,56,1.6181896924972534,2047,2b8c8fd24c772e7965e98ea13f78d4e9308abd536437bfa8c7b4fee91014bb5e
qwen3_4b_base,pq,S32,pq_S32,1,56,1.6174639463424683,2047,2b8c8fd24c772e7965e98ea13f78d4e9308abd536437bfa8c7b4fee91014bb5e
qwen3_4b_base,pq,Z16,pq_Z16,1,57,1.5444101095199585,2047,2b8c8fd24c772e7965e98ea13f78d4e9308abd536437bfa8c7b4fee91014bb5e
qwen3_4b_base,pq,Z32,pq_Z32,1,57,1.5446481704711914,2047,2b8c8fd24c772e7965e98ea13f78d4e9308abd536437bfa8c7b4fee91014bb5e
qwen3_4b_base,pq,ZB16,pq_ZB16,1,57,1.5462062358856201,2047,2b8c8fd24c772e7965e98ea13f78d4e9308abd536437bfa8c7b4fee91014bb5e
qwen3_4b_base,pq,S32,pq_S32,1,57,1.5436371564865112,2047,2b8c8fd24c772e7965e98ea13f78d4e9308abd536437bfa8c7b4fee91014bb5e
qwen3_4b_base,pq,Z16,pq_Z16,1,58,1.8831396102905273,2047,2b8c8fd24c772e7965e98ea13f78d4e9308abd536437bfa8c7b4fee91014bb5e
qwen3_4b_base,pq,Z32,pq_Z32,1,58,1.8843252658843994,2047,2b8c8fd24c772e7965e98ea13f78d4e9308abd536437bfa8c7b4fee91014bb5e
qwen3_4b_base,pq,ZB16,pq_ZB16,1,58,1.883602261543274,2047,2b8c8fd24c772e7965e98ea13f78d4e9308abd536437bfa8c7b4fee91014bb5e
qwen3_4b_base,pq,S32,pq_S32,1,58,1.8826137781143188,2047,2b8c8fd24c772e7965e98ea13f78d4e9308abd536437bfa8c7b4fee91014bb5e
qwen3_4b_base,pq,Z16,pq_Z16,1,59,1.8373527526855469,2047,2b8c8fd24c772e7965e98ea13f78d4e9308abd536437bfa8c7b4fee91014bb5e
qwen3_4b_base,pq,Z32,pq_Z32,1,59,1.8381675481796265,2047,2b8c8fd24c772e7965e98ea13f78d4e9308abd536437bfa8c7b4fee91014bb5e
qwen3_4b_base,pq,ZB16,pq_ZB16,1,59,1.8382594585418701,2047,2b8c8fd24c772e7965e98ea13f78d4e9308abd536437bfa8c7b4fee91014bb5e
qwen3_4b_base,pq,S32,pq_S32,1,59,1.8366433382034302,2047,2b8c8fd24c772e7965e98ea13f78d4e9308abd536437bfa8c7b4fee91014bb5e
qwen3_4b_base,pq,Z16,pq_Z16,1,60,2.1159489154815674,2047,2b8c8fd24c772e7965e98ea13f78d4e9308abd536437bfa8c7b4fee91014bb5e
qwen3_4b_base,pq,Z32,pq_Z32,1,60,2.116039991378784,2047,2b8c8fd24c772e7965e98ea13f78d4e9308abd536437bfa8c7b4fee91014bb5e
qwen3_4b_base,pq,ZB16,pq_ZB16,1,60,2.116403818130493,2047,2b8c8fd24c772e7965e98ea13f78d4e9308abd536437bfa8c7b4fee91014bb5e
qwen3_4b_base,pq,S32,pq_S32,1,60,2.1159896850585938,2047,2b8c8fd24c772e7965e98ea13f78d4e9308abd536437bfa8c7b4fee91014bb5e
qwen3_4b_base,pq,Z16,pq_Z16,1,61,2.27919602394104,2047,2b8c8fd24c772e7965e98ea13f78d4e9308abd536437bfa8c7b4fee91014bb5e
qwen3_4b_base,pq,Z32,pq_Z32,1,61,2.2787625789642334,2047,2b8c8fd24c772e7965e98ea13f78d4e9308abd536437bfa8c7b4fee91014bb5e
qwen3_4b_base,pq,ZB16,pq_ZB16,1,61,2.278017997741699,2047,2b8c8fd24c772e7965e98ea13f78d4e9308abd536437bfa8c7b4fee91014bb5e
qwen3_4b_base,pq,S32,pq_S32,1,61,2.2785162925720215,2047,2b8c8fd24c772e7965e98ea13f78d4e9308abd536437bfa8c7b4fee91014bb5e
qwen3_4b_base,pq,Z16,pq_Z16,1,62,2.3600220680236816,2047,2b8c8fd24c772e7965e98ea13f78d4e9308abd536437bfa8c7b4fee91014bb5e
qwen3_4b_base,pq,Z32,pq_Z32,1,62,2.3605566024780273,2047,2b8c8fd24c772e7965e98ea13f78d4e9308abd536437bfa8c7b4fee91014bb5e
qwen3_4b_base,pq,ZB16,pq_ZB16,1,62,2.3606908321380615,2047,2b8c8fd24c772e7965e98ea13f78d4e9308abd536437bfa8c7b4fee91014bb5e
qwen3_4b_base,pq,S32,pq_S32,1,62,2.3597662448883057,2047,2b8c8fd24c772e7965e98ea13f78d4e9308abd536437bfa8c7b4fee91014bb5e
qwen3_4b_base,pq,Z16,pq_Z16,1,63,2.614027500152588,2047,2b8c8fd24c772e7965e98ea13f78d4e9308abd536437bfa8c7b4fee91014bb5e
qwen3_4b_base,pq,Z32,pq_Z32,1,63,2.613696813583374,2047,2b8c8fd24c772e7965e98ea13f78d4e9308abd536437bfa8c7b4fee91014bb5e
qwen3_4b_base,pq,ZB16,pq_ZB16,1,63,2.6138389110565186,2047,2b8c8fd24c772e7965e98ea13f78d4e9308abd536437bfa8c7b4fee91014bb5e
qwen3_4b_base,pq,S32,pq_S32,1,63,2.6135809421539307,2047,2b8c8fd24c772e7965e98ea13f78d4e9308abd536437bfa8c7b4fee91014bb5e
qwen3_4b_base,pq,Z16,pq_Z16,2,0,1.8043252229690552,2047,2b8c8fd24c772e7965e98ea13f78d4e9308abd536437bfa8c7b4fee91014bb5e
qwen3_4b_base,pq,Z32,pq_Z32,2,0,1.80386483669281,2047,2b8c8fd24c772e7965e98ea13f78d4e9308abd536437bfa8c7b4fee91014bb5e
qwen3_4b_base,pq,ZB16,pq_ZB16,2,0,1.8038597106933594,2047,2b8c8fd24c772e7965e98ea13f78d4e9308abd536437bfa8c7b4fee91014bb5e
qwen3_4b_base,pq,S32,pq_S32,2,0,1.8039278984069824,2047,2b8c8fd24c772e7965e98ea13f78d4e9308abd536437bfa8c7b4fee91014bb5e
qwen3_4b_base,pq,Z16,pq_Z16,2,1,2.261406660079956,2047,2b8c8fd24c772e7965e98ea13f78d4e9308abd536437bfa8c7b4fee91014bb5e
qwen3_4b_base,pq,Z32,pq_Z32,2,1,2.262129783630371,2047,2b8c8fd24c772e7965e98ea13f78d4e9308abd536437bfa8c7b4fee91014bb5e
qwen3_4b_base,pq,ZB16,pq_ZB16,2,1,2.260103464126587,2047,2b8c8fd24c772e7965e98ea13f78d4e9308abd536437bfa8c7b4fee91014bb5e
qwen3_4b_base,pq,S32,pq_S32,2,1,2.261014223098755,2047,2b8c8fd24c772e7965e98ea13f78d4e9308abd536437bfa8c7b4fee91014bb5e
qwen3_4b_base,pq,Z16,pq_Z16,2,2,2.447530746459961,2047,2b8c8fd24c772e7965e98ea13f78d4e9308abd536437bfa8c7b4fee91014bb5e
qwen3_4b_base,pq,Z32,pq_Z32,2,2,2.4477312564849854,2047,2b8c8fd24c772e7965e98ea13f78d4e9308abd536437bfa8c7b4fee91014bb5e
qwen3_4b_base,pq,ZB16,pq_ZB16,2,2,2.44746470451355,2047,2b8c8fd24c772e7965e98ea13f78d4e9308abd536437bfa8c7b4fee91014bb5e
qwen3_4b_base,pq,S32,pq_S32,2,2,2.4483799934387207,2047,2b8c8fd24c772e7965e98ea13f78d4e9308abd536437bfa8c7b4fee91014bb5e
qwen3_4b_base,pq,Z16,pq_Z16,2,3,2.1879632472991943,2047,2b8c8fd24c772e7965e98ea13f78d4e9308abd536437bfa8c7b4fee91014bb5e
qwen3_4b_base,pq,Z32,pq_Z32,2,3,2.187101364135742,2047,2b8c8fd24c772e7965e98ea13f78d4e9308abd536437bfa8c7b4fee91014bb5e
qwen3_4b_base,pq,ZB16,pq_ZB16,2,3,2.1888606548309326,2047,2b8c8fd24c772e7965e98ea13f78d4e9308abd536437bfa8c7b4fee91014bb5e
qwen3_4b_base,pq,S32,pq_S32,2,3,2.188319206237793,2047,2b8c8fd24c772e7965e98ea13f78d4e9308abd536437bfa8c7b4fee91014bb5e
qwen3_4b_base,pq,Z16,pq_Z16,2,4,1.9602549076080322,2047,2b8c8fd24c772e7965e98ea13f78d4e9308abd536437bfa8c7b4fee91014bb5e
qwen3_4b_base,pq,Z32,pq_Z32,2,4,1.9605693817138672,2047,2b8c8fd24c772e7965e98ea13f78d4e9308abd536437bfa8c7b4fee91014bb5e
qwen3_4b_base,pq,ZB16,pq_ZB16,2,4,1.9601256847381592,2047,2b8c8fd24c772e7965e98ea13f78d4e9308abd536437bfa8c7b4fee91014bb5e
qwen3_4b_base,pq,S32,pq_S32,2,4,1.960970163345337,2047,2b8c8fd24c772e7965e98ea13f78d4e9308abd536437bfa8c7b4fee91014bb5e
qwen3_4b_base,pq,Z16,pq_Z16,2,5,1.5250076055526733,2047,2b8c8fd24c772e7965e98ea13f78d4e9308abd536437bfa8c7b4fee91014bb5e
qwen3_4b_base,pq,Z32,pq_Z32,2,5,1.5250475406646729,2047,2b8c8fd24c772e7965e98ea13f78d4e9308abd536437bfa8c7b4fee91014bb5e
qwen3_4b_base,pq,ZB16,pq_ZB16,2,5,1.524572730064392,2047,2b8c8fd24c772e7965e98ea13f78d4e9308abd536437bfa8c7b4fee91014bb5e
qwen3_4b_base,pq,S32,pq_S32,2,5,1.5236282348632812,2047,2b8c8fd24c772e7965e98ea13f78d4e9308abd536437bfa8c7b4fee91014bb5e
qwen3_4b_base,pq,Z16,pq_Z16,2,6,1.304964542388916,2047,2b8c8fd24c772e7965e98ea13f78d4e9308abd536437bfa8c7b4fee91014bb5e
qwen3_4b_base,pq,Z32,pq_Z32,2,6,1.3052399158477783,2047,2b8c8fd24c772e7965e98ea13f78d4e9308abd536437bfa8c7b4fee91014bb5e
qwen3_4b_base,pq,ZB16,pq_ZB16,2,6,1.3049551248550415,2047,2b8c8fd24c772e7965e98ea13f78d4e9308abd536437bfa8c7b4fee91014bb5e
qwen3_4b_base,pq,S32,pq_S32,2,6,1.3050042390823364,2047,2b8c8fd24c772e7965e98ea13f78d4e9308abd536437bfa8c7b4fee91014bb5e
qwen3_4b_base,pq,Z16,pq_Z16,2,7,1.8900680541992188,2047,2b8c8fd24c772e7965e98ea13f78d4e9308abd536437bfa8c7b4fee91014bb5e
qwen3_4b_base,pq,Z32,pq_Z32,2,7,1.8907759189605713,2047,2b8c8fd24c772e7965e98ea13f78d4e9308abd536437bfa8c7b4fee91014bb5e
qwen3_4b_base,pq,ZB16,pq_ZB16,2,7,1.8904474973678589,2047,2b8c8fd24c772e7965e98ea13f78d4e9308abd536437bfa8c7b4fee91014bb5e
qwen3_4b_base,pq,S32,pq_S32,2,7,1.8903518915176392,2047,2b8c8fd24c772e7965e98ea13f78d4e9308abd536437bfa8c7b4fee91014bb5e
qwen3_4b_base,pq,Z16,pq_Z16,2,8,2.10563325881958,2047,2b8c8fd24c772e7965e98ea13f78d4e9308abd536437bfa8c7b4fee91014bb5e
qwen3_4b_base,pq,Z32,pq_Z32,2,8,2.1053714752197266,2047,2b8c8fd24c772e7965e98ea13f78d4e9308abd536437bfa8c7b4fee91014bb5e
qwen3_4b_base,pq,ZB16,pq_ZB16,2,8,2.104619026184082,2047,2b8c8fd24c772e7965e98ea13f78d4e9308abd536437bfa8c7b4fee91014bb5e
qwen3_4b_base,pq,S32,pq_S32,2,8,2.1054768562316895,2047,2b8c8fd24c772e7965e98ea13f78d4e9308abd536437bfa8c7b4fee91014bb5e
qwen3_4b_base,pq,Z16,pq_Z16,2,9,2.182159423828125,2047,2b8c8fd24c772e7965e98ea13f78d4e9308abd536437bfa8c7b4fee91014bb5e
qwen3_4b_base,pq,Z32,pq_Z32,2,9,2.1828668117523193,2047,2b8c8fd24c772e7965e98ea13f78d4e9308abd536437bfa8c7b4fee91014bb5e
qwen3_4b_base,pq,ZB16,pq_ZB16,2,9,2.182384490966797,2047,2b8c8fd24c772e7965e98ea13f78d4e9308abd536437bfa8c7b4fee91014bb5e
qwen3_4b_base,pq,S32,pq_S32,2,9,2.182798385620117,2047,2b8c8fd24c772e7965e98ea13f78d4e9308abd536437bfa8c7b4fee91014bb5e
qwen3_4b_base,pq,Z16,pq_Z16,2,10,2.0644938945770264,2047,2b8c8fd24c772e7965e98ea13f78d4e9308abd536437bfa8c7b4fee91014bb5e
qwen3_4b_base,pq,Z32,pq_Z32,2,10,2.06400203704834,2047,2b8c8fd24c772e7965e98ea13f78d4e9308abd536437bfa8c7b4fee91014bb5e
qwen3_4b_base,pq,ZB16,pq_ZB16,2,10,2.06337571144104,2047,2b8c8fd24c772e7965e98ea13f78d4e9308abd536437bfa8c7b4fee91014bb5e
qwen3_4b_base,pq,S32,pq_S32,2,10,2.0630574226379395,2047,2b8c8fd24c772e7965e98ea13f78d4e9308abd536437bfa8c7b4fee91014bb5e
qwen3_4b_base,pq,Z16,pq_Z16,2,11,2.123406171798706,2047,2b8c8fd24c772e7965e98ea13f78d4e9308abd536437bfa8c7b4fee91014bb5e
qwen3_4b_base,pq,Z32,pq_Z32,2,11,2.1237282752990723,2047,2b8c8fd24c772e7965e98ea13f78d4e9308abd536437bfa8c7b4fee91014bb5e
qwen3_4b_base,pq,ZB16,pq_ZB16,2,11,2.123206615447998,2047,2b8c8fd24c772e7965e98ea13f78d4e9308abd536437bfa8c7b4fee91014bb5e
qwen3_4b_base,pq,S32,pq_S32,2,11,2.1229043006896973,2047,2b8c8fd24c772e7965e98ea13f78d4e9308abd536437bfa8c7b4fee91014bb5e
qwen3_4b_base,pq,Z16,pq_Z16,2,12,2.0885744094848633,2047,2b8c8fd24c772e7965e98ea13f78d4e9308abd536437bfa8c7b4fee91014bb5e
qwen3_4b_base,pq,Z32,pq_Z32,2,12,2.088322162628174,2047,2b8c8fd24c772e7965e98ea13f78d4e9308abd536437bfa8c7b4fee91014bb5e
qwen3_4b_base,pq,ZB16,pq_ZB16,2,12,2.087677478790283,2047,2b8c8fd24c772e7965e98ea13f78d4e9308abd536437bfa8c7b4fee91014bb5e
qwen3_4b_base,pq,S32,pq_S32,2,12,2.0879993438720703,2047,2b8c8fd24c772e7965e98ea13f78d4e9308abd536437bfa8c7b4fee91014bb5e
qwen3_4b_base,pq,Z16,pq_Z16,2,13,2.251715660095215,2047,2b8c8fd24c772e7965e98ea13f78d4e9308abd536437bfa8c7b4fee91014bb5e
qwen3_4b_base,pq,Z32,pq_Z32,2,13,2.2525107860565186,2047,2b8c8fd24c772e7965e98ea13f78d4e9308abd536437bfa8c7b4fee91014bb5e
qwen3_4b_base,pq,ZB16,pq_ZB16,2,13,2.2515430450439453,2047,2b8c8fd24c772e7965e98ea13f78d4e9308abd536437bfa8c7b4fee91014bb5e
qwen3_4b_base,pq,S32,pq_S32,2,13,2.2521872520446777,2047,2b8c8fd24c772e7965e98ea13f78d4e9308abd536437bfa8c7b4fee91014bb5e
qwen3_4b_base,pq,Z16,pq_Z16,2,14,2.1728873252868652,2047,2b8c8fd24c772e7965e98ea13f78d4e9308abd536437bfa8c7b4fee91014bb5e
qwen3_4b_base,pq,Z32,pq_Z32,2,14,2.1721115112304688,2047,2b8c8fd24c772e7965e98ea13f78d4e9308abd536437bfa8c7b4fee91014bb5e
qwen3_4b_base,pq,ZB16,pq_ZB16,2,14,2.1720845699310303,2047,2b8c8fd24c772e7965e98ea13f78d4e9308abd536437bfa8c7b4fee91014bb5e
qwen3_4b_base,pq,S32,pq_S32,2,14,2.1724209785461426,2047,2b8c8fd24c772e7965e98ea13f78d4e9308abd536437bfa8c7b4fee91014bb5e
qwen3_4b_base,pq,Z16,pq_Z16,2,15,2.311021327972412,2047,2b8c8fd24c772e7965e98ea13f78d4e9308abd536437bfa8c7b4fee91014bb5e
qwen3_4b_base,pq,Z32,pq_Z32,2,15,2.3119957447052,2047,2b8c8fd24c772e7965e98ea13f78d4e9308abd536437bfa8c7b4fee91014bb5e
qwen3_4b_base,pq,ZB16,pq_ZB16,2,15,2.312755584716797,2047,2b8c8fd24c772e7965e98ea13f78d4e9308abd536437bfa8c7b4fee91014bb5e
qwen3_4b_base,pq,S32,pq_S32,2,15,2.3129022121429443,2047,2b8c8fd24c772e7965e98ea13f78d4e9308abd536437bfa8c7b4fee91014bb5e
qwen3_4b_base,pq,Z16,pq_Z16,2,16,2.413262128829956,2047,2b8c8fd24c772e7965e98ea13f78d4e9308abd536437bfa8c7b4fee91014bb5e
qwen3_4b_base,pq,Z32,pq_Z32,2,16,2.4137094020843506,2047,2b8c8fd24c772e7965e98ea13f78d4e9308abd536437bfa8c7b4fee91014bb5e
qwen3_4b_base,pq,ZB16,pq_ZB16,2,16,2.4152464866638184,2047,2b8c8fd24c772e7965e98ea13f78d4e9308abd536437bfa8c7b4fee91014bb5e
qwen3_4b_base,pq,S32,pq_S32,2,16,2.4139041900634766,2047,2b8c8fd24c772e7965e98ea13f78d4e9308abd536437bfa8c7b4fee91014bb5e
qwen3_4b_base,pq,Z16,pq_Z16,2,17,2.2397379875183105,2047,2b8c8fd24c772e7965e98ea13f78d4e9308abd536437bfa8c7b4fee91014bb5e
qwen3_4b_base,pq,Z32,pq_Z32,2,17,2.239753246307373,2047,2b8c8fd24c772e7965e98ea13f78d4e9308abd536437bfa8c7b4fee91014bb5e
qwen3_4b_base,pq,ZB16,pq_ZB16,2,17,2.239422082901001,2047,2b8c8fd24c772e7965e98ea13f78d4e9308abd536437bfa8c7b4fee91014bb5e
qwen3_4b_base,pq,S32,pq_S32,2,17,2.2401251792907715,2047,2b8c8fd24c772e7965e98ea13f78d4e9308abd536437bfa8c7b4fee91014bb5e
qwen3_4b_base,pq,Z16,pq_Z16,2,18,2.0180411338806152,2047,2b8c8fd24c772e7965e98ea13f78d4e9308abd536437bfa8c7b4fee91014bb5e
qwen3_4b_base,pq,Z32,pq_Z32,2,18,2.017652988433838,2047,2b8c8fd24c772e7965e98ea13f78d4e9308abd536437bfa8c7b4fee91014bb5e
qwen3_4b_base,pq,ZB16,pq_ZB16,2,18,2.0174918174743652,2047,2b8c8fd24c772e7965e98ea13f78d4e9308abd536437bfa8c7b4fee91014bb5e
qwen3_4b_base,pq,S32,pq_S32,2,18,2.01698899269104,2047,2b8c8fd24c772e7965e98ea13f78d4e9308abd536437bfa8c7b4fee91014bb5e
qwen3_4b_base,pq,Z16,pq_Z16,2,19,1.8689988851547241,2047,2b8c8fd24c772e7965e98ea13f78d4e9308abd536437bfa8c7b4fee91014bb5e
qwen3_4b_base,pq,Z32,pq_Z32,2,19,1.8680635690689087,2047,2b8c8fd24c772e7965e98ea13f78d4e9308abd536437bfa8c7b4fee91014bb5e
qwen3_4b_base,pq,ZB16,pq_ZB16,2,19,1.8682323694229126,2047,2b8c8fd24c772e7965e98ea13f78d4e9308abd536437bfa8c7b4fee91014bb5e
qwen3_4b_base,pq,S32,pq_S32,2,19,1.8685050010681152,2047,2b8c8fd24c772e7965e98ea13f78d4e9308abd536437bfa8c7b4fee91014bb5e
qwen3_4b_base,pq,Z16,pq_Z16,2,20,2.032240867614746,2047,2b8c8fd24c772e7965e98ea13f78d4e9308abd536437bfa8c7b4fee91014bb5e
qwen3_4b_base,pq,Z32,pq_Z32,2,20,2.030921459197998,2047,2b8c8fd24c772e7965e98ea13f78d4e9308abd536437bfa8c7b4fee91014bb5e
qwen3_4b_base,pq,ZB16,pq_ZB16,2,20,2.031181573867798,2047,2b8c8fd24c772e7965e98ea13f78d4e9308abd536437bfa8c7b4fee91014bb5e
qwen3_4b_base,pq,S32,pq_S32,2,20,2.0311243534088135,2047,2b8c8fd24c772e7965e98ea13f78d4e9308abd536437bfa8c7b4fee91014bb5e
qwen3_4b_base,pq,Z16,pq_Z16,2,21,2.303344488143921,2047,2b8c8fd24c772e7965e98ea13f78d4e9308abd536437bfa8c7b4fee91014bb5e
qwen3_4b_base,pq,Z32,pq_Z32,2,21,2.3038454055786133,2047,2b8c8fd24c772e7965e98ea13f78d4e9308abd536437bfa8c7b4fee91014bb5e
qwen3_4b_base,pq,ZB16,pq_ZB16,2,21,2.3044753074645996,2047,2b8c8fd24c772e7965e98ea13f78d4e9308abd536437bfa8c7b4fee91014bb5e
qwen3_4b_base,pq,S32,pq_S32,2,21,2.3036060333251953,2047,2b8c8fd24c772e7965e98ea13f78d4e9308abd536437bfa8c7b4fee91014bb5e
qwen3_4b_base,pq,Z16,pq_Z16,2,22,2.0519840717315674,2047,2b8c8fd24c772e7965e98ea13f78d4e9308abd536437bfa8c7b4fee91014bb5e
qwen3_4b_base,pq,Z32,pq_Z32,2,22,2.0515341758728027,2047,2b8c8fd24c772e7965e98ea13f78d4e9308abd536437bfa8c7b4fee91014bb5e
qwen3_4b_base,pq,ZB16,pq_ZB16,2,22,2.051464557647705,2047,2b8c8fd24c772e7965e98ea13f78d4e9308abd536437bfa8c7b4fee91014bb5e
qwen3_4b_base,pq,S32,pq_S32,2,22,2.051870346069336,2047,2b8c8fd24c772e7965e98ea13f78d4e9308abd536437bfa8c7b4fee91014bb5e
qwen3_4b_base,pq,Z16,pq_Z16,2,23,2.2052459716796875,2047,2b8c8fd24c772e7965e98ea13f78d4e9308abd536437bfa8c7b4fee91014bb5e
qwen3_4b_base,pq,Z32,pq_Z32,2,23,2.2061619758605957,2047,2b8c8fd24c772e7965e98ea13f78d4e9308abd536437bfa8c7b4fee91014bb5e
qwen3_4b_base,pq,ZB16,pq_ZB16,2,23,2.205002546310425,2047,2b8c8fd24c772e7965e98ea13f78d4e9308abd536437bfa8c7b4fee91014bb5e
qwen3_4b_base,pq,S32,pq_S32,2,23,2.2047741413116455,2047,2b8c8fd24c772e7965e98ea13f78d4e9308abd536437bfa8c7b4fee91014bb5e
qwen3_4b_base,pq,Z16,pq_Z16,2,24,2.1571171283721924,2047,2b8c8fd24c772e7965e98ea13f78d4e9308abd536437bfa8c7b4fee91014bb5e
qwen3_4b_base,pq,Z32,pq_Z32,2,24,2.1586086750030518,2047,2b8c8fd24c772e7965e98ea13f78d4e9308abd536437bfa8c7b4fee91014bb5e
qwen3_4b_base,pq,ZB16,pq_ZB16,2,24,2.1570546627044678,2047,2b8c8fd24c772e7965e98ea13f78d4e9308abd536437bfa8c7b4fee91014bb5e
qwen3_4b_base,pq,S32,pq_S32,2,24,2.158383369445801,2047,2b8c8fd24c772e7965e98ea13f78d4e9308abd536437bfa8c7b4fee91014bb5e
qwen3_4b_base,pq,Z16,pq_Z16,2,25,2.2461977005004883,2047,2b8c8fd24c772e7965e98ea13f78d4e9308abd536437bfa8c7b4fee91014bb5e
qwen3_4b_base,pq,Z32,pq_Z32,2,25,2.244946002960205,2047,2b8c8fd24c772e7965e98ea13f78d4e9308abd536437bfa8c7b4fee91014bb5e
qwen3_4b_base,pq,ZB16,pq_ZB16,2,25,2.246623992919922,2047,2b8c8fd24c772e7965e98ea13f78d4e9308abd536437bfa8c7b4fee91014bb5e
qwen3_4b_base,pq,S32,pq_S32,2,25,2.2457828521728516,2047,2b8c8fd24c772e7965e98ea13f78d4e9308abd536437bfa8c7b4fee91014bb5e
qwen3_4b_base,pq,Z16,pq_Z16,2,26,2.3212194442749023,2047,2b8c8fd24c772e7965e98ea13f78d4e9308abd536437bfa8c7b4fee91014bb5e
qwen3_4b_base,pq,Z32,pq_Z32,2,26,2.322711229324341,2047,2b8c8fd24c772e7965e98ea13f78d4e9308abd536437bfa8c7b4fee91014bb5e
qwen3_4b_base,pq,ZB16,pq_ZB16,2,26,2.322707176208496,2047,2b8c8fd24c772e7965e98ea13f78d4e9308abd536437bfa8c7b4fee91014bb5e
qwen3_4b_base,pq,S32,pq_S32,2,26,2.3218042850494385,2047,2b8c8fd24c772e7965e98ea13f78d4e9308abd536437bfa8c7b4fee91014bb5e
qwen3_4b_base,pq,Z16,pq_Z16,2,27,2.5188686847686768,2047,2b8c8fd24c772e7965e98ea13f78d4e9308abd536437bfa8c7b4fee91014bb5e
qwen3_4b_base,pq,Z32,pq_Z32,2,27,2.519124746322632,2047,2b8c8fd24c772e7965e98ea13f78d4e9308abd536437bfa8c7b4fee91014bb5e
qwen3_4b_base,pq,ZB16,pq_ZB16,2,27,2.518876314163208,2047,2b8c8fd24c772e7965e98ea13f78d4e9308abd536437bfa8c7b4fee91014bb5e
qwen3_4b_base,pq,S32,pq_S32,2,27,2.5188968181610107,2047,2b8c8fd24c772e7965e98ea13f78d4e9308abd536437bfa8c7b4fee91014bb5e
qwen3_4b_base,pq,Z16,pq_Z16,2,28,2.2634012699127197,2047,2b8c8fd24c772e7965e98ea13f78d4e9308abd536437bfa8c7b4fee91014bb5e
qwen3_4b_base,pq,Z32,pq_Z32,2,28,2.2644104957580566,2047,2b8c8fd24c772e7965e98ea13f78d4e9308abd536437bfa8c7b4fee91014bb5e
qwen3_4b_base,pq,ZB16,pq_ZB16,2,28,2.2647809982299805,2047,2b8c8fd24c772e7965e98ea13f78d4e9308abd536437bfa8c7b4fee91014bb5e
qwen3_4b_base,pq,S32,pq_S32,2,28,2.262655735015869,2047,2b8c8fd24c772e7965e98ea13f78d4e9308abd536437bfa8c7b4fee91014bb5e
qwen3_4b_base,pq,Z16,pq_Z16,2,29,1.8842449188232422,2047,2b8c8fd24c772e7965e98ea13f78d4e9308abd536437bfa8c7b4fee91014bb5e
qwen3_4b_base,pq,Z32,pq_Z32,2,29,1.8831080198287964,2047,2b8c8fd24c772e7965e98ea13f78d4e9308abd536437bfa8c7b4fee91014bb5e
qwen3_4b_base,pq,ZB16,pq_ZB16,2,29,1.884089708328247,2047,2b8c8fd24c772e7965e98ea13f78d4e9308abd536437bfa8c7b4fee91014bb5e
qwen3_4b_base,pq,S32,pq_S32,2,29,1.883815884590149,2047,2b8c8fd24c772e7965e98ea13f78d4e9308abd536437bfa8c7b4fee91014bb5e
qwen3_4b_base,pq,Z16,pq_Z16,2,30,1.8372246026992798,2047,2b8c8fd24c772e7965e98ea13f78d4e9308abd536437bfa8c7b4fee91014bb5e
qwen3_4b_base,pq,Z32,pq_Z32,2,30,1.8376747369766235,2047,2b8c8fd24c772e7965e98ea13f78d4e9308abd536437bfa8c7b4fee91014bb5e
qwen3_4b_base,pq,ZB16,pq_ZB16,2,30,1.8361424207687378,2047,2b8c8fd24c772e7965e98ea13f78d4e9308abd536437bfa8c7b4fee91014bb5e
qwen3_4b_base,pq,S32,pq_S32,2,30,1.8370661735534668,2047,2b8c8fd24c772e7965e98ea13f78d4e9308abd536437bfa8c7b4fee91014bb5e
qwen3_4b_base,pq,Z16,pq_Z16,2,31,1.7446988821029663,2047,2b8c8fd24c772e7965e98ea13f78d4e9308abd536437bfa8c7b4fee91014bb5e
qwen3_4b_base,pq,Z32,pq_Z32,2,31,1.7451997995376587,2047,2b8c8fd24c772e7965e98ea13f78d4e9308abd536437bfa8c7b4fee91014bb5e
qwen3_4b_base,pq,ZB16,pq_ZB16,2,31,1.7454789876937866,2047,2b8c8fd24c772e7965e98ea13f78d4e9308abd536437bfa8c7b4fee91014bb5e
qwen3_4b_base,pq,S32,pq_S32,2,31,1.7445976734161377,2047,2b8c8fd24c772e7965e98ea13f78d4e9308abd536437bfa8c7b4fee91014bb5e
qwen3_4b_base,pq,Z16,pq_Z16,2,32,1.5506566762924194,2047,2b8c8fd24c772e7965e98ea13f78d4e9308abd536437bfa8c7b4fee91014bb5e
qwen3_4b_base,pq,Z32,pq_Z32,2,32,1.5502827167510986,2047,2b8c8fd24c772e7965e98ea13f78d4e9308abd536437bfa8c7b4fee91014bb5e
qwen3_4b_base,pq,ZB16,pq_ZB16,2,32,1.551422357559204,2047,2b8c8fd24c772e7965e98ea13f78d4e9308abd536437bfa8c7b4fee91014bb5e
qwen3_4b_base,pq,S32,pq_S32,2,32,1.5498671531677246,2047,2b8c8fd24c772e7965e98ea13f78d4e9308abd536437bfa8c7b4fee91014bb5e
qwen3_4b_base,pq,Z16,pq_Z16,2,33,2.006859302520752,2047,2b8c8fd24c772e7965e98ea13f78d4e9308abd536437bfa8c7b4fee91014bb5e
qwen3_4b_base,pq,Z32,pq_Z32,2,33,2.006164789199829,2047,2b8c8fd24c772e7965e98ea13f78d4e9308abd536437bfa8c7b4fee91014bb5e
qwen3_4b_base,pq,ZB16,pq_ZB16,2,33,2.0068655014038086,2047,2b8c8fd24c772e7965e98ea13f78d4e9308abd536437bfa8c7b4fee91014bb5e
qwen3_4b_base,pq,S32,pq_S32,2,33,2.0068445205688477,2047,2b8c8fd24c772e7965e98ea13f78d4e9308abd536437bfa8c7b4fee91014bb5e
qwen3_4b_base,pq,Z16,pq_Z16,2,34,1.9063916206359863,2047,2b8c8fd24c772e7965e98ea13f78d4e9308abd536437bfa8c7b4fee91014bb5e
qwen3_4b_base,pq,Z32,pq_Z32,2,34,1.907121181488037,2047,2b8c8fd24c772e7965e98ea13f78d4e9308abd536437bfa8c7b4fee91014bb5e
qwen3_4b_base,pq,ZB16,pq_ZB16,2,34,1.907487154006958,2047,2b8c8fd24c772e7965e98ea13f78d4e9308abd536437bfa8c7b4fee91014bb5e
qwen3_4b_base,pq,S32,pq_S32,2,34,1.9062049388885498,2047,2b8c8fd24c772e7965e98ea13f78d4e9308abd536437bfa8c7b4fee91014bb5e
qwen3_4b_base,pq,Z16,pq_Z16,2,35,2.021488666534424,2047,2b8c8fd24c772e7965e98ea13f78d4e9308abd536437bfa8c7b4fee91014bb5e
qwen3_4b_base,pq,Z32,pq_Z32,2,35,2.0210444927215576,2047,2b8c8fd24c772e7965e98ea13f78d4e9308abd536437bfa8c7b4fee91014bb5e
qwen3_4b_base,pq,ZB16,pq_ZB16,2,35,2.021535634994507,2047,2b8c8fd24c772e7965e98ea13f78d4e9308abd536437bfa8c7b4fee91014bb5e
qwen3_4b_base,pq,S32,pq_S32,2,35,2.0212454795837402,2047,2b8c8fd24c772e7965e98ea13f78d4e9308abd536437bfa8c7b4fee91014bb5e
qwen3_4b_base,pq,Z16,pq_Z16,2,36,1.6405376195907593,2047,2b8c8fd24c772e7965e98ea13f78d4e9308abd536437bfa8c7b4fee91014bb5e
qwen3_4b_base,pq,Z32,pq_Z32,2,36,1.6404942274093628,2047,2b8c8fd24c772e7965e98ea13f78d4e9308abd536437bfa8c7b4fee91014bb5e
qwen3_4b_base,pq,ZB16,pq_ZB16,2,36,1.641221284866333,2047,2b8c8fd24c772e7965e98ea13f78d4e9308abd536437bfa8c7b4fee91014bb5e
qwen3_4b_base,pq,S32,pq_S32,2,36,1.6407274007797241,2047,2b8c8fd24c772e7965e98ea13f78d4e9308abd536437bfa8c7b4fee91014bb5e
qwen3_4b_base,pq,Z16,pq_Z16,2,37,1.454228162765503,2047,2b8c8fd24c772e7965e98ea13f78d4e9308abd536437bfa8c7b4fee91014bb5e
qwen3_4b_base,pq,Z32,pq_Z32,2,37,1.4560346603393555,2047,2b8c8fd24c772e7965e98ea13f78d4e9308abd536437bfa8c7b4fee91014bb5e
qwen3_4b_base,pq,ZB16,pq_ZB16,2,37,1.455094575881958,2047,2b8c8fd24c772e7965e98ea13f78d4e9308abd536437bfa8c7b4fee91014bb5e
qwen3_4b_base,pq,S32,pq_S32,2,37,1.4555065631866455,2047,2b8c8fd24c772e7965e98ea13f78d4e9308abd536437bfa8c7b4fee91014bb5e
qwen3_4b_base,pq,Z16,pq_Z16,2,38,1.5868053436279297,2047,2b8c8fd24c772e7965e98ea13f78d4e9308abd536437bfa8c7b4fee91014bb5e
qwen3_4b_base,pq,Z32,pq_Z32,2,38,1.5862957239151,2047,2b8c8fd24c772e7965e98ea13f78d4e9308abd536437bfa8c7b4fee91014bb5e
qwen3_4b_base,pq,ZB16,pq_ZB16,2,38,1.587105631828308,2047,2b8c8fd24c772e7965e98ea13f78d4e9308abd536437bfa8c7b4fee91014bb5e
qwen3_4b_base,pq,S32,pq_S32,2,38,1.5865294933319092,2047,2b8c8fd24c772e7965e98ea13f78d4e9308abd536437bfa8c7b4fee91014bb5e
qwen3_4b_base,pq,Z16,pq_Z16,2,39,1.3941476345062256,2047,2b8c8fd24c772e7965e98ea13f78d4e9308abd536437bfa8c7b4fee91014bb5e
qwen3_4b_base,pq,Z32,pq_Z32,2,39,1.3937517404556274,2047,2b8c8fd24c772e7965e98ea13f78d4e9308abd536437bfa8c7b4fee91014bb5e
qwen3_4b_base,pq,ZB16,pq_ZB16,2,39,1.3937855958938599,2047,2b8c8fd24c772e7965e98ea13f78d4e9308abd536437bfa8c7b4fee91014bb5e
qwen3_4b_base,pq,S32,pq_S32,2,39,1.3934786319732666,2047,2b8c8fd24c772e7965e98ea13f78d4e9308abd536437bfa8c7b4fee91014bb5e
qwen3_4b_base,pq,Z16,pq_Z16,2,40,1.6142332553863525,2047,2b8c8fd24c772e7965e98ea13f78d4e9308abd536437bfa8c7b4fee91014bb5e
qwen3_4b_base,pq,Z32,pq_Z32,2,40,1.6149991750717163,2047,2b8c8fd24c772e7965e98ea13f78d4e9308abd536437bfa8c7b4fee91014bb5e
qwen3_4b_base,pq,ZB16,pq_ZB16,2,40,1.6147267818450928,2047,2b8c8fd24c772e7965e98ea13f78d4e9308abd536437bfa8c7b4fee91014bb5e
qwen3_4b_base,pq,S32,pq_S32,2,40,1.6150181293487549,2047,2b8c8fd24c772e7965e98ea13f78d4e9308abd536437bfa8c7b4fee91014bb5e
qwen3_4b_base,pq,Z16,pq_Z16,2,41,1.991808295249939,2047,2b8c8fd24c772e7965e98ea13f78d4e9308abd536437bfa8c7b4fee91014bb5e
qwen3_4b_base,pq,Z32,pq_Z32,2,41,1.9917643070220947,2047,2b8c8fd24c772e7965e98ea13f78d4e9308abd536437bfa8c7b4fee91014bb5e
qwen3_4b_base,pq,ZB16,pq_ZB16,2,41,1.990451693534851,2047,2b8c8fd24c772e7965e98ea13f78d4e9308abd536437bfa8c7b4fee91014bb5e
qwen3_4b_base,pq,S32,pq_S32,2,41,1.9918544292449951,2047,2b8c8fd24c772e7965e98ea13f78d4e9308abd536437bfa8c7b4fee91014bb5e
qwen3_4b_base,pq,Z16,pq_Z16,2,42,2.438438892364502,2047,2b8c8fd24c772e7965e98ea13f78d4e9308abd536437bfa8c7b4fee91014bb5e
qwen3_4b_base,pq,Z32,pq_Z32,2,42,2.4385509490966797,2047,2b8c8fd24c772e7965e98ea13f78d4e9308abd536437bfa8c7b4fee91014bb5e
qwen3_4b_base,pq,ZB16,pq_ZB16,2,42,2.4374189376831055,2047,2b8c8fd24c772e7965e98ea13f78d4e9308abd536437bfa8c7b4fee91014bb5e
qwen3_4b_base,pq,S32,pq_S32,2,42,2.4379167556762695,2047,2b8c8fd24c772e7965e98ea13f78d4e9308abd536437bfa8c7b4fee91014bb5e
qwen3_4b_base,pq,Z16,pq_Z16,2,43,2.6612091064453125,2047,2b8c8fd24c772e7965e98ea13f78d4e9308abd536437bfa8c7b4fee91014bb5e
qwen3_4b_base,pq,Z32,pq_Z32,2,43,2.6594631671905518,2047,2b8c8fd24c772e7965e98ea13f78d4e9308abd536437bfa8c7b4fee91014bb5e
qwen3_4b_base,pq,ZB16,pq_ZB16,2,43,2.6604697704315186,2047,2b8c8fd24c772e7965e98ea13f78d4e9308abd536437bfa8c7b4fee91014bb5e
qwen3_4b_base,pq,S32,pq_S32,2,43,2.660416603088379,2047,2b8c8fd24c772e7965e98ea13f78d4e9308abd536437bfa8c7b4fee91014bb5e
qwen3_4b_base,pq,Z16,pq_Z16,2,44,2.5664026737213135,2047,2b8c8fd24c772e7965e98ea13f78d4e9308abd536437bfa8c7b4fee91014bb5e
qwen3_4b_base,pq,Z32,pq_Z32,2,44,2.5664169788360596,2047,2b8c8fd24c772e7965e98ea13f78d4e9308abd536437bfa8c7b4fee91014bb5e
qwen3_4b_base,pq,ZB16,pq_ZB16,2,44,2.5669777393341064,2047,2b8c8fd24c772e7965e98ea13f78d4e9308abd536437bfa8c7b4fee91014bb5e
qwen3_4b_base,pq,S32,pq_S32,2,44,2.5662312507629395,2047,2b8c8fd24c772e7965e98ea13f78d4e9308abd536437bfa8c7b4fee91014bb5e
qwen3_4b_base,pq,Z16,pq_Z16,2,45,2.3243331909179688,2047,2b8c8fd24c772e7965e98ea13f78d4e9308abd536437bfa8c7b4fee91014bb5e
qwen3_4b_base,pq,Z32,pq_Z32,2,45,2.323347806930542,2047,2b8c8fd24c772e7965e98ea13f78d4e9308abd536437bfa8c7b4fee91014bb5e
qwen3_4b_base,pq,ZB16,pq_ZB16,2,45,2.3237593173980713,2047,2b8c8fd24c772e7965e98ea13f78d4e9308abd536437bfa8c7b4fee91014bb5e
qwen3_4b_base,pq,S32,pq_S32,2,45,2.324164628982544,2047,2b8c8fd24c772e7965e98ea13f78d4e9308abd536437bfa8c7b4fee91014bb5e
qwen3_4b_base,pq,Z16,pq_Z16,2,46,2.2762069702148438,2047,2b8c8fd24c772e7965e98ea13f78d4e9308abd536437bfa8c7b4fee91014bb5e
qwen3_4b_base,pq,Z32,pq_Z32,2,46,2.2764954566955566,2047,2b8c8fd24c772e7965e98ea13f78d4e9308abd536437bfa8c7b4fee91014bb5e
qwen3_4b_base,pq,ZB16,pq_ZB16,2,46,2.2762393951416016,2047,2b8c8fd24c772e7965e98ea13f78d4e9308abd536437bfa8c7b4fee91014bb5e
qwen3_4b_base,pq,S32,pq_S32,2,46,2.2765934467315674,2047,2b8c8fd24c772e7965e98ea13f78d4e9308abd536437bfa8c7b4fee91014bb5e
qwen3_4b_base,pq,Z16,pq_Z16,2,47,2.3794939517974854,2047,2b8c8fd24c772e7965e98ea13f78d4e9308abd536437bfa8c7b4fee91014bb5e
qwen3_4b_base,pq,Z32,pq_Z32,2,47,2.379154920578003,2047,2b8c8fd24c772e7965e98ea13f78d4e9308abd536437bfa8c7b4fee91014bb5e
qwen3_4b_base,pq,ZB16,pq_ZB16,2,47,2.3788442611694336,2047,2b8c8fd24c772e7965e98ea13f78d4e9308abd536437bfa8c7b4fee91014bb5e
qwen3_4b_base,pq,S32,pq_S32,2,47,2.3794796466827393,2047,2b8c8fd24c772e7965e98ea13f78d4e9308abd536437bfa8c7b4fee91014bb5e
qwen3_4b_base,pq,Z16,pq_Z16,2,48,2.3933372497558594,2047,2b8c8fd24c772e7965e98ea13f78d4e9308abd536437bfa8c7b4fee91014bb5e
qwen3_4b_base,pq,Z32,pq_Z32,2,48,2.393372058868408,2047,2b8c8fd24c772e7965e98ea13f78d4e9308abd536437bfa8c7b4fee91014bb5e
qwen3_4b_base,pq,ZB16,pq_ZB16,2,48,2.391832113265991,2047,2b8c8fd24c772e7965e98ea13f78d4e9308abd536437bfa8c7b4fee91014bb5e
qwen3_4b_base,pq,S32,pq_S32,2,48,2.3924622535705566,2047,2b8c8fd24c772e7965e98ea13f78d4e9308abd536437bfa8c7b4fee91014bb5e
qwen3_4b_base,pq,Z16,pq_Z16,2,49,1.974307894706726,2047,2b8c8fd24c772e7965e98ea13f78d4e9308abd536437bfa8c7b4fee91014bb5e
qwen3_4b_base,pq,Z32,pq_Z32,2,49,1.9747525453567505,2047,2b8c8fd24c772e7965e98ea13f78d4e9308abd536437bfa8c7b4fee91014bb5e
qwen3_4b_base,pq,ZB16,pq_ZB16,2,49,1.9744120836257935,2047,2b8c8fd24c772e7965e98ea13f78d4e9308abd536437bfa8c7b4fee91014bb5e
qwen3_4b_base,pq,S32,pq_S32,2,49,1.9738510847091675,2047,2b8c8fd24c772e7965e98ea13f78d4e9308abd536437bfa8c7b4fee91014bb5e
qwen3_4b_base,pq,Z16,pq_Z16,2,50,2.2515859603881836,2047,2b8c8fd24c772e7965e98ea13f78d4e9308abd536437bfa8c7b4fee91014bb5e
qwen3_4b_base,pq,Z32,pq_Z32,2,50,2.250934362411499,2047,2b8c8fd24c772e7965e98ea13f78d4e9308abd536437bfa8c7b4fee91014bb5e
qwen3_4b_base,pq,ZB16,pq_ZB16,2,50,2.250797986984253,2047,2b8c8fd24c772e7965e98ea13f78d4e9308abd536437bfa8c7b4fee91014bb5e
qwen3_4b_base,pq,S32,pq_S32,2,50,2.2508296966552734,2047,2b8c8fd24c772e7965e98ea13f78d4e9308abd536437bfa8c7b4fee91014bb5e
qwen3_4b_base,pq,Z16,pq_Z16,2,51,1.9323168992996216,2047,2b8c8fd24c772e7965e98ea13f78d4e9308abd536437bfa8c7b4fee91014bb5e
qwen3_4b_base,pq,Z32,pq_Z32,2,51,1.931925892829895,2047,2b8c8fd24c772e7965e98ea13f78d4e9308abd536437bfa8c7b4fee91014bb5e
qwen3_4b_base,pq,ZB16,pq_ZB16,2,51,1.9324281215667725,2047,2b8c8fd24c772e7965e98ea13f78d4e9308abd536437bfa8c7b4fee91014bb5e
qwen3_4b_base,pq,S32,pq_S32,2,51,1.9320807456970215,2047,2b8c8fd24c772e7965e98ea13f78d4e9308abd536437bfa8c7b4fee91014bb5e
qwen3_4b_base,pq,Z16,pq_Z16,2,52,1.8689929246902466,2047,2b8c8fd24c772e7965e98ea13f78d4e9308abd536437bfa8c7b4fee91014bb5e
qwen3_4b_base,pq,Z32,pq_Z32,2,52,1.8682154417037964,2047,2b8c8fd24c772e7965e98ea13f78d4e9308abd536437bfa8c7b4fee91014bb5e
qwen3_4b_base,pq,ZB16,pq_ZB16,2,52,1.8690886497497559,2047,2b8c8fd24c772e7965e98ea13f78d4e9308abd536437bfa8c7b4fee91014bb5e
qwen3_4b_base,pq,S32,pq_S32,2,52,1.8684446811676025,2047,2b8c8fd24c772e7965e98ea13f78d4e9308abd536437bfa8c7b4fee91014bb5e
qwen3_4b_base,pq,Z16,pq_Z16,2,53,1.789132833480835,2047,2b8c8fd24c772e7965e98ea13f78d4e9308abd536437bfa8c7b4fee91014bb5e
qwen3_4b_base,pq,Z32,pq_Z32,2,53,1.790045142173767,2047,2b8c8fd24c772e7965e98ea13f78d4e9308abd536437bfa8c7b4fee91014bb5e
qwen3_4b_base,pq,ZB16,pq_ZB16,2,53,1.789886713027954,2047,2b8c8fd24c772e7965e98ea13f78d4e9308abd536437bfa8c7b4fee91014bb5e
qwen3_4b_base,pq,S32,pq_S32,2,53,1.7900028228759766,2047,2b8c8fd24c772e7965e98ea13f78d4e9308abd536437bfa8c7b4fee91014bb5e
qwen3_4b_base,pq,Z16,pq_Z16,2,54,1.6611850261688232,2047,2b8c8fd24c772e7965e98ea13f78d4e9308abd536437bfa8c7b4fee91014bb5e
qwen3_4b_base,pq,Z32,pq_Z32,2,54,1.6614606380462646,2047,2b8c8fd24c772e7965e98ea13f78d4e9308abd536437bfa8c7b4fee91014bb5e
qwen3_4b_base,pq,ZB16,pq_ZB16,2,54,1.6611907482147217,2047,2b8c8fd24c772e7965e98ea13f78d4e9308abd536437bfa8c7b4fee91014bb5e
qwen3_4b_base,pq,S32,pq_S32,2,54,1.6616766452789307,2047,2b8c8fd24c772e7965e98ea13f78d4e9308abd536437bfa8c7b4fee91014bb5e
qwen3_4b_base,pq,Z16,pq_Z16,2,55,1.838598608970642,2047,2b8c8fd24c772e7965e98ea13f78d4e9308abd536437bfa8c7b4fee91014bb5e
qwen3_4b_base,pq,Z32,pq_Z32,2,55,1.8387939929962158,2047,2b8c8fd24c772e7965e98ea13f78d4e9308abd536437bfa8c7b4fee91014bb5e
qwen3_4b_base,pq,ZB16,pq_ZB16,2,55,1.83865487575531,2047,2b8c8fd24c772e7965e98ea13f78d4e9308abd536437bfa8c7b4fee91014bb5e
qwen3_4b_base,pq,S32,pq_S32,2,55,1.8377907276153564,2047,2b8c8fd24c772e7965e98ea13f78d4e9308abd536437bfa8c7b4fee91014bb5e
qwen3_4b_base,pq,Z16,pq_Z16,2,56,1.6195377111434937,2047,2b8c8fd24c772e7965e98ea13f78d4e9308abd536437bfa8c7b4fee91014bb5e
qwen3_4b_base,pq,Z32,pq_Z32,2,56,1.6190106868743896,2047,2b8c8fd24c772e7965e98ea13f78d4e9308abd536437bfa8c7b4fee91014bb5e
qwen3_4b_base,pq,ZB16,pq_ZB16,2,56,1.6187912225723267,2047,2b8c8fd24c772e7965e98ea13f78d4e9308abd536437bfa8c7b4fee91014bb5e
qwen3_4b_base,pq,S32,pq_S32,2,56,1.6197152137756348,2047,2b8c8fd24c772e7965e98ea13f78d4e9308abd536437bfa8c7b4fee91014bb5e
qwen3_4b_base,pq,Z16,pq_Z16,2,57,1.540938377380371,2047,2b8c8fd24c772e7965e98ea13f78d4e9308abd536437bfa8c7b4fee91014bb5e
qwen3_4b_base,pq,Z32,pq_Z32,2,57,1.540955662727356,2047,2b8c8fd24c772e7965e98ea13f78d4e9308abd536437bfa8c7b4fee91014bb5e
qwen3_4b_base,pq,ZB16,pq_ZB16,2,57,1.542253851890564,2047,2b8c8fd24c772e7965e98ea13f78d4e9308abd536437bfa8c7b4fee91014bb5e
qwen3_4b_base,pq,S32,pq_S32,2,57,1.5407692193984985,2047,2b8c8fd24c772e7965e98ea13f78d4e9308abd536437bfa8c7b4fee91014bb5e
qwen3_4b_base,pq,Z16,pq_Z16,2,58,1.8878735303878784,2047,2b8c8fd24c772e7965e98ea13f78d4e9308abd536437bfa8c7b4fee91014bb5e
qwen3_4b_base,pq,Z32,pq_Z32,2,58,1.8894706964492798,2047,2b8c8fd24c772e7965e98ea13f78d4e9308abd536437bfa8c7b4fee91014bb5e
qwen3_4b_base,pq,ZB16,pq_ZB16,2,58,1.8887239694595337,2047,2b8c8fd24c772e7965e98ea13f78d4e9308abd536437bfa8c7b4fee91014bb5e
qwen3_4b_base,pq,S32,pq_S32,2,58,1.888098955154419,2047,2b8c8fd24c772e7965e98ea13f78d4e9308abd536437bfa8c7b4fee91014bb5e
qwen3_4b_base,pq,Z16,pq_Z16,2,59,1.843690276145935,2047,2b8c8fd24c772e7965e98ea13f78d4e9308abd536437bfa8c7b4fee91014bb5e
qwen3_4b_base,pq,Z32,pq_Z32,2,59,1.8444232940673828,2047,2b8c8fd24c772e7965e98ea13f78d4e9308abd536437bfa8c7b4fee91014bb5e
qwen3_4b_base,pq,ZB16,pq_ZB16,2,59,1.8437200784683228,2047,2b8c8fd24c772e7965e98ea13f78d4e9308abd536437bfa8c7b4fee91014bb5e
qwen3_4b_base,pq,S32,pq_S32,2,59,1.8448669910430908,2047,2b8c8fd24c772e7965e98ea13f78d4e9308abd536437bfa8c7b4fee91014bb5e
qwen3_4b_base,pq,Z16,pq_Z16,2,60,2.1061079502105713,2047,2b8c8fd24c772e7965e98ea13f78d4e9308abd536437bfa8c7b4fee91014bb5e
qwen3_4b_base,pq,Z32,pq_Z32,2,60,2.1055703163146973,2047,2b8c8fd24c772e7965e98ea13f78d4e9308abd536437bfa8c7b4fee91014bb5e
qwen3_4b_base,pq,ZB16,pq_ZB16,2,60,2.1069629192352295,2047,2b8c8fd24c772e7965e98ea13f78d4e9308abd536437bfa8c7b4fee91014bb5e
qwen3_4b_base,pq,S32,pq_S32,2,60,2.1065399646759033,2047,2b8c8fd24c772e7965e98ea13f78d4e9308abd536437bfa8c7b4fee91014bb5e
qwen3_4b_base,pq,Z16,pq_Z16,2,61,2.2812390327453613,2047,2b8c8fd24c772e7965e98ea13f78d4e9308abd536437bfa8c7b4fee91014bb5e
qwen3_4b_base,pq,Z32,pq_Z32,2,61,2.2805583477020264,2047,2b8c8fd24c772e7965e98ea13f78d4e9308abd536437bfa8c7b4fee91014bb5e
qwen3_4b_base,pq,ZB16,pq_ZB16,2,61,2.2799603939056396,2047,2b8c8fd24c772e7965e98ea13f78d4e9308abd536437bfa8c7b4fee91014bb5e
qwen3_4b_base,pq,S32,pq_S32,2,61,2.2805497646331787,2047,2b8c8fd24c772e7965e98ea13f78d4e9308abd536437bfa8c7b4fee91014bb5e
qwen3_4b_base,pq,Z16,pq_Z16,2,62,2.363978147506714,2047,2b8c8fd24c772e7965e98ea13f78d4e9308abd536437bfa8c7b4fee91014bb5e
qwen3_4b_base,pq,Z32,pq_Z32,2,62,2.3626585006713867,2047,2b8c8fd24c772e7965e98ea13f78d4e9308abd536437bfa8c7b4fee91014bb5e
qwen3_4b_base,pq,ZB16,pq_ZB16,2,62,2.364382743835449,2047,2b8c8fd24c772e7965e98ea13f78d4e9308abd536437bfa8c7b4fee91014bb5e
qwen3_4b_base,pq,S32,pq_S32,2,62,2.364131450653076,2047,2b8c8fd24c772e7965e98ea13f78d4e9308abd536437bfa8c7b4fee91014bb5e
qwen3_4b_base,pq,Z16,pq_Z16,2,63,2.610330104827881,2047,2b8c8fd24c772e7965e98ea13f78d4e9308abd536437bfa8c7b4fee91014bb5e
qwen3_4b_base,pq,Z32,pq_Z32,2,63,2.6107566356658936,2047,2b8c8fd24c772e7965e98ea13f78d4e9308abd536437bfa8c7b4fee91014bb5e
qwen3_4b_base,pq,ZB16,pq_ZB16,2,63,2.6106975078582764,2047,2b8c8fd24c772e7965e98ea13f78d4e9308abd536437bfa8c7b4fee91014bb5e
qwen3_4b_base,pq,S32,pq_S32,2,63,2.6098387241363525,2047,2b8c8fd24c772e7965e98ea13f78d4e9308abd536437bfa8c7b4fee91014bb5e
qwen3_4b_base,hadamard,Z16,hadamard_Z16,0,0,1.831339716911316,2047,2b8c8fd24c772e7965e98ea13f78d4e9308abd536437bfa8c7b4fee91014bb5e
qwen3_4b_base,hadamard,Z32,hadamard_Z32,0,0,1.8309133052825928,2047,2b8c8fd24c772e7965e98ea13f78d4e9308abd536437bfa8c7b4fee91014bb5e
qwen3_4b_base,hadamard,ZB16,hadamard_ZB16,0,0,1.8309749364852905,2047,2b8c8fd24c772e7965e98ea13f78d4e9308abd536437bfa8c7b4fee91014bb5e
qwen3_4b_base,hadamard,S32,hadamard_S32,0,0,1.8303141593933105,2047,2b8c8fd24c772e7965e98ea13f78d4e9308abd536437bfa8c7b4fee91014bb5e
qwen3_4b_base,hadamard,Z16,hadamard_Z16,0,1,2.284534215927124,2047,2b8c8fd24c772e7965e98ea13f78d4e9308abd536437bfa8c7b4fee91014bb5e
qwen3_4b_base,hadamard,Z32,hadamard_Z32,0,1,2.2839252948760986,2047,2b8c8fd24c772e7965e98ea13f78d4e9308abd536437bfa8c7b4fee91014bb5e
qwen3_4b_base,hadamard,ZB16,hadamard_ZB16,0,1,2.2832751274108887,2047,2b8c8fd24c772e7965e98ea13f78d4e9308abd536437bfa8c7b4fee91014bb5e
qwen3_4b_base,hadamard,S32,hadamard_S32,0,1,2.2836334705352783,2047,2b8c8fd24c772e7965e98ea13f78d4e9308abd536437bfa8c7b4fee91014bb5e
qwen3_4b_base,hadamard,Z16,hadamard_Z16,0,2,2.4742400646209717,2047,2b8c8fd24c772e7965e98ea13f78d4e9308abd536437bfa8c7b4fee91014bb5e
qwen3_4b_base,hadamard,Z32,hadamard_Z32,0,2,2.473320722579956,2047,2b8c8fd24c772e7965e98ea13f78d4e9308abd536437bfa8c7b4fee91014bb5e
qwen3_4b_base,hadamard,ZB16,hadamard_ZB16,0,2,2.474545478820801,2047,2b8c8fd24c772e7965e98ea13f78d4e9308abd536437bfa8c7b4fee91014bb5e
qwen3_4b_base,hadamard,S32,hadamard_S32,0,2,2.474083662033081,2047,2b8c8fd24c772e7965e98ea13f78d4e9308abd536437bfa8c7b4fee91014bb5e
qwen3_4b_base,hadamard,Z16,hadamard_Z16,0,3,2.2225632667541504,2047,2b8c8fd24c772e7965e98ea13f78d4e9308abd536437bfa8c7b4fee91014bb5e
qwen3_4b_base,hadamard,Z32,hadamard_Z32,0,3,2.2229959964752197,2047,2b8c8fd24c772e7965e98ea13f78d4e9308abd536437bfa8c7b4fee91014bb5e
qwen3_4b_base,hadamard,ZB16,hadamard_ZB16,0,3,2.2217302322387695,2047,2b8c8fd24c772e7965e98ea13f78d4e9308abd536437bfa8c7b4fee91014bb5e
qwen3_4b_base,hadamard,S32,hadamard_S32,0,3,2.2222843170166016,2047,2b8c8fd24c772e7965e98ea13f78d4e9308abd536437bfa8c7b4fee91014bb5e
qwen3_4b_base,hadamard,Z16,hadamard_Z16,0,4,1.972999930381775,2047,2b8c8fd24c772e7965e98ea13f78d4e9308abd536437bfa8c7b4fee91014bb5e
qwen3_4b_base,hadamard,Z32,hadamard_Z32,0,4,1.9729366302490234,2047,2b8c8fd24c772e7965e98ea13f78d4e9308abd536437bfa8c7b4fee91014bb5e
qwen3_4b_base,hadamard,ZB16,hadamard_ZB16,0,4,1.9736497402191162,2047,2b8c8fd24c772e7965e98ea13f78d4e9308abd536437bfa8c7b4fee91014bb5e
qwen3_4b_base,hadamard,S32,hadamard_S32,0,4,1.9732117652893066,2047,2b8c8fd24c772e7965e98ea13f78d4e9308abd536437bfa8c7b4fee91014bb5e
qwen3_4b_base,hadamard,Z16,hadamard_Z16,0,5,1.553396224975586,2047,2b8c8fd24c772e7965e98ea13f78d4e9308abd536437bfa8c7b4fee91014bb5e
qwen3_4b_base,hadamard,Z32,hadamard_Z32,0,5,1.552557349205017,2047,2b8c8fd24c772e7965e98ea13f78d4e9308abd536437bfa8c7b4fee91014bb5e
qwen3_4b_base,hadamard,ZB16,hadamard_ZB16,0,5,1.5525456666946411,2047,2b8c8fd24c772e7965e98ea13f78d4e9308abd536437bfa8c7b4fee91014bb5e
qwen3_4b_base,hadamard,S32,hadamard_S32,0,5,1.552836298942566,2047,2b8c8fd24c772e7965e98ea13f78d4e9308abd536437bfa8c7b4fee91014bb5e
qwen3_4b_base,hadamard,Z16,hadamard_Z16,0,6,1.3104242086410522,2047,2b8c8fd24c772e7965e98ea13f78d4e9308abd536437bfa8c7b4fee91014bb5e
qwen3_4b_base,hadamard,Z32,hadamard_Z32,0,6,1.3110551834106445,2047,2b8c8fd24c772e7965e98ea13f78d4e9308abd536437bfa8c7b4fee91014bb5e
qwen3_4b_base,hadamard,ZB16,hadamard_ZB16,0,6,1.3098844289779663,2047,2b8c8fd24c772e7965e98ea13f78d4e9308abd536437bfa8c7b4fee91014bb5e
qwen3_4b_base,hadamard,S32,hadamard_S32,0,6,1.3109774589538574,2047,2b8c8fd24c772e7965e98ea13f78d4e9308abd536437bfa8c7b4fee91014bb5e
qwen3_4b_base,hadamard,Z16,hadamard_Z16,0,7,1.9017430543899536,2047,2b8c8fd24c772e7965e98ea13f78d4e9308abd536437bfa8c7b4fee91014bb5e
qwen3_4b_base,hadamard,Z32,hadamard_Z32,0,7,1.902957558631897,2047,2b8c8fd24c772e7965e98ea13f78d4e9308abd536437bfa8c7b4fee91014bb5e
qwen3_4b_base,hadamard,ZB16,hadamard_ZB16,0,7,1.9029064178466797,2047,2b8c8fd24c772e7965e98ea13f78d4e9308abd536437bfa8c7b4fee91014bb5e
qwen3_4b_base,hadamard,S32,hadamard_S32,0,7,1.9026035070419312,2047,2b8c8fd24c772e7965e98ea13f78d4e9308abd536437bfa8c7b4fee91014bb5e
qwen3_4b_base,hadamard,Z16,hadamard_Z16,0,8,2.1277084350585938,2047,2b8c8fd24c772e7965e98ea13f78d4e9308abd536437bfa8c7b4fee91014bb5e
qwen3_4b_base,hadamard,Z32,hadamard_Z32,0,8,2.1267054080963135,2047,2b8c8fd24c772e7965e98ea13f78d4e9308abd536437bfa8c7b4fee91014bb5e
qwen3_4b_base,hadamard,ZB16,hadamard_ZB16,0,8,2.1274986267089844,2047,2b8c8fd24c772e7965e98ea13f78d4e9308abd536437bfa8c7b4fee91014bb5e
qwen3_4b_base,hadamard,S32,hadamard_S32,0,8,2.1269094944000244,2047,2b8c8fd24c772e7965e98ea13f78d4e9308abd536437bfa8c7b4fee91014bb5e
qwen3_4b_base,hadamard,Z16,hadamard_Z16,0,9,2.225250005722046,2047,2b8c8fd24c772e7965e98ea13f78d4e9308abd536437bfa8c7b4fee91014bb5e
qwen3_4b_base,hadamard,Z32,hadamard_Z32,0,9,2.225696086883545,2047,2b8c8fd24c772e7965e98ea13f78d4e9308abd536437bfa8c7b4fee91014bb5e
qwen3_4b_base,hadamard,ZB16,hadamard_ZB16,0,9,2.2246451377868652,2047,2b8c8fd24c772e7965e98ea13f78d4e9308abd536437bfa8c7b4fee91014bb5e
qwen3_4b_base,hadamard,S32,hadamard_S32,0,9,2.225870132446289,2047,2b8c8fd24c772e7965e98ea13f78d4e9308abd536437bfa8c7b4fee91014bb5e
qwen3_4b_base,hadamard,Z16,hadamard_Z16,0,10,2.089627504348755,2047,2b8c8fd24c772e7965e98ea13f78d4e9308abd536437bfa8c7b4fee91014bb5e
qwen3_4b_base,hadamard,Z32,hadamard_Z32,0,10,2.089277744293213,2047,2b8c8fd24c772e7965e98ea13f78d4e9308abd536437bfa8c7b4fee91014bb5e
qwen3_4b_base,hadamard,ZB16,hadamard_ZB16,0,10,2.0908801555633545,2047,2b8c8fd24c772e7965e98ea13f78d4e9308abd536437bfa8c7b4fee91014bb5e
qwen3_4b_base,hadamard,S32,hadamard_S32,0,10,2.0896148681640625,2047,2b8c8fd24c772e7965e98ea13f78d4e9308abd536437bfa8c7b4fee91014bb5e
qwen3_4b_base,hadamard,Z16,hadamard_Z16,0,11,2.137439250946045,2047,2b8c8fd24c772e7965e98ea13f78d4e9308abd536437bfa8c7b4fee91014bb5e
qwen3_4b_base,hadamard,Z32,hadamard_Z32,0,11,2.137103319168091,2047,2b8c8fd24c772e7965e98ea13f78d4e9308abd536437bfa8c7b4fee91014bb5e
qwen3_4b_base,hadamard,ZB16,hadamard_ZB16,0,11,2.1374223232269287,2047,2b8c8fd24c772e7965e98ea13f78d4e9308abd536437bfa8c7b4fee91014bb5e
qwen3_4b_base,hadamard,S32,hadamard_S32,0,11,2.1381161212921143,2047,2b8c8fd24c772e7965e98ea13f78d4e9308abd536437bfa8c7b4fee91014bb5e
qwen3_4b_base,hadamard,Z16,hadamard_Z16,0,12,2.124936580657959,2047,2b8c8fd24c772e7965e98ea13f78d4e9308abd536437bfa8c7b4fee91014bb5e
qwen3_4b_base,hadamard,Z32,hadamard_Z32,0,12,2.125368356704712,2047,2b8c8fd24c772e7965e98ea13f78d4e9308abd536437bfa8c7b4fee91014bb5e
qwen3_4b_base,hadamard,ZB16,hadamard_ZB16,0,12,2.126166820526123,2047,2b8c8fd24c772e7965e98ea13f78d4e9308abd536437bfa8c7b4fee91014bb5e
qwen3_4b_base,hadamard,S32,hadamard_S32,0,12,2.124746561050415,2047,2b8c8fd24c772e7965e98ea13f78d4e9308abd536437bfa8c7b4fee91014bb5e
qwen3_4b_base,hadamard,Z16,hadamard_Z16,0,13,2.2753024101257324,2047,2b8c8fd24c772e7965e98ea13f78d4e9308abd536437bfa8c7b4fee91014bb5e
qwen3_4b_base,hadamard,Z32,hadamard_Z32,0,13,2.276552677154541,2047,2b8c8fd24c772e7965e98ea13f78d4e9308abd536437bfa8c7b4fee91014bb5e
qwen3_4b_base,hadamard,ZB16,hadamard_ZB16,0,13,2.276609420776367,2047,2b8c8fd24c772e7965e98ea13f78d4e9308abd536437bfa8c7b4fee91014bb5e
qwen3_4b_base,hadamard,S32,hadamard_S32,0,13,2.2767837047576904,2047,2b8c8fd24c772e7965e98ea13f78d4e9308abd536437bfa8c7b4fee91014bb5e
qwen3_4b_base,hadamard,Z16,hadamard_Z16,0,14,2.1969707012176514,2047,2b8c8fd24c772e7965e98ea13f78d4e9308abd536437bfa8c7b4fee91014bb5e
qwen3_4b_base,hadamard,Z32,hadamard_Z32,0,14,2.1974661350250244,2047,2b8c8fd24c772e7965e98ea13f78d4e9308abd536437bfa8c7b4fee91014bb5e
qwen3_4b_base,hadamard,ZB16,hadamard_ZB16,0,14,2.195960760116577,2047,2b8c8fd24c772e7965e98ea13f78d4e9308abd536437bfa8c7b4fee91014bb5e
qwen3_4b_base,hadamard,S32,hadamard_S32,0,14,2.1968209743499756,2047,2b8c8fd24c772e7965e98ea13f78d4e9308abd536437bfa8c7b4fee91014bb5e
qwen3_4b_base,hadamard,Z16,hadamard_Z16,0,15,2.3106276988983154,2047,2b8c8fd24c772e7965e98ea13f78d4e9308abd536437bfa8c7b4fee91014bb5e
qwen3_4b_base,hadamard,Z32,hadamard_Z32,0,15,2.3103575706481934,2047,2b8c8fd24c772e7965e98ea13f78d4e9308abd536437bfa8c7b4fee91014bb5e
qwen3_4b_base,hadamard,ZB16,hadamard_ZB16,0,15,2.311260461807251,2047,2b8c8fd24c772e7965e98ea13f78d4e9308abd536437bfa8c7b4fee91014bb5e
qwen3_4b_base,hadamard,S32,hadamard_S32,0,15,2.3105034828186035,2047,2b8c8fd24c772e7965e98ea13f78d4e9308abd536437bfa8c7b4fee91014bb5e
qwen3_4b_base,hadamard,Z16,hadamard_Z16,0,16,2.4289629459381104,2047,2b8c8fd24c772e7965e98ea13f78d4e9308abd536437bfa8c7b4fee91014bb5e
qwen3_4b_base,hadamard,Z32,hadamard_Z32,0,16,2.4288885593414307,2047,2b8c8fd24c772e7965e98ea13f78d4e9308abd536437bfa8c7b4fee91014bb5e
qwen3_4b_base,hadamard,ZB16,hadamard_ZB16,0,16,2.4286046028137207,2047,2b8c8fd24c772e7965e98ea13f78d4e9308abd536437bfa8c7b4fee91014bb5e
qwen3_4b_base,hadamard,S32,hadamard_S32,0,16,2.428318738937378,2047,2b8c8fd24c772e7965e98ea13f78d4e9308abd536437bfa8c7b4fee91014bb5e
qwen3_4b_base,hadamard,Z16,hadamard_Z16,0,17,2.266648054122925,2047,2b8c8fd24c772e7965e98ea13f78d4e9308abd536437bfa8c7b4fee91014bb5e
qwen3_4b_base,hadamard,Z32,hadamard_Z32,0,17,2.266981363296509,2047,2b8c8fd24c772e7965e98ea13f78d4e9308abd536437bfa8c7b4fee91014bb5e
qwen3_4b_base,hadamard,ZB16,hadamard_ZB16,0,17,2.2668187618255615,2047,2b8c8fd24c772e7965e98ea13f78d4e9308abd536437bfa8c7b4fee91014bb5e
qwen3_4b_base,hadamard,S32,hadamard_S32,0,17,2.2676830291748047,2047,2b8c8fd24c772e7965e98ea13f78d4e9308abd536437bfa8c7b4fee91014bb5e
qwen3_4b_base,hadamard,Z16,hadamard_Z16,0,18,2.0448756217956543,2047,2b8c8fd24c772e7965e98ea13f78d4e9308abd536437bfa8c7b4fee91014bb5e
qwen3_4b_base,hadamard,Z32,hadamard_Z32,0,18,2.044543504714966,2047,2b8c8fd24c772e7965e98ea13f78d4e9308abd536437bfa8c7b4fee91014bb5e
qwen3_4b_base,hadamard,ZB16,hadamard_ZB16,0,18,2.0436384677886963,2047,2b8c8fd24c772e7965e98ea13f78d4e9308abd536437bfa8c7b4fee91014bb5e
qwen3_4b_base,hadamard,S32,hadamard_S32,0,18,2.0442588329315186,2047,2b8c8fd24c772e7965e98ea13f78d4e9308abd536437bfa8c7b4fee91014bb5e
qwen3_4b_base,hadamard,Z16,hadamard_Z16,0,19,1.8815151453018188,2047,2b8c8fd24c772e7965e98ea13f78d4e9308abd536437bfa8c7b4fee91014bb5e
qwen3_4b_base,hadamard,Z32,hadamard_Z32,0,19,1.8814189434051514,2047,2b8c8fd24c772e7965e98ea13f78d4e9308abd536437bfa8c7b4fee91014bb5e
qwen3_4b_base,hadamard,ZB16,hadamard_ZB16,0,19,1.8814330101013184,2047,2b8c8fd24c772e7965e98ea13f78d4e9308abd536437bfa8c7b4fee91014bb5e
qwen3_4b_base,hadamard,S32,hadamard_S32,0,19,1.8813012838363647,2047,2b8c8fd24c772e7965e98ea13f78d4e9308abd536437bfa8c7b4fee91014bb5e
qwen3_4b_base,hadamard,Z16,hadamard_Z16,0,20,2.0622825622558594,2047,2b8c8fd24c772e7965e98ea13f78d4e9308abd536437bfa8c7b4fee91014bb5e
qwen3_4b_base,hadamard,Z32,hadamard_Z32,0,20,2.0615086555480957,2047,2b8c8fd24c772e7965e98ea13f78d4e9308abd536437bfa8c7b4fee91014bb5e
qwen3_4b_base,hadamard,ZB16,hadamard_ZB16,0,20,2.061626434326172,2047,2b8c8fd24c772e7965e98ea13f78d4e9308abd536437bfa8c7b4fee91014bb5e
qwen3_4b_base,hadamard,S32,hadamard_S32,0,20,2.0626988410949707,2047,2b8c8fd24c772e7965e98ea13f78d4e9308abd536437bfa8c7b4fee91014bb5e
qwen3_4b_base,hadamard,Z16,hadamard_Z16,0,21,2.3081367015838623,2047,2b8c8fd24c772e7965e98ea13f78d4e9308abd536437bfa8c7b4fee91014bb5e
qwen3_4b_base,hadamard,Z32,hadamard_Z32,0,21,2.3070735931396484,2047,2b8c8fd24c772e7965e98ea13f78d4e9308abd536437bfa8c7b4fee91014bb5e
qwen3_4b_base,hadamard,ZB16,hadamard_ZB16,0,21,2.306173086166382,2047,2b8c8fd24c772e7965e98ea13f78d4e9308abd536437bfa8c7b4fee91014bb5e
qwen3_4b_base,hadamard,S32,hadamard_S32,0,21,2.306821584701538,2047,2b8c8fd24c772e7965e98ea13f78d4e9308abd536437bfa8c7b4fee91014bb5e
qwen3_4b_base,hadamard,Z16,hadamard_Z16,0,22,2.057032346725464,2047,2b8c8fd24c772e7965e98ea13f78d4e9308abd536437bfa8c7b4fee91014bb5e
qwen3_4b_base,hadamard,Z32,hadamard_Z32,0,22,2.0575406551361084,2047,2b8c8fd24c772e7965e98ea13f78d4e9308abd536437bfa8c7b4fee91014bb5e
qwen3_4b_base,hadamard,ZB16,hadamard_ZB16,0,22,2.058338165283203,2047,2b8c8fd24c772e7965e98ea13f78d4e9308abd536437bfa8c7b4fee91014bb5e
qwen3_4b_base,hadamard,S32,hadamard_S32,0,22,2.058443546295166,2047,2b8c8fd24c772e7965e98ea13f78d4e9308abd536437bfa8c7b4fee91014bb5e
qwen3_4b_base,hadamard,Z16,hadamard_Z16,0,23,2.2123777866363525,2047,2b8c8fd24c772e7965e98ea13f78d4e9308abd536437bfa8c7b4fee91014bb5e
qwen3_4b_base,hadamard,Z32,hadamard_Z32,0,23,2.21258807182312,2047,2b8c8fd24c772e7965e98ea13f78d4e9308abd536437bfa8c7b4fee91014bb5e
qwen3_4b_base,hadamard,ZB16,hadamard_ZB16,0,23,2.212937831878662,2047,2b8c8fd24c772e7965e98ea13f78d4e9308abd536437bfa8c7b4fee91014bb5e
qwen3_4b_base,hadamard,S32,hadamard_S32,0,23,2.213893413543701,2047,2b8c8fd24c772e7965e98ea13f78d4e9308abd536437bfa8c7b4fee91014bb5e
qwen3_4b_base,hadamard,Z16,hadamard_Z16,0,24,2.181788921356201,2047,2b8c8fd24c772e7965e98ea13f78d4e9308abd536437bfa8c7b4fee91014bb5e
qwen3_4b_base,hadamard,Z32,hadamard_Z32,0,24,2.181797981262207,2047,2b8c8fd24c772e7965e98ea13f78d4e9308abd536437bfa8c7b4fee91014bb5e
qwen3_4b_base,hadamard,ZB16,hadamard_ZB16,0,24,2.1810498237609863,2047,2b8c8fd24c772e7965e98ea13f78d4e9308abd536437bfa8c7b4fee91014bb5e
qwen3_4b_base,hadamard,S32,hadamard_S32,0,24,2.1814723014831543,2047,2b8c8fd24c772e7965e98ea13f78d4e9308abd536437bfa8c7b4fee91014bb5e
qwen3_4b_base,hadamard,Z16,hadamard_Z16,0,25,2.2752914428710938,2047,2b8c8fd24c772e7965e98ea13f78d4e9308abd536437bfa8c7b4fee91014bb5e
qwen3_4b_base,hadamard,Z32,hadamard_Z32,0,25,2.274940013885498,2047,2b8c8fd24c772e7965e98ea13f78d4e9308abd536437bfa8c7b4fee91014bb5e
qwen3_4b_base,hadamard,ZB16,hadamard_ZB16,0,25,2.27514386177063,2047,2b8c8fd24c772e7965e98ea13f78d4e9308abd536437bfa8c7b4fee91014bb5e
qwen3_4b_base,hadamard,S32,hadamard_S32,0,25,2.2740767002105713,2047,2b8c8fd24c772e7965e98ea13f78d4e9308abd536437bfa8c7b4fee91014bb5e
qwen3_4b_base,hadamard,Z16,hadamard_Z16,0,26,2.3537096977233887,2047,2b8c8fd24c772e7965e98ea13f78d4e9308abd536437bfa8c7b4fee91014bb5e
qwen3_4b_base,hadamard,Z32,hadamard_Z32,0,26,2.353621482849121,2047,2b8c8fd24c772e7965e98ea13f78d4e9308abd536437bfa8c7b4fee91014bb5e
qwen3_4b_base,hadamard,ZB16,hadamard_ZB16,0,26,2.354027032852173,2047,2b8c8fd24c772e7965e98ea13f78d4e9308abd536437bfa8c7b4fee91014bb5e
qwen3_4b_base,hadamard,S32,hadamard_S32,0,26,2.3528454303741455,2047,2b8c8fd24c772e7965e98ea13f78d4e9308abd536437bfa8c7b4fee91014bb5e
qwen3_4b_base,hadamard,Z16,hadamard_Z16,0,27,2.549245834350586,2047,2b8c8fd24c772e7965e98ea13f78d4e9308abd536437bfa8c7b4fee91014bb5e
qwen3_4b_base,hadamard,Z32,hadamard_Z32,0,27,2.5495026111602783,2047,2b8c8fd24c772e7965e98ea13f78d4e9308abd536437bfa8c7b4fee91014bb5e
qwen3_4b_base,hadamard,ZB16,hadamard_ZB16,0,27,2.548821449279785,2047,2b8c8fd24c772e7965e98ea13f78d4e9308abd536437bfa8c7b4fee91014bb5e
qwen3_4b_base,hadamard,S32,hadamard_S32,0,27,2.549365758895874,2047,2b8c8fd24c772e7965e98ea13f78d4e9308abd536437bfa8c7b4fee91014bb5e
qwen3_4b_base,hadamard,Z16,hadamard_Z16,0,28,2.320746421813965,2047,2b8c8fd24c772e7965e98ea13f78d4e9308abd536437bfa8c7b4fee91014bb5e
qwen3_4b_base,hadamard,Z32,hadamard_Z32,0,28,2.3207008838653564,2047,2b8c8fd24c772e7965e98ea13f78d4e9308abd536437bfa8c7b4fee91014bb5e
qwen3_4b_base,hadamard,ZB16,hadamard_ZB16,0,28,2.322822332382202,2047,2b8c8fd24c772e7965e98ea13f78d4e9308abd536437bfa8c7b4fee91014bb5e
qwen3_4b_base,hadamard,S32,hadamard_S32,0,28,2.321410655975342,2047,2b8c8fd24c772e7965e98ea13f78d4e9308abd536437bfa8c7b4fee91014bb5e
qwen3_4b_base,hadamard,Z16,hadamard_Z16,0,29,1.9207111597061157,2047,2b8c8fd24c772e7965e98ea13f78d4e9308abd536437bfa8c7b4fee91014bb5e
qwen3_4b_base,hadamard,Z32,hadamard_Z32,0,29,1.9214835166931152,2047,2b8c8fd24c772e7965e98ea13f78d4e9308abd536437bfa8c7b4fee91014bb5e
qwen3_4b_base,hadamard,ZB16,hadamard_ZB16,0,29,1.9210035800933838,2047,2b8c8fd24c772e7965e98ea13f78d4e9308abd536437bfa8c7b4fee91014bb5e
qwen3_4b_base,hadamard,S32,hadamard_S32,0,29,1.9203543663024902,2047,2b8c8fd24c772e7965e98ea13f78d4e9308abd536437bfa8c7b4fee91014bb5e
qwen3_4b_base,hadamard,Z16,hadamard_Z16,0,30,1.856520652770996,2047,2b8c8fd24c772e7965e98ea13f78d4e9308abd536437bfa8c7b4fee91014bb5e
qwen3_4b_base,hadamard,Z32,hadamard_Z32,0,30,1.8560435771942139,2047,2b8c8fd24c772e7965e98ea13f78d4e9308abd536437bfa8c7b4fee91014bb5e
qwen3_4b_base,hadamard,ZB16,hadamard_ZB16,0,30,1.8563135862350464,2047,2b8c8fd24c772e7965e98ea13f78d4e9308abd536437bfa8c7b4fee91014bb5e
qwen3_4b_base,hadamard,S32,hadamard_S32,0,30,1.856656551361084,2047,2b8c8fd24c772e7965e98ea13f78d4e9308abd536437bfa8c7b4fee91014bb5e
qwen3_4b_base,hadamard,Z16,hadamard_Z16,0,31,1.7676472663879395,2047,2b8c8fd24c772e7965e98ea13f78d4e9308abd536437bfa8c7b4fee91014bb5e
qwen3_4b_base,hadamard,Z32,hadamard_Z32,0,31,1.7679437398910522,2047,2b8c8fd24c772e7965e98ea13f78d4e9308abd536437bfa8c7b4fee91014bb5e
qwen3_4b_base,hadamard,ZB16,hadamard_ZB16,0,31,1.7677754163742065,2047,2b8c8fd24c772e7965e98ea13f78d4e9308abd536437bfa8c7b4fee91014bb5e
qwen3_4b_base,hadamard,S32,hadamard_S32,0,31,1.7682212591171265,2047,2b8c8fd24c772e7965e98ea13f78d4e9308abd536437bfa8c7b4fee91014bb5e
qwen3_4b_base,hadamard,Z16,hadamard_Z16,0,32,1.5740594863891602,2047,2b8c8fd24c772e7965e98ea13f78d4e9308abd536437bfa8c7b4fee91014bb5e
qwen3_4b_base,hadamard,Z32,hadamard_Z32,0,32,1.5741770267486572,2047,2b8c8fd24c772e7965e98ea13f78d4e9308abd536437bfa8c7b4fee91014bb5e
qwen3_4b_base,hadamard,ZB16,hadamard_ZB16,0,32,1.573102355003357,2047,2b8c8fd24c772e7965e98ea13f78d4e9308abd536437bfa8c7b4fee91014bb5e
qwen3_4b_base,hadamard,S32,hadamard_S32,0,32,1.574407696723938,2047,2b8c8fd24c772e7965e98ea13f78d4e9308abd536437bfa8c7b4fee91014bb5e
qwen3_4b_base,hadamard,Z16,hadamard_Z16,0,33,2.0494558811187744,2047,2b8c8fd24c772e7965e98ea13f78d4e9308abd536437bfa8c7b4fee91014bb5e
qwen3_4b_base,hadamard,Z32,hadamard_Z32,0,33,2.049077272415161,2047,2b8c8fd24c772e7965e98ea13f78d4e9308abd536437bfa8c7b4fee91014bb5e
qwen3_4b_base,hadamard,ZB16,hadamard_ZB16,0,33,2.0477793216705322,2047,2b8c8fd24c772e7965e98ea13f78d4e9308abd536437bfa8c7b4fee91014bb5e
qwen3_4b_base,hadamard,S32,hadamard_S32,0,33,2.0486373901367188,2047,2b8c8fd24c772e7965e98ea13f78d4e9308abd536437bfa8c7b4fee91014bb5e
qwen3_4b_base,hadamard,Z16,hadamard_Z16,0,34,1.9280930757522583,2047,2b8c8fd24c772e7965e98ea13f78d4e9308abd536437bfa8c7b4fee91014bb5e
qwen3_4b_base,hadamard,Z32,hadamard_Z32,0,34,1.9284502267837524,2047,2b8c8fd24c772e7965e98ea13f78d4e9308abd536437bfa8c7b4fee91014bb5e
qwen3_4b_base,hadamard,ZB16,hadamard_ZB16,0,34,1.928766131401062,2047,2b8c8fd24c772e7965e98ea13f78d4e9308abd536437bfa8c7b4fee91014bb5e
qwen3_4b_base,hadamard,S32,hadamard_S32,0,34,1.9294065237045288,2047,2b8c8fd24c772e7965e98ea13f78d4e9308abd536437bfa8c7b4fee91014bb5e
qwen3_4b_base,hadamard,Z16,hadamard_Z16,0,35,2.0479555130004883,2047,2b8c8fd24c772e7965e98ea13f78d4e9308abd536437bfa8c7b4fee91014bb5e
qwen3_4b_base,hadamard,Z32,hadamard_Z32,0,35,2.0476832389831543,2047,2b8c8fd24c772e7965e98ea13f78d4e9308abd536437bfa8c7b4fee91014bb5e
qwen3_4b_base,hadamard,ZB16,hadamard_ZB16,0,35,2.0474140644073486,2047,2b8c8fd24c772e7965e98ea13f78d4e9308abd536437bfa8c7b4fee91014bb5e
qwen3_4b_base,hadamard,S32,hadamard_S32,0,35,2.0491526126861572,2047,2b8c8fd24c772e7965e98ea13f78d4e9308abd536437bfa8c7b4fee91014bb5e
qwen3_4b_base,hadamard,Z16,hadamard_Z16,0,36,1.6672266721725464,2047,2b8c8fd24c772e7965e98ea13f78d4e9308abd536437bfa8c7b4fee91014bb5e
qwen3_4b_base,hadamard,Z32,hadamard_Z32,0,36,1.6661731004714966,2047,2b8c8fd24c772e7965e98ea13f78d4e9308abd536437bfa8c7b4fee91014bb5e
qwen3_4b_base,hadamard,ZB16,hadamard_ZB16,0,36,1.6658092737197876,2047,2b8c8fd24c772e7965e98ea13f78d4e9308abd536437bfa8c7b4fee91014bb5e
qwen3_4b_base,hadamard,S32,hadamard_S32,0,36,1.666494369506836,2047,2b8c8fd24c772e7965e98ea13f78d4e9308abd536437bfa8c7b4fee91014bb5e
qwen3_4b_base,hadamard,Z16,hadamard_Z16,0,37,1.496338129043579,2047,2b8c8fd24c772e7965e98ea13f78d4e9308abd536437bfa8c7b4fee91014bb5e
qwen3_4b_base,hadamard,Z32,hadamard_Z32,0,37,1.495206356048584,2047,2b8c8fd24c772e7965e98ea13f78d4e9308abd536437bfa8c7b4fee91014bb5e
qwen3_4b_base,hadamard,ZB16,hadamard_ZB16,0,37,1.4961304664611816,2047,2b8c8fd24c772e7965e98ea13f78d4e9308abd536437bfa8c7b4fee91014bb5e
qwen3_4b_base,hadamard,S32,hadamard_S32,0,37,1.495711326599121,2047,2b8c8fd24c772e7965e98ea13f78d4e9308abd536437bfa8c7b4fee91014bb5e
qwen3_4b_base,hadamard,Z16,hadamard_Z16,0,38,1.6209689378738403,2047,2b8c8fd24c772e7965e98ea13f78d4e9308abd536437bfa8c7b4fee91014bb5e
qwen3_4b_base,hadamard,Z32,hadamard_Z32,0,38,1.621049404144287,2047,2b8c8fd24c772e7965e98ea13f78d4e9308abd536437bfa8c7b4fee91014bb5e
qwen3_4b_base,hadamard,ZB16,hadamard_ZB16,0,38,1.620694637298584,2047,2b8c8fd24c772e7965e98ea13f78d4e9308abd536437bfa8c7b4fee91014bb5e
qwen3_4b_base,hadamard,S32,hadamard_S32,0,38,1.6201761960983276,2047,2b8c8fd24c772e7965e98ea13f78d4e9308abd536437bfa8c7b4fee91014bb5e
qwen3_4b_base,hadamard,Z16,hadamard_Z16,0,39,1.4220045804977417,2047,2b8c8fd24c772e7965e98ea13f78d4e9308abd536437bfa8c7b4fee91014bb5e
qwen3_4b_base,hadamard,Z32,hadamard_Z32,0,39,1.4233982563018799,2047,2b8c8fd24c772e7965e98ea13f78d4e9308abd536437bfa8c7b4fee91014bb5e
qwen3_4b_base,hadamard,ZB16,hadamard_ZB16,0,39,1.4216012954711914,2047,2b8c8fd24c772e7965e98ea13f78d4e9308abd536437bfa8c7b4fee91014bb5e
qwen3_4b_base,hadamard,S32,hadamard_S32,0,39,1.4230388402938843,2047,2b8c8fd24c772e7965e98ea13f78d4e9308abd536437bfa8c7b4fee91014bb5e
qwen3_4b_base,hadamard,Z16,hadamard_Z16,0,40,1.6439213752746582,2047,2b8c8fd24c772e7965e98ea13f78d4e9308abd536437bfa8c7b4fee91014bb5e
qwen3_4b_base,hadamard,Z32,hadamard_Z32,0,40,1.6432920694351196,2047,2b8c8fd24c772e7965e98ea13f78d4e9308abd536437bfa8c7b4fee91014bb5e
qwen3_4b_base,hadamard,ZB16,hadamard_ZB16,0,40,1.6433591842651367,2047,2b8c8fd24c772e7965e98ea13f78d4e9308abd536437bfa8c7b4fee91014bb5e
qwen3_4b_base,hadamard,S32,hadamard_S32,0,40,1.6436727046966553,2047,2b8c8fd24c772e7965e98ea13f78d4e9308abd536437bfa8c7b4fee91014bb5e
qwen3_4b_base,hadamard,Z16,hadamard_Z16,0,41,2.011658191680908,2047,2b8c8fd24c772e7965e98ea13f78d4e9308abd536437bfa8c7b4fee91014bb5e
qwen3_4b_base,hadamard,Z32,hadamard_Z32,0,41,2.011334180831909,2047,2b8c8fd24c772e7965e98ea13f78d4e9308abd536437bfa8c7b4fee91014bb5e
qwen3_4b_base,hadamard,ZB16,hadamard_ZB16,0,41,2.011115312576294,2047,2b8c8fd24c772e7965e98ea13f78d4e9308abd536437bfa8c7b4fee91014bb5e
qwen3_4b_base,hadamard,S32,hadamard_S32,0,41,2.0111820697784424,2047,2b8c8fd24c772e7965e98ea13f78d4e9308abd536437bfa8c7b4fee91014bb5e
qwen3_4b_base,hadamard,Z16,hadamard_Z16,0,42,2.4566762447357178,2047,2b8c8fd24c772e7965e98ea13f78d4e9308abd536437bfa8c7b4fee91014bb5e
qwen3_4b_base,hadamard,Z32,hadamard_Z32,0,42,2.4556186199188232,2047,2b8c8fd24c772e7965e98ea13f78d4e9308abd536437bfa8c7b4fee91014bb5e
qwen3_4b_base,hadamard,ZB16,hadamard_ZB16,0,42,2.455989360809326,2047,2b8c8fd24c772e7965e98ea13f78d4e9308abd536437bfa8c7b4fee91014bb5e
qwen3_4b_base,hadamard,S32,hadamard_S32,0,42,2.4562673568725586,2047,2b8c8fd24c772e7965e98ea13f78d4e9308abd536437bfa8c7b4fee91014bb5e
qwen3_4b_base,hadamard,Z16,hadamard_Z16,0,43,2.6863558292388916,2047,2b8c8fd24c772e7965e98ea13f78d4e9308abd536437bfa8c7b4fee91014bb5e
qwen3_4b_base,hadamard,Z32,hadamard_Z32,0,43,2.6859140396118164,2047,2b8c8fd24c772e7965e98ea13f78d4e9308abd536437bfa8c7b4fee91014bb5e
qwen3_4b_base,hadamard,ZB16,hadamard_ZB16,0,43,2.686624526977539,2047,2b8c8fd24c772e7965e98ea13f78d4e9308abd536437bfa8c7b4fee91014bb5e
qwen3_4b_base,hadamard,S32,hadamard_S32,0,43,2.685077428817749,2047,2b8c8fd24c772e7965e98ea13f78d4e9308abd536437bfa8c7b4fee91014bb5e
qwen3_4b_base,hadamard,Z16,hadamard_Z16,0,44,2.5798888206481934,2047,2b8c8fd24c772e7965e98ea13f78d4e9308abd536437bfa8c7b4fee91014bb5e
qwen3_4b_base,hadamard,Z32,hadamard_Z32,0,44,2.5803284645080566,2047,2b8c8fd24c772e7965e98ea13f78d4e9308abd536437bfa8c7b4fee91014bb5e
qwen3_4b_base,hadamard,ZB16,hadamard_ZB16,0,44,2.5795998573303223,2047,2b8c8fd24c772e7965e98ea13f78d4e9308abd536437bfa8c7b4fee91014bb5e
qwen3_4b_base,hadamard,S32,hadamard_S32,0,44,2.5797278881073,2047,2b8c8fd24c772e7965e98ea13f78d4e9308abd536437bfa8c7b4fee91014bb5e
qwen3_4b_base,hadamard,Z16,hadamard_Z16,0,45,2.359757661819458,2047,2b8c8fd24c772e7965e98ea13f78d4e9308abd536437bfa8c7b4fee91014bb5e
qwen3_4b_base,hadamard,Z32,hadamard_Z32,0,45,2.3599178791046143,2047,2b8c8fd24c772e7965e98ea13f78d4e9308abd536437bfa8c7b4fee91014bb5e
qwen3_4b_base,hadamard,ZB16,hadamard_ZB16,0,45,2.360269069671631,2047,2b8c8fd24c772e7965e98ea13f78d4e9308abd536437bfa8c7b4fee91014bb5e
qwen3_4b_base,hadamard,S32,hadamard_S32,0,45,2.360015392303467,2047,2b8c8fd24c772e7965e98ea13f78d4e9308abd536437bfa8c7b4fee91014bb5e
qwen3_4b_base,hadamard,Z16,hadamard_Z16,0,46,2.3026013374328613,2047,2b8c8fd24c772e7965e98ea13f78d4e9308abd536437bfa8c7b4fee91014bb5e
qwen3_4b_base,hadamard,Z32,hadamard_Z32,0,46,2.301995277404785,2047,2b8c8fd24c772e7965e98ea13f78d4e9308abd536437bfa8c7b4fee91014bb5e
qwen3_4b_base,hadamard,ZB16,hadamard_ZB16,0,46,2.3026516437530518,2047,2b8c8fd24c772e7965e98ea13f78d4e9308abd536437bfa8c7b4fee91014bb5e
qwen3_4b_base,hadamard,S32,hadamard_S32,0,46,2.3030898571014404,2047,2b8c8fd24c772e7965e98ea13f78d4e9308abd536437bfa8c7b4fee91014bb5e
qwen3_4b_base,hadamard,Z16,hadamard_Z16,0,47,2.4179601669311523,2047,2b8c8fd24c772e7965e98ea13f78d4e9308abd536437bfa8c7b4fee91014bb5e
qwen3_4b_base,hadamard,Z32,hadamard_Z32,0,47,2.4174976348876953,2047,2b8c8fd24c772e7965e98ea13f78d4e9308abd536437bfa8c7b4fee91014bb5e
qwen3_4b_base,hadamard,ZB16,hadamard_ZB16,0,47,2.4170889854431152,2047,2b8c8fd24c772e7965e98ea13f78d4e9308abd536437bfa8c7b4fee91014bb5e
qwen3_4b_base,hadamard,S32,hadamard_S32,0,47,2.419102191925049,2047,2b8c8fd24c772e7965e98ea13f78d4e9308abd536437bfa8c7b4fee91014bb5e
qwen3_4b_base,hadamard,Z16,hadamard_Z16,0,48,2.411714792251587,2047,2b8c8fd24c772e7965e98ea13f78d4e9308abd536437bfa8c7b4fee91014bb5e
qwen3_4b_base,hadamard,Z32,hadamard_Z32,0,48,2.4114387035369873,2047,2b8c8fd24c772e7965e98ea13f78d4e9308abd536437bfa8c7b4fee91014bb5e
qwen3_4b_base,hadamard,ZB16,hadamard_ZB16,0,48,2.4110283851623535,2047,2b8c8fd24c772e7965e98ea13f78d4e9308abd536437bfa8c7b4fee91014bb5e
qwen3_4b_base,hadamard,S32,hadamard_S32,0,48,2.4116780757904053,2047,2b8c8fd24c772e7965e98ea13f78d4e9308abd536437bfa8c7b4fee91014bb5e
qwen3_4b_base,hadamard,Z16,hadamard_Z16,0,49,1.982957363128662,2047,2b8c8fd24c772e7965e98ea13f78d4e9308abd536437bfa8c7b4fee91014bb5e
qwen3_4b_base,hadamard,Z32,hadamard_Z32,0,49,1.9837368726730347,2047,2b8c8fd24c772e7965e98ea13f78d4e9308abd536437bfa8c7b4fee91014bb5e
qwen3_4b_base,hadamard,ZB16,hadamard_ZB16,0,49,1.9837403297424316,2047,2b8c8fd24c772e7965e98ea13f78d4e9308abd536437bfa8c7b4fee91014bb5e
qwen3_4b_base,hadamard,S32,hadamard_S32,0,49,1.983898639678955,2047,2b8c8fd24c772e7965e98ea13f78d4e9308abd536437bfa8c7b4fee91014bb5e
qwen3_4b_base,hadamard,Z16,hadamard_Z16,0,50,2.2791357040405273,2047,2b8c8fd24c772e7965e98ea13f78d4e9308abd536437bfa8c7b4fee91014bb5e
qwen3_4b_base,hadamard,Z32,hadamard_Z32,0,50,2.279136896133423,2047,2b8c8fd24c772e7965e98ea13f78d4e9308abd536437bfa8c7b4fee91014bb5e
qwen3_4b_base,hadamard,ZB16,hadamard_ZB16,0,50,2.2792720794677734,2047,2b8c8fd24c772e7965e98ea13f78d4e9308abd536437bfa8c7b4fee91014bb5e
qwen3_4b_base,hadamard,S32,hadamard_S32,0,50,2.2784945964813232,2047,2b8c8fd24c772e7965e98ea13f78d4e9308abd536437bfa8c7b4fee91014bb5e
qwen3_4b_base,hadamard,Z16,hadamard_Z16,0,51,1.9409154653549194,2047,2b8c8fd24c772e7965e98ea13f78d4e9308abd536437bfa8c7b4fee91014bb5e
qwen3_4b_base,hadamard,Z32,hadamard_Z32,0,51,1.9413514137268066,2047,2b8c8fd24c772e7965e98ea13f78d4e9308abd536437bfa8c7b4fee91014bb5e
qwen3_4b_base,hadamard,ZB16,hadamard_ZB16,0,51,1.9415842294692993,2047,2b8c8fd24c772e7965e98ea13f78d4e9308abd536437bfa8c7b4fee91014bb5e
qwen3_4b_base,hadamard,S32,hadamard_S32,0,51,1.942345380783081,2047,2b8c8fd24c772e7965e98ea13f78d4e9308abd536437bfa8c7b4fee91014bb5e
qwen3_4b_base,hadamard,Z16,hadamard_Z16,0,52,1.8880432844161987,2047,2b8c8fd24c772e7965e98ea13f78d4e9308abd536437bfa8c7b4fee91014bb5e
qwen3_4b_base,hadamard,Z32,hadamard_Z32,0,52,1.887270212173462,2047,2b8c8fd24c772e7965e98ea13f78d4e9308abd536437bfa8c7b4fee91014bb5e
qwen3_4b_base,hadamard,ZB16,hadamard_ZB16,0,52,1.888003945350647,2047,2b8c8fd24c772e7965e98ea13f78d4e9308abd536437bfa8c7b4fee91014bb5e
qwen3_4b_base,hadamard,S32,hadamard_S32,0,52,1.8866218328475952,2047,2b8c8fd24c772e7965e98ea13f78d4e9308abd536437bfa8c7b4fee91014bb5e
qwen3_4b_base,hadamard,Z16,hadamard_Z16,0,53,1.8043464422225952,2047,2b8c8fd24c772e7965e98ea13f78d4e9308abd536437bfa8c7b4fee91014bb5e
qwen3_4b_base,hadamard,Z32,hadamard_Z32,0,53,1.8043509721755981,2047,2b8c8fd24c772e7965e98ea13f78d4e9308abd536437bfa8c7b4fee91014bb5e
qwen3_4b_base,hadamard,ZB16,hadamard_ZB16,0,53,1.8047935962677002,2047,2b8c8fd24c772e7965e98ea13f78d4e9308abd536437bfa8c7b4fee91014bb5e
qwen3_4b_base,hadamard,S32,hadamard_S32,0,53,1.8046799898147583,2047,2b8c8fd24c772e7965e98ea13f78d4e9308abd536437bfa8c7b4fee91014bb5e
qwen3_4b_base,hadamard,Z16,hadamard_Z16,0,54,1.6851277351379395,2047,2b8c8fd24c772e7965e98ea13f78d4e9308abd536437bfa8c7b4fee91014bb5e
qwen3_4b_base,hadamard,Z32,hadamard_Z32,0,54,1.6845884323120117,2047,2b8c8fd24c772e7965e98ea13f78d4e9308abd536437bfa8c7b4fee91014bb5e
qwen3_4b_base,hadamard,ZB16,hadamard_ZB16,0,54,1.684070348739624,2047,2b8c8fd24c772e7965e98ea13f78d4e9308abd536437bfa8c7b4fee91014bb5e
qwen3_4b_base,hadamard,S32,hadamard_S32,0,54,1.685805082321167,2047,2b8c8fd24c772e7965e98ea13f78d4e9308abd536437bfa8c7b4fee91014bb5e
qwen3_4b_base,hadamard,Z16,hadamard_Z16,0,55,1.8627164363861084,2047,2b8c8fd24c772e7965e98ea13f78d4e9308abd536437bfa8c7b4fee91014bb5e
qwen3_4b_base,hadamard,Z32,hadamard_Z32,0,55,1.861748456954956,2047,2b8c8fd24c772e7965e98ea13f78d4e9308abd536437bfa8c7b4fee91014bb5e
qwen3_4b_base,hadamard,ZB16,hadamard_ZB16,0,55,1.8607590198516846,2047,2b8c8fd24c772e7965e98ea13f78d4e9308abd536437bfa8c7b4fee91014bb5e
qwen3_4b_base,hadamard,S32,hadamard_S32,0,55,1.862659215927124,2047,2b8c8fd24c772e7965e98ea13f78d4e9308abd536437bfa8c7b4fee91014bb5e
qwen3_4b_base,hadamard,Z16,hadamard_Z16,0,56,1.6374893188476562,2047,2b8c8fd24c772e7965e98ea13f78d4e9308abd536437bfa8c7b4fee91014bb5e
qwen3_4b_base,hadamard,Z32,hadamard_Z32,0,56,1.6375459432601929,2047,2b8c8fd24c772e7965e98ea13f78d4e9308abd536437bfa8c7b4fee91014bb5e
qwen3_4b_base,hadamard,ZB16,hadamard_ZB16,0,56,1.638564109802246,2047,2b8c8fd24c772e7965e98ea13f78d4e9308abd536437bfa8c7b4fee91014bb5e
qwen3_4b_base,hadamard,S32,hadamard_S32,0,56,1.637211799621582,2047,2b8c8fd24c772e7965e98ea13f78d4e9308abd536437bfa8c7b4fee91014bb5e
qwen3_4b_base,hadamard,Z16,hadamard_Z16,0,57,1.569522738456726,2047,2b8c8fd24c772e7965e98ea13f78d4e9308abd536437bfa8c7b4fee91014bb5e
qwen3_4b_base,hadamard,Z32,hadamard_Z32,0,57,1.5697938203811646,2047,2b8c8fd24c772e7965e98ea13f78d4e9308abd536437bfa8c7b4fee91014bb5e
qwen3_4b_base,hadamard,ZB16,hadamard_ZB16,0,57,1.570168137550354,2047,2b8c8fd24c772e7965e98ea13f78d4e9308abd536437bfa8c7b4fee91014bb5e
qwen3_4b_base,hadamard,S32,hadamard_S32,0,57,1.569968819618225,2047,2b8c8fd24c772e7965e98ea13f78d4e9308abd536437bfa8c7b4fee91014bb5e
qwen3_4b_base,hadamard,Z16,hadamard_Z16,0,58,1.9000236988067627,2047,2b8c8fd24c772e7965e98ea13f78d4e9308abd536437bfa8c7b4fee91014bb5e
qwen3_4b_base,hadamard,Z32,hadamard_Z32,0,58,1.899276852607727,2047,2b8c8fd24c772e7965e98ea13f78d4e9308abd536437bfa8c7b4fee91014bb5e
qwen3_4b_base,hadamard,ZB16,hadamard_ZB16,0,58,1.8989994525909424,2047,2b8c8fd24c772e7965e98ea13f78d4e9308abd536437bfa8c7b4fee91014bb5e
qwen3_4b_base,hadamard,S32,hadamard_S32,0,58,1.8989849090576172,2047,2b8c8fd24c772e7965e98ea13f78d4e9308abd536437bfa8c7b4fee91014bb5e
qwen3_4b_base,hadamard,Z16,hadamard_Z16,0,59,1.8675700426101685,2047,2b8c8fd24c772e7965e98ea13f78d4e9308abd536437bfa8c7b4fee91014bb5e
qwen3_4b_base,hadamard,Z32,hadamard_Z32,0,59,1.8666512966156006,2047,2b8c8fd24c772e7965e98ea13f78d4e9308abd536437bfa8c7b4fee91014bb5e
qwen3_4b_base,hadamard,ZB16,hadamard_ZB16,0,59,1.8667575120925903,2047,2b8c8fd24c772e7965e98ea13f78d4e9308abd536437bfa8c7b4fee91014bb5e
qwen3_4b_base,hadamard,S32,hadamard_S32,0,59,1.8674753904342651,2047,2b8c8fd24c772e7965e98ea13f78d4e9308abd536437bfa8c7b4fee91014bb5e
qwen3_4b_base,hadamard,Z16,hadamard_Z16,0,60,2.1337428092956543,2047,2b8c8fd24c772e7965e98ea13f78d4e9308abd536437bfa8c7b4fee91014bb5e
qwen3_4b_base,hadamard,Z32,hadamard_Z32,0,60,2.13381290435791,2047,2b8c8fd24c772e7965e98ea13f78d4e9308abd536437bfa8c7b4fee91014bb5e
qwen3_4b_base,hadamard,ZB16,hadamard_ZB16,0,60,2.1338071823120117,2047,2b8c8fd24c772e7965e98ea13f78d4e9308abd536437bfa8c7b4fee91014bb5e
qwen3_4b_base,hadamard,S32,hadamard_S32,0,60,2.133619785308838,2047,2b8c8fd24c772e7965e98ea13f78d4e9308abd536437bfa8c7b4fee91014bb5e
qwen3_4b_base,hadamard,Z16,hadamard_Z16,0,61,2.29760479927063,2047,2b8c8fd24c772e7965e98ea13f78d4e9308abd536437bfa8c7b4fee91014bb5e
qwen3_4b_base,hadamard,Z32,hadamard_Z32,0,61,2.2977194786071777,2047,2b8c8fd24c772e7965e98ea13f78d4e9308abd536437bfa8c7b4fee91014bb5e
qwen3_4b_base,hadamard,ZB16,hadamard_ZB16,0,61,2.297302722930908,2047,2b8c8fd24c772e7965e98ea13f78d4e9308abd536437bfa8c7b4fee91014bb5e
qwen3_4b_base,hadamard,S32,hadamard_S32,0,61,2.297286033630371,2047,2b8c8fd24c772e7965e98ea13f78d4e9308abd536437bfa8c7b4fee91014bb5e
qwen3_4b_base,hadamard,Z16,hadamard_Z16,0,62,2.3886122703552246,2047,2b8c8fd24c772e7965e98ea13f78d4e9308abd536437bfa8c7b4fee91014bb5e
qwen3_4b_base,hadamard,Z32,hadamard_Z32,0,62,2.3893086910247803,2047,2b8c8fd24c772e7965e98ea13f78d4e9308abd536437bfa8c7b4fee91014bb5e
qwen3_4b_base,hadamard,ZB16,hadamard_ZB16,0,62,2.390389919281006,2047,2b8c8fd24c772e7965e98ea13f78d4e9308abd536437bfa8c7b4fee91014bb5e
qwen3_4b_base,hadamard,S32,hadamard_S32,0,62,2.388110399246216,2047,2b8c8fd24c772e7965e98ea13f78d4e9308abd536437bfa8c7b4fee91014bb5e
qwen3_4b_base,hadamard,Z16,hadamard_Z16,0,63,2.6482198238372803,2047,2b8c8fd24c772e7965e98ea13f78d4e9308abd536437bfa8c7b4fee91014bb5e
qwen3_4b_base,hadamard,Z32,hadamard_Z32,0,63,2.6478612422943115,2047,2b8c8fd24c772e7965e98ea13f78d4e9308abd536437bfa8c7b4fee91014bb5e
qwen3_4b_base,hadamard,ZB16,hadamard_ZB16,0,63,2.6483314037323,2047,2b8c8fd24c772e7965e98ea13f78d4e9308abd536437bfa8c7b4fee91014bb5e
qwen3_4b_base,hadamard,S32,hadamard_S32,0,63,2.647246837615967,2047,2b8c8fd24c772e7965e98ea13f78d4e9308abd536437bfa8c7b4fee91014bb5e
qwen3_4b_base,hadamard,Z16,hadamard_Z16,1,0,1.8148627281188965,2047,2b8c8fd24c772e7965e98ea13f78d4e9308abd536437bfa8c7b4fee91014bb5e
qwen3_4b_base,hadamard,Z32,hadamard_Z32,1,0,1.8144350051879883,2047,2b8c8fd24c772e7965e98ea13f78d4e9308abd536437bfa8c7b4fee91014bb5e
qwen3_4b_base,hadamard,ZB16,hadamard_ZB16,1,0,1.815613031387329,2047,2b8c8fd24c772e7965e98ea13f78d4e9308abd536437bfa8c7b4fee91014bb5e
qwen3_4b_base,hadamard,S32,hadamard_S32,1,0,1.8159620761871338,2047,2b8c8fd24c772e7965e98ea13f78d4e9308abd536437bfa8c7b4fee91014bb5e
qwen3_4b_base,hadamard,Z16,hadamard_Z16,1,1,2.288668632507324,2047,2b8c8fd24c772e7965e98ea13f78d4e9308abd536437bfa8c7b4fee91014bb5e
qwen3_4b_base,hadamard,Z32,hadamard_Z32,1,1,2.288961410522461,2047,2b8c8fd24c772e7965e98ea13f78d4e9308abd536437bfa8c7b4fee91014bb5e
qwen3_4b_base,hadamard,ZB16,hadamard_ZB16,1,1,2.289677381515503,2047,2b8c8fd24c772e7965e98ea13f78d4e9308abd536437bfa8c7b4fee91014bb5e
qwen3_4b_base,hadamard,S32,hadamard_S32,1,1,2.2885982990264893,2047,2b8c8fd24c772e7965e98ea13f78d4e9308abd536437bfa8c7b4fee91014bb5e
qwen3_4b_base,hadamard,Z16,hadamard_Z16,1,2,2.4936234951019287,2047,2b8c8fd24c772e7965e98ea13f78d4e9308abd536437bfa8c7b4fee91014bb5e
qwen3_4b_base,hadamard,Z32,hadamard_Z32,1,2,2.4939074516296387,2047,2b8c8fd24c772e7965e98ea13f78d4e9308abd536437bfa8c7b4fee91014bb5e
qwen3_4b_base,hadamard,ZB16,hadamard_ZB16,1,2,2.495295763015747,2047,2b8c8fd24c772e7965e98ea13f78d4e9308abd536437bfa8c7b4fee91014bb5e
qwen3_4b_base,hadamard,S32,hadamard_S32,1,2,2.49495267868042,2047,2b8c8fd24c772e7965e98ea13f78d4e9308abd536437bfa8c7b4fee91014bb5e
qwen3_4b_base,hadamard,Z16,hadamard_Z16,1,3,2.217733383178711,2047,2b8c8fd24c772e7965e98ea13f78d4e9308abd536437bfa8c7b4fee91014bb5e
qwen3_4b_base,hadamard,Z32,hadamard_Z32,1,3,2.217855930328369,2047,2b8c8fd24c772e7965e98ea13f78d4e9308abd536437bfa8c7b4fee91014bb5e
qwen3_4b_base,hadamard,ZB16,hadamard_ZB16,1,3,2.218147039413452,2047,2b8c8fd24c772e7965e98ea13f78d4e9308abd536437bfa8c7b4fee91014bb5e
qwen3_4b_base,hadamard,S32,hadamard_S32,1,3,2.2176260948181152,2047,2b8c8fd24c772e7965e98ea13f78d4e9308abd536437bfa8c7b4fee91014bb5e
qwen3_4b_base,hadamard,Z16,hadamard_Z16,1,4,1.9872372150421143,2047,2b8c8fd24c772e7965e98ea13f78d4e9308abd536437bfa8c7b4fee91014bb5e
qwen3_4b_base,hadamard,Z32,hadamard_Z32,1,4,1.9866927862167358,2047,2b8c8fd24c772e7965e98ea13f78d4e9308abd536437bfa8c7b4fee91014bb5e
qwen3_4b_base,hadamard,ZB16,hadamard_ZB16,1,4,1.9868643283843994,2047,2b8c8fd24c772e7965e98ea13f78d4e9308abd536437bfa8c7b4fee91014bb5e
qwen3_4b_base,hadamard,S32,hadamard_S32,1,4,1.9876519441604614,2047,2b8c8fd24c772e7965e98ea13f78d4e9308abd536437bfa8c7b4fee91014bb5e
qwen3_4b_base,hadamard,Z16,hadamard_Z16,1,5,1.530600905418396,2047,2b8c8fd24c772e7965e98ea13f78d4e9308abd536437bfa8c7b4fee91014bb5e
qwen3_4b_base,hadamard,Z32,hadamard_Z32,1,5,1.5323309898376465,2047,2b8c8fd24c772e7965e98ea13f78d4e9308abd536437bfa8c7b4fee91014bb5e
qwen3_4b_base,hadamard,ZB16,hadamard_ZB16,1,5,1.5320343971252441,2047,2b8c8fd24c772e7965e98ea13f78d4e9308abd536437bfa8c7b4fee91014bb5e
qwen3_4b_base,hadamard,S32,hadamard_S32,1,5,1.5311880111694336,2047,2b8c8fd24c772e7965e98ea13f78d4e9308abd536437bfa8c7b4fee91014bb5e
qwen3_4b_base,hadamard,Z16,hadamard_Z16,1,6,1.3375868797302246,2047,2b8c8fd24c772e7965e98ea13f78d4e9308abd536437bfa8c7b4fee91014bb5e
qwen3_4b_base,hadamard,Z32,hadamard_Z32,1,6,1.337161660194397,2047,2b8c8fd24c772e7965e98ea13f78d4e9308abd536437bfa8c7b4fee91014bb5e
qwen3_4b_base,hadamard,ZB16,hadamard_ZB16,1,6,1.3380173444747925,2047,2b8c8fd24c772e7965e98ea13f78d4e9308abd536437bfa8c7b4fee91014bb5e
qwen3_4b_base,hadamard,S32,hadamard_S32,1,6,1.3372312784194946,2047,2b8c8fd24c772e7965e98ea13f78d4e9308abd536437bfa8c7b4fee91014bb5e
qwen3_4b_base,hadamard,Z16,hadamard_Z16,1,7,1.911481261253357,2047,2b8c8fd24c772e7965e98ea13f78d4e9308abd536437bfa8c7b4fee91014bb5e
qwen3_4b_base,hadamard,Z32,hadamard_Z32,1,7,1.910408616065979,2047,2b8c8fd24c772e7965e98ea13f78d4e9308abd536437bfa8c7b4fee91014bb5e
qwen3_4b_base,hadamard,ZB16,hadamard_ZB16,1,7,1.9112061262130737,2047,2b8c8fd24c772e7965e98ea13f78d4e9308abd536437bfa8c7b4fee91014bb5e
qwen3_4b_base,hadamard,S32,hadamard_S32,1,7,1.910055160522461,2047,2b8c8fd24c772e7965e98ea13f78d4e9308abd536437bfa8c7b4fee91014bb5e
qwen3_4b_base,hadamard,Z16,hadamard_Z16,1,8,2.1378836631774902,2047,2b8c8fd24c772e7965e98ea13f78d4e9308abd536437bfa8c7b4fee91014bb5e
qwen3_4b_base,hadamard,Z32,hadamard_Z32,1,8,2.1379504203796387,2047,2b8c8fd24c772e7965e98ea13f78d4e9308abd536437bfa8c7b4fee91014bb5e
qwen3_4b_base,hadamard,ZB16,hadamard_ZB16,1,8,2.1377294063568115,2047,2b8c8fd24c772e7965e98ea13f78d4e9308abd536437bfa8c7b4fee91014bb5e
qwen3_4b_base,hadamard,S32,hadamard_S32,1,8,2.1371207237243652,2047,2b8c8fd24c772e7965e98ea13f78d4e9308abd536437bfa8c7b4fee91014bb5e
qwen3_4b_base,hadamard,Z16,hadamard_Z16,1,9,2.217586040496826,2047,2b8c8fd24c772e7965e98ea13f78d4e9308abd536437bfa8c7b4fee91014bb5e
qwen3_4b_base,hadamard,Z32,hadamard_Z32,1,9,2.217452049255371,2047,2b8c8fd24c772e7965e98ea13f78d4e9308abd536437bfa8c7b4fee91014bb5e
qwen3_4b_base,hadamard,ZB16,hadamard_ZB16,1,9,2.2195377349853516,2047,2b8c8fd24c772e7965e98ea13f78d4e9308abd536437bfa8c7b4fee91014bb5e
qwen3_4b_base,hadamard,S32,hadamard_S32,1,9,2.2172043323516846,2047,2b8c8fd24c772e7965e98ea13f78d4e9308abd536437bfa8c7b4fee91014bb5e
qwen3_4b_base,hadamard,Z16,hadamard_Z16,1,10,2.0846917629241943,2047,2b8c8fd24c772e7965e98ea13f78d4e9308abd536437bfa8c7b4fee91014bb5e
qwen3_4b_base,hadamard,Z32,hadamard_Z32,1,10,2.0846645832061768,2047,2b8c8fd24c772e7965e98ea13f78d4e9308abd536437bfa8c7b4fee91014bb5e
qwen3_4b_base,hadamard,ZB16,hadamard_ZB16,1,10,2.085299253463745,2047,2b8c8fd24c772e7965e98ea13f78d4e9308abd536437bfa8c7b4fee91014bb5e
qwen3_4b_base,hadamard,S32,hadamard_S32,1,10,2.085265874862671,2047,2b8c8fd24c772e7965e98ea13f78d4e9308abd536437bfa8c7b4fee91014bb5e
qwen3_4b_base,hadamard,Z16,hadamard_Z16,1,11,2.1378791332244873,2047,2b8c8fd24c772e7965e98ea13f78d4e9308abd536437bfa8c7b4fee91014bb5e
qwen3_4b_base,hadamard,Z32,hadamard_Z32,1,11,2.1377978324890137,2047,2b8c8fd24c772e7965e98ea13f78d4e9308abd536437bfa8c7b4fee91014bb5e
qwen3_4b_base,hadamard,ZB16,hadamard_ZB16,1,11,2.1379315853118896,2047,2b8c8fd24c772e7965e98ea13f78d4e9308abd536437bfa8c7b4fee91014bb5e
qwen3_4b_base,hadamard,S32,hadamard_S32,1,11,2.1379165649414062,2047,2b8c8fd24c772e7965e98ea13f78d4e9308abd536437bfa8c7b4fee91014bb5e
qwen3_4b_base,hadamard,Z16,hadamard_Z16,1,12,2.1211347579956055,2047,2b8c8fd24c772e7965e98ea13f78d4e9308abd536437bfa8c7b4fee91014bb5e
qwen3_4b_base,hadamard,Z32,hadamard_Z32,1,12,2.120995044708252,2047,2b8c8fd24c772e7965e98ea13f78d4e9308abd536437bfa8c7b4fee91014bb5e
qwen3_4b_base,hadamard,ZB16,hadamard_ZB16,1,12,2.1211161613464355,2047,2b8c8fd24c772e7965e98ea13f78d4e9308abd536437bfa8c7b4fee91014bb5e
qwen3_4b_base,hadamard,S32,hadamard_S32,1,12,2.1207077503204346,2047,2b8c8fd24c772e7965e98ea13f78d4e9308abd536437bfa8c7b4fee91014bb5e
qwen3_4b_base,hadamard,Z16,hadamard_Z16,1,13,2.267927885055542,2047,2b8c8fd24c772e7965e98ea13f78d4e9308abd536437bfa8c7b4fee91014bb5e
qwen3_4b_base,hadamard,Z32,hadamard_Z32,1,13,2.2683768272399902,2047,2b8c8fd24c772e7965e98ea13f78d4e9308abd536437bfa8c7b4fee91014bb5e
qwen3_4b_base,hadamard,ZB16,hadamard_ZB16,1,13,2.2692601680755615,2047,2b8c8fd24c772e7965e98ea13f78d4e9308abd536437bfa8c7b4fee91014bb5e
qwen3_4b_base,hadamard,S32,hadamard_S32,1,13,2.2684011459350586,2047,2b8c8fd24c772e7965e98ea13f78d4e9308abd536437bfa8c7b4fee91014bb5e
qwen3_4b_base,hadamard,Z16,hadamard_Z16,1,14,2.1820123195648193,2047,2b8c8fd24c772e7965e98ea13f78d4e9308abd536437bfa8c7b4fee91014bb5e
qwen3_4b_base,hadamard,Z32,hadamard_Z32,1,14,2.1821939945220947,2047,2b8c8fd24c772e7965e98ea13f78d4e9308abd536437bfa8c7b4fee91014bb5e
qwen3_4b_base,hadamard,ZB16,hadamard_ZB16,1,14,2.1817407608032227,2047,2b8c8fd24c772e7965e98ea13f78d4e9308abd536437bfa8c7b4fee91014bb5e
qwen3_4b_base,hadamard,S32,hadamard_S32,1,14,2.1815671920776367,2047,2b8c8fd24c772e7965e98ea13f78d4e9308abd536437bfa8c7b4fee91014bb5e
qwen3_4b_base,hadamard,Z16,hadamard_Z16,1,15,2.317082643508911,2047,2b8c8fd24c772e7965e98ea13f78d4e9308abd536437bfa8c7b4fee91014bb5e
qwen3_4b_base,hadamard,Z32,hadamard_Z32,1,15,2.3161461353302,2047,2b8c8fd24c772e7965e98ea13f78d4e9308abd536437bfa8c7b4fee91014bb5e
qwen3_4b_base,hadamard,ZB16,hadamard_ZB16,1,15,2.3165385723114014,2047,2b8c8fd24c772e7965e98ea13f78d4e9308abd536437bfa8c7b4fee91014bb5e
qwen3_4b_base,hadamard,S32,hadamard_S32,1,15,2.3164072036743164,2047,2b8c8fd24c772e7965e98ea13f78d4e9308abd536437bfa8c7b4fee91014bb5e
qwen3_4b_base,hadamard,Z16,hadamard_Z16,1,16,2.4305927753448486,2047,2b8c8fd24c772e7965e98ea13f78d4e9308abd536437bfa8c7b4fee91014bb5e
qwen3_4b_base,hadamard,Z32,hadamard_Z32,1,16,2.431117534637451,2047,2b8c8fd24c772e7965e98ea13f78d4e9308abd536437bfa8c7b4fee91014bb5e
qwen3_4b_base,hadamard,ZB16,hadamard_ZB16,1,16,2.4313108921051025,2047,2b8c8fd24c772e7965e98ea13f78d4e9308abd536437bfa8c7b4fee91014bb5e
qwen3_4b_base,hadamard,S32,hadamard_S32,1,16,2.431359052658081,2047,2b8c8fd24c772e7965e98ea13f78d4e9308abd536437bfa8c7b4fee91014bb5e
qwen3_4b_base,hadamard,Z16,hadamard_Z16,1,17,2.256755828857422,2047,2b8c8fd24c772e7965e98ea13f78d4e9308abd536437bfa8c7b4fee91014bb5e
qwen3_4b_base,hadamard,Z32,hadamard_Z32,1,17,2.2563118934631348,2047,2b8c8fd24c772e7965e98ea13f78d4e9308abd536437bfa8c7b4fee91014bb5e
qwen3_4b_base,hadamard,ZB16,hadamard_ZB16,1,17,2.257155418395996,2047,2b8c8fd24c772e7965e98ea13f78d4e9308abd536437bfa8c7b4fee91014bb5e
qwen3_4b_base,hadamard,S32,hadamard_S32,1,17,2.2572901248931885,2047,2b8c8fd24c772e7965e98ea13f78d4e9308abd536437bfa8c7b4fee91014bb5e
qwen3_4b_base,hadamard,Z16,hadamard_Z16,1,18,2.045637369155884,2047,2b8c8fd24c772e7965e98ea13f78d4e9308abd536437bfa8c7b4fee91014bb5e
qwen3_4b_base,hadamard,Z32,hadamard_Z32,1,18,2.0460338592529297,2047,2b8c8fd24c772e7965e98ea13f78d4e9308abd536437bfa8c7b4fee91014bb5e
qwen3_4b_base,hadamard,ZB16,hadamard_ZB16,1,18,2.0464868545532227,2047,2b8c8fd24c772e7965e98ea13f78d4e9308abd536437bfa8c7b4fee91014bb5e
qwen3_4b_base,hadamard,S32,hadamard_S32,1,18,2.0453126430511475,2047,2b8c8fd24c772e7965e98ea13f78d4e9308abd536437bfa8c7b4fee91014bb5e
qwen3_4b_base,hadamard,Z16,hadamard_Z16,1,19,1.8837690353393555,2047,2b8c8fd24c772e7965e98ea13f78d4e9308abd536437bfa8c7b4fee91014bb5e
qwen3_4b_base,hadamard,Z32,hadamard_Z32,1,19,1.883862018585205,2047,2b8c8fd24c772e7965e98ea13f78d4e9308abd536437bfa8c7b4fee91014bb5e
qwen3_4b_base,hadamard,ZB16,hadamard_ZB16,1,19,1.8837366104125977,2047,2b8c8fd24c772e7965e98ea13f78d4e9308abd536437bfa8c7b4fee91014bb5e
qwen3_4b_base,hadamard,S32,hadamard_S32,1,19,1.8846454620361328,2047,2b8c8fd24c772e7965e98ea13f78d4e9308abd536437bfa8c7b4fee91014bb5e
qwen3_4b_base,hadamard,Z16,hadamard_Z16,1,20,2.063873767852783,2047,2b8c8fd24c772e7965e98ea13f78d4e9308abd536437bfa8c7b4fee91014bb5e
qwen3_4b_base,hadamard,Z32,hadamard_Z32,1,20,2.0646114349365234,2047,2b8c8fd24c772e7965e98ea13f78d4e9308abd536437bfa8c7b4fee91014bb5e
qwen3_4b_base,hadamard,ZB16,hadamard_ZB16,1,20,2.064560890197754,2047,2b8c8fd24c772e7965e98ea13f78d4e9308abd536437bfa8c7b4fee91014bb5e
qwen3_4b_base,hadamard,S32,hadamard_S32,1,20,2.0639023780822754,2047,2b8c8fd24c772e7965e98ea13f78d4e9308abd536437bfa8c7b4fee91014bb5e
qwen3_4b_base,hadamard,Z16,hadamard_Z16,1,21,2.3363053798675537,2047,2b8c8fd24c772e7965e98ea13f78d4e9308abd536437bfa8c7b4fee91014bb5e
qwen3_4b_base,hadamard,Z32,hadamard_Z32,1,21,2.3371593952178955,2047,2b8c8fd24c772e7965e98ea13f78d4e9308abd536437bfa8c7b4fee91014bb5e
qwen3_4b_base,hadamard,ZB16,hadamard_ZB16,1,21,2.337287664413452,2047,2b8c8fd24c772e7965e98ea13f78d4e9308abd536437bfa8c7b4fee91014bb5e
qwen3_4b_base,hadamard,S32,hadamard_S32,1,21,2.3360397815704346,2047,2b8c8fd24c772e7965e98ea13f78d4e9308abd536437bfa8c7b4fee91014bb5e
qwen3_4b_base,hadamard,Z16,hadamard_Z16,1,22,2.061347484588623,2047,2b8c8fd24c772e7965e98ea13f78d4e9308abd536437bfa8c7b4fee91014bb5e
qwen3_4b_base,hadamard,Z32,hadamard_Z32,1,22,2.0613999366760254,2047,2b8c8fd24c772e7965e98ea13f78d4e9308abd536437bfa8c7b4fee91014bb5e
qwen3_4b_base,hadamard,ZB16,hadamard_ZB16,1,22,2.0609776973724365,2047,2b8c8fd24c772e7965e98ea13f78d4e9308abd536437bfa8c7b4fee91014bb5e
qwen3_4b_base,hadamard,S32,hadamard_S32,1,22,2.06150484085083,2047,2b8c8fd24c772e7965e98ea13f78d4e9308abd536437bfa8c7b4fee91014bb5e
qwen3_4b_base,hadamard,Z16,hadamard_Z16,1,23,2.188100814819336,2047,2b8c8fd24c772e7965e98ea13f78d4e9308abd536437bfa8c7b4fee91014bb5e
qwen3_4b_base,hadamard,Z32,hadamard_Z32,1,23,2.187852621078491,2047,2b8c8fd24c772e7965e98ea13f78d4e9308abd536437bfa8c7b4fee91014bb5e
qwen3_4b_base,hadamard,ZB16,hadamard_ZB16,1,23,2.1871354579925537,2047,2b8c8fd24c772e7965e98ea13f78d4e9308abd536437bfa8c7b4fee91014bb5e
qwen3_4b_base,hadamard,S32,hadamard_S32,1,23,2.1886584758758545,2047,2b8c8fd24c772e7965e98ea13f78d4e9308abd536437bfa8c7b4fee91014bb5e
qwen3_4b_base,hadamard,Z16,hadamard_Z16,1,24,2.1930086612701416,2047,2b8c8fd24c772e7965e98ea13f78d4e9308abd536437bfa8c7b4fee91014bb5e
qwen3_4b_base,hadamard,Z32,hadamard_Z32,1,24,2.1934123039245605,2047,2b8c8fd24c772e7965e98ea13f78d4e9308abd536437bfa8c7b4fee91014bb5e
qwen3_4b_base,hadamard,ZB16,hadamard_ZB16,1,24,2.1914939880371094,2047,2b8c8fd24c772e7965e98ea13f78d4e9308abd536437bfa8c7b4fee91014bb5e
qwen3_4b_base,hadamard,S32,hadamard_S32,1,24,2.1922059059143066,2047,2b8c8fd24c772e7965e98ea13f78d4e9308abd536437bfa8c7b4fee91014bb5e
qwen3_4b_base,hadamard,Z16,hadamard_Z16,1,25,2.2683591842651367,2047,2b8c8fd24c772e7965e98ea13f78d4e9308abd536437bfa8c7b4fee91014bb5e
qwen3_4b_base,hadamard,Z32,hadamard_Z32,1,25,2.2693071365356445,2047,2b8c8fd24c772e7965e98ea13f78d4e9308abd536437bfa8c7b4fee91014bb5e
qwen3_4b_base,hadamard,ZB16,hadamard_ZB16,1,25,2.269568920135498,2047,2b8c8fd24c772e7965e98ea13f78d4e9308abd536437bfa8c7b4fee91014bb5e
qwen3_4b_base,hadamard,S32,hadamard_S32,1,25,2.2688724994659424,2047,2b8c8fd24c772e7965e98ea13f78d4e9308abd536437bfa8c7b4fee91014bb5e
qwen3_4b_base,hadamard,Z16,hadamard_Z16,1,26,2.35341477394104,2047,2b8c8fd24c772e7965e98ea13f78d4e9308abd536437bfa8c7b4fee91014bb5e
qwen3_4b_base,hadamard,Z32,hadamard_Z32,1,26,2.3540456295013428,2047,2b8c8fd24c772e7965e98ea13f78d4e9308abd536437bfa8c7b4fee91014bb5e
qwen3_4b_base,hadamard,ZB16,hadamard_ZB16,1,26,2.3529245853424072,2047,2b8c8fd24c772e7965e98ea13f78d4e9308abd536437bfa8c7b4fee91014bb5e
qwen3_4b_base,hadamard,S32,hadamard_S32,1,26,2.352989435195923,2047,2b8c8fd24c772e7965e98ea13f78d4e9308abd536437bfa8c7b4fee91014bb5e
qwen3_4b_base,hadamard,Z16,hadamard_Z16,1,27,2.5374157428741455,2047,2b8c8fd24c772e7965e98ea13f78d4e9308abd536437bfa8c7b4fee91014bb5e
qwen3_4b_base,hadamard,Z32,hadamard_Z32,1,27,2.5367658138275146,2047,2b8c8fd24c772e7965e98ea13f78d4e9308abd536437bfa8c7b4fee91014bb5e
qwen3_4b_base,hadamard,ZB16,hadamard_ZB16,1,27,2.5375616550445557,2047,2b8c8fd24c772e7965e98ea13f78d4e9308abd536437bfa8c7b4fee91014bb5e
qwen3_4b_base,hadamard,S32,hadamard_S32,1,27,2.538649082183838,2047,2b8c8fd24c772e7965e98ea13f78d4e9308abd536437bfa8c7b4fee91014bb5e
qwen3_4b_base,hadamard,Z16,hadamard_Z16,1,28,2.301086187362671,2047,2b8c8fd24c772e7965e98ea13f78d4e9308abd536437bfa8c7b4fee91014bb5e
qwen3_4b_base,hadamard,Z32,hadamard_Z32,1,28,2.3015644550323486,2047,2b8c8fd24c772e7965e98ea13f78d4e9308abd536437bfa8c7b4fee91014bb5e
qwen3_4b_base,hadamard,ZB16,hadamard_ZB16,1,28,2.300576686859131,2047,2b8c8fd24c772e7965e98ea13f78d4e9308abd536437bfa8c7b4fee91014bb5e
qwen3_4b_base,hadamard,S32,hadamard_S32,1,28,2.301957130432129,2047,2b8c8fd24c772e7965e98ea13f78d4e9308abd536437bfa8c7b4fee91014bb5e
qwen3_4b_base,hadamard,Z16,hadamard_Z16,1,29,1.9172831773757935,2047,2b8c8fd24c772e7965e98ea13f78d4e9308abd536437bfa8c7b4fee91014bb5e
qwen3_4b_base,hadamard,Z32,hadamard_Z32,1,29,1.9178919792175293,2047,2b8c8fd24c772e7965e98ea13f78d4e9308abd536437bfa8c7b4fee91014bb5e
qwen3_4b_base,hadamard,ZB16,hadamard_ZB16,1,29,1.9174880981445312,2047,2b8c8fd24c772e7965e98ea13f78d4e9308abd536437bfa8c7b4fee91014bb5e
qwen3_4b_base,hadamard,S32,hadamard_S32,1,29,1.9168459177017212,2047,2b8c8fd24c772e7965e98ea13f78d4e9308abd536437bfa8c7b4fee91014bb5e
qwen3_4b_base,hadamard,Z16,hadamard_Z16,1,30,1.8498934507369995,2047,2b8c8fd24c772e7965e98ea13f78d4e9308abd536437bfa8c7b4fee91014bb5e
qwen3_4b_base,hadamard,Z32,hadamard_Z32,1,30,1.8510260581970215,2047,2b8c8fd24c772e7965e98ea13f78d4e9308abd536437bfa8c7b4fee91014bb5e
qwen3_4b_base,hadamard,ZB16,hadamard_ZB16,1,30,1.8506962060928345,2047,2b8c8fd24c772e7965e98ea13f78d4e9308abd536437bfa8c7b4fee91014bb5e
qwen3_4b_base,hadamard,S32,hadamard_S32,1,30,1.8502873182296753,2047,2b8c8fd24c772e7965e98ea13f78d4e9308abd536437bfa8c7b4fee91014bb5e
qwen3_4b_base,hadamard,Z16,hadamard_Z16,1,31,1.773974895477295,2047,2b8c8fd24c772e7965e98ea13f78d4e9308abd536437bfa8c7b4fee91014bb5e
qwen3_4b_base,hadamard,Z32,hadamard_Z32,1,31,1.7736109495162964,2047,2b8c8fd24c772e7965e98ea13f78d4e9308abd536437bfa8c7b4fee91014bb5e
qwen3_4b_base,hadamard,ZB16,hadamard_ZB16,1,31,1.7757450342178345,2047,2b8c8fd24c772e7965e98ea13f78d4e9308abd536437bfa8c7b4fee91014bb5e
qwen3_4b_base,hadamard,S32,hadamard_S32,1,31,1.7741948366165161,2047,2b8c8fd24c772e7965e98ea13f78d4e9308abd536437bfa8c7b4fee91014bb5e
qwen3_4b_base,hadamard,Z16,hadamard_Z16,1,32,1.5707154273986816,2047,2b8c8fd24c772e7965e98ea13f78d4e9308abd536437bfa8c7b4fee91014bb5e
qwen3_4b_base,hadamard,Z32,hadamard_Z32,1,32,1.5716246366500854,2047,2b8c8fd24c772e7965e98ea13f78d4e9308abd536437bfa8c7b4fee91014bb5e
qwen3_4b_base,hadamard,ZB16,hadamard_ZB16,1,32,1.5708037614822388,2047,2b8c8fd24c772e7965e98ea13f78d4e9308abd536437bfa8c7b4fee91014bb5e
qwen3_4b_base,hadamard,S32,hadamard_S32,1,32,1.5715287923812866,2047,2b8c8fd24c772e7965e98ea13f78d4e9308abd536437bfa8c7b4fee91014bb5e
qwen3_4b_base,hadamard,Z16,hadamard_Z16,1,33,2.047314167022705,2047,2b8c8fd24c772e7965e98ea13f78d4e9308abd536437bfa8c7b4fee91014bb5e
qwen3_4b_base,hadamard,Z32,hadamard_Z32,1,33,2.0471251010894775,2047,2b8c8fd24c772e7965e98ea13f78d4e9308abd536437bfa8c7b4fee91014bb5e
qwen3_4b_base,hadamard,ZB16,hadamard_ZB16,1,33,2.0472817420959473,2047,2b8c8fd24c772e7965e98ea13f78d4e9308abd536437bfa8c7b4fee91014bb5e
qwen3_4b_base,hadamard,S32,hadamard_S32,1,33,2.04760479927063,2047,2b8c8fd24c772e7965e98ea13f78d4e9308abd536437bfa8c7b4fee91014bb5e
qwen3_4b_base,hadamard,Z16,hadamard_Z16,1,34,1.9294663667678833,2047,2b8c8fd24c772e7965e98ea13f78d4e9308abd536437bfa8c7b4fee91014bb5e
qwen3_4b_base,hadamard,Z32,hadamard_Z32,1,34,1.9290465116500854,2047,2b8c8fd24c772e7965e98ea13f78d4e9308abd536437bfa8c7b4fee91014bb5e
qwen3_4b_base,hadamard,ZB16,hadamard_ZB16,1,34,1.9285310506820679,2047,2b8c8fd24c772e7965e98ea13f78d4e9308abd536437bfa8c7b4fee91014bb5e
qwen3_4b_base,hadamard,S32,hadamard_S32,1,34,1.9281895160675049,2047,2b8c8fd24c772e7965e98ea13f78d4e9308abd536437bfa8c7b4fee91014bb5e
qwen3_4b_base,hadamard,Z16,hadamard_Z16,1,35,2.034290313720703,2047,2b8c8fd24c772e7965e98ea13f78d4e9308abd536437bfa8c7b4fee91014bb5e
qwen3_4b_base,hadamard,Z32,hadamard_Z32,1,35,2.0340640544891357,2047,2b8c8fd24c772e7965e98ea13f78d4e9308abd536437bfa8c7b4fee91014bb5e
qwen3_4b_base,hadamard,ZB16,hadamard_ZB16,1,35,2.033935308456421,2047,2b8c8fd24c772e7965e98ea13f78d4e9308abd536437bfa8c7b4fee91014bb5e
qwen3_4b_base,hadamard,S32,hadamard_S32,1,35,2.0347931385040283,2047,2b8c8fd24c772e7965e98ea13f78d4e9308abd536437bfa8c7b4fee91014bb5e
qwen3_4b_base,hadamard,Z16,hadamard_Z16,1,36,1.659609317779541,2047,2b8c8fd24c772e7965e98ea13f78d4e9308abd536437bfa8c7b4fee91014bb5e
qwen3_4b_base,hadamard,Z32,hadamard_Z32,1,36,1.6593018770217896,2047,2b8c8fd24c772e7965e98ea13f78d4e9308abd536437bfa8c7b4fee91014bb5e
qwen3_4b_base,hadamard,ZB16,hadamard_ZB16,1,36,1.6594351530075073,2047,2b8c8fd24c772e7965e98ea13f78d4e9308abd536437bfa8c7b4fee91014bb5e
qwen3_4b_base,hadamard,S32,hadamard_S32,1,36,1.65914785861969,2047,2b8c8fd24c772e7965e98ea13f78d4e9308abd536437bfa8c7b4fee91014bb5e
qwen3_4b_base,hadamard,Z16,hadamard_Z16,1,37,1.4824566841125488,2047,2b8c8fd24c772e7965e98ea13f78d4e9308abd536437bfa8c7b4fee91014bb5e
qwen3_4b_base,hadamard,Z32,hadamard_Z32,1,37,1.482809066772461,2047,2b8c8fd24c772e7965e98ea13f78d4e9308abd536437bfa8c7b4fee91014bb5e
qwen3_4b_base,hadamard,ZB16,hadamard_ZB16,1,37,1.4821020364761353,2047,2b8c8fd24c772e7965e98ea13f78d4e9308abd536437bfa8c7b4fee91014bb5e
qwen3_4b_base,hadamard,S32,hadamard_S32,1,37,1.4827250242233276,2047,2b8c8fd24c772e7965e98ea13f78d4e9308abd536437bfa8c7b4fee91014bb5e
qwen3_4b_base,hadamard,Z16,hadamard_Z16,1,38,1.6111849546432495,2047,2b8c8fd24c772e7965e98ea13f78d4e9308abd536437bfa8c7b4fee91014bb5e
qwen3_4b_base,hadamard,Z32,hadamard_Z32,1,38,1.610701084136963,2047,2b8c8fd24c772e7965e98ea13f78d4e9308abd536437bfa8c7b4fee91014bb5e
qwen3_4b_base,hadamard,ZB16,hadamard_ZB16,1,38,1.6107673645019531,2047,2b8c8fd24c772e7965e98ea13f78d4e9308abd536437bfa8c7b4fee91014bb5e
qwen3_4b_base,hadamard,S32,hadamard_S32,1,38,1.6101444959640503,2047,2b8c8fd24c772e7965e98ea13f78d4e9308abd536437bfa8c7b4fee91014bb5e
qwen3_4b_base,hadamard,Z16,hadamard_Z16,1,39,1.4158676862716675,2047,2b8c8fd24c772e7965e98ea13f78d4e9308abd536437bfa8c7b4fee91014bb5e
qwen3_4b_base,hadamard,Z32,hadamard_Z32,1,39,1.41623854637146,2047,2b8c8fd24c772e7965e98ea13f78d4e9308abd536437bfa8c7b4fee91014bb5e
qwen3_4b_base,hadamard,ZB16,hadamard_ZB16,1,39,1.4169918298721313,2047,2b8c8fd24c772e7965e98ea13f78d4e9308abd536437bfa8c7b4fee91014bb5e
qwen3_4b_base,hadamard,S32,hadamard_S32,1,39,1.4170609712600708,2047,2b8c8fd24c772e7965e98ea13f78d4e9308abd536437bfa8c7b4fee91014bb5e
qwen3_4b_base,hadamard,Z16,hadamard_Z16,1,40,1.6427466869354248,2047,2b8c8fd24c772e7965e98ea13f78d4e9308abd536437bfa8c7b4fee91014bb5e
qwen3_4b_base,hadamard,Z32,hadamard_Z32,1,40,1.643206000328064,2047,2b8c8fd24c772e7965e98ea13f78d4e9308abd536437bfa8c7b4fee91014bb5e
qwen3_4b_base,hadamard,ZB16,hadamard_ZB16,1,40,1.6435551643371582,2047,2b8c8fd24c772e7965e98ea13f78d4e9308abd536437bfa8c7b4fee91014bb5e
qwen3_4b_base,hadamard,S32,hadamard_S32,1,40,1.6428781747817993,2047,2b8c8fd24c772e7965e98ea13f78d4e9308abd536437bfa8c7b4fee91014bb5e
qwen3_4b_base,hadamard,Z16,hadamard_Z16,1,41,2.0116679668426514,2047,2b8c8fd24c772e7965e98ea13f78d4e9308abd536437bfa8c7b4fee91014bb5e
qwen3_4b_base,hadamard,Z32,hadamard_Z32,1,41,2.011718511581421,2047,2b8c8fd24c772e7965e98ea13f78d4e9308abd536437bfa8c7b4fee91014bb5e
qwen3_4b_base,hadamard,ZB16,hadamard_ZB16,1,41,2.01203989982605,2047,2b8c8fd24c772e7965e98ea13f78d4e9308abd536437bfa8c7b4fee91014bb5e
qwen3_4b_base,hadamard,S32,hadamard_S32,1,41,2.0119893550872803,2047,2b8c8fd24c772e7965e98ea13f78d4e9308abd536437bfa8c7b4fee91014bb5e
qwen3_4b_base,hadamard,Z16,hadamard_Z16,1,42,2.469882011413574,2047,2b8c8fd24c772e7965e98ea13f78d4e9308abd536437bfa8c7b4fee91014bb5e
qwen3_4b_base,hadamard,Z32,hadamard_Z32,1,42,2.4696149826049805,2047,2b8c8fd24c772e7965e98ea13f78d4e9308abd536437bfa8c7b4fee91014bb5e
qwen3_4b_base,hadamard,ZB16,hadamard_ZB16,1,42,2.4694859981536865,2047,2b8c8fd24c772e7965e98ea13f78d4e9308abd536437bfa8c7b4fee91014bb5e
qwen3_4b_base,hadamard,S32,hadamard_S32,1,42,2.4696779251098633,2047,2b8c8fd24c772e7965e98ea13f78d4e9308abd536437bfa8c7b4fee91014bb5e
qwen3_4b_base,hadamard,Z16,hadamard_Z16,1,43,2.6914896965026855,2047,2b8c8fd24c772e7965e98ea13f78d4e9308abd536437bfa8c7b4fee91014bb5e
qwen3_4b_base,hadamard,Z32,hadamard_Z32,1,43,2.692237615585327,2047,2b8c8fd24c772e7965e98ea13f78d4e9308abd536437bfa8c7b4fee91014bb5e
qwen3_4b_base,hadamard,ZB16,hadamard_ZB16,1,43,2.6933233737945557,2047,2b8c8fd24c772e7965e98ea13f78d4e9308abd536437bfa8c7b4fee91014bb5e
qwen3_4b_base,hadamard,S32,hadamard_S32,1,43,2.692551612854004,2047,2b8c8fd24c772e7965e98ea13f78d4e9308abd536437bfa8c7b4fee91014bb5e
qwen3_4b_base,hadamard,Z16,hadamard_Z16,1,44,2.576451301574707,2047,2b8c8fd24c772e7965e98ea13f78d4e9308abd536437bfa8c7b4fee91014bb5e
qwen3_4b_base,hadamard,Z32,hadamard_Z32,1,44,2.577677011489868,2047,2b8c8fd24c772e7965e98ea13f78d4e9308abd536437bfa8c7b4fee91014bb5e
qwen3_4b_base,hadamard,ZB16,hadamard_ZB16,1,44,2.577547788619995,2047,2b8c8fd24c772e7965e98ea13f78d4e9308abd536437bfa8c7b4fee91014bb5e
qwen3_4b_base,hadamard,S32,hadamard_S32,1,44,2.5773074626922607,2047,2b8c8fd24c772e7965e98ea13f78d4e9308abd536437bfa8c7b4fee91014bb5e
qwen3_4b_base,hadamard,Z16,hadamard_Z16,1,45,2.3570668697357178,2047,2b8c8fd24c772e7965e98ea13f78d4e9308abd536437bfa8c7b4fee91014bb5e
qwen3_4b_base,hadamard,Z32,hadamard_Z32,1,45,2.3568296432495117,2047,2b8c8fd24c772e7965e98ea13f78d4e9308abd536437bfa8c7b4fee91014bb5e
qwen3_4b_base,hadamard,ZB16,hadamard_ZB16,1,45,2.3569440841674805,2047,2b8c8fd24c772e7965e98ea13f78d4e9308abd536437bfa8c7b4fee91014bb5e
qwen3_4b_base,hadamard,S32,hadamard_S32,1,45,2.3568854331970215,2047,2b8c8fd24c772e7965e98ea13f78d4e9308abd536437bfa8c7b4fee91014bb5e
qwen3_4b_base,hadamard,Z16,hadamard_Z16,1,46,2.2813286781311035,2047,2b8c8fd24c772e7965e98ea13f78d4e9308abd536437bfa8c7b4fee91014bb5e
qwen3_4b_base,hadamard,Z32,hadamard_Z32,1,46,2.280428647994995,2047,2b8c8fd24c772e7965e98ea13f78d4e9308abd536437bfa8c7b4fee91014bb5e
qwen3_4b_base,hadamard,ZB16,hadamard_ZB16,1,46,2.281466245651245,2047,2b8c8fd24c772e7965e98ea13f78d4e9308abd536437bfa8c7b4fee91014bb5e
qwen3_4b_base,hadamard,S32,hadamard_S32,1,46,2.2826550006866455,2047,2b8c8fd24c772e7965e98ea13f78d4e9308abd536437bfa8c7b4fee91014bb5e
qwen3_4b_base,hadamard,Z16,hadamard_Z16,1,47,2.407686948776245,2047,2b8c8fd24c772e7965e98ea13f78d4e9308abd536437bfa8c7b4fee91014bb5e
qwen3_4b_base,hadamard,Z32,hadamard_Z32,1,47,2.4070544242858887,2047,2b8c8fd24c772e7965e98ea13f78d4e9308abd536437bfa8c7b4fee91014bb5e
qwen3_4b_base,hadamard,ZB16,hadamard_ZB16,1,47,2.409764051437378,2047,2b8c8fd24c772e7965e98ea13f78d4e9308abd536437bfa8c7b4fee91014bb5e
qwen3_4b_base,hadamard,S32,hadamard_S32,1,47,2.4079067707061768,2047,2b8c8fd24c772e7965e98ea13f78d4e9308abd536437bfa8c7b4fee91014bb5e
qwen3_4b_base,hadamard,Z16,hadamard_Z16,1,48,2.4325881004333496,2047,2b8c8fd24c772e7965e98ea13f78d4e9308abd536437bfa8c7b4fee91014bb5e
qwen3_4b_base,hadamard,Z32,hadamard_Z32,1,48,2.4333109855651855,2047,2b8c8fd24c772e7965e98ea13f78d4e9308abd536437bfa8c7b4fee91014bb5e
qwen3_4b_base,hadamard,ZB16,hadamard_ZB16,1,48,2.432762861251831,2047,2b8c8fd24c772e7965e98ea13f78d4e9308abd536437bfa8c7b4fee91014bb5e
qwen3_4b_base,hadamard,S32,hadamard_S32,1,48,2.433499336242676,2047,2b8c8fd24c772e7965e98ea13f78d4e9308abd536437bfa8c7b4fee91014bb5e
qwen3_4b_base,hadamard,Z16,hadamard_Z16,1,49,1.9930135011672974,2047,2b8c8fd24c772e7965e98ea13f78d4e9308abd536437bfa8c7b4fee91014bb5e
qwen3_4b_base,hadamard,Z32,hadamard_Z32,1,49,1.9920296669006348,2047,2b8c8fd24c772e7965e98ea13f78d4e9308abd536437bfa8c7b4fee91014bb5e
qwen3_4b_base,hadamard,ZB16,hadamard_ZB16,1,49,1.9925251007080078,2047,2b8c8fd24c772e7965e98ea13f78d4e9308abd536437bfa8c7b4fee91014bb5e
qwen3_4b_base,hadamard,S32,hadamard_S32,1,49,1.9920321702957153,2047,2b8c8fd24c772e7965e98ea13f78d4e9308abd536437bfa8c7b4fee91014bb5e
qwen3_4b_base,hadamard,Z16,hadamard_Z16,1,50,2.2764861583709717,2047,2b8c8fd24c772e7965e98ea13f78d4e9308abd536437bfa8c7b4fee91014bb5e
qwen3_4b_base,hadamard,Z32,hadamard_Z32,1,50,2.276228427886963,2047,2b8c8fd24c772e7965e98ea13f78d4e9308abd536437bfa8c7b4fee91014bb5e
qwen3_4b_base,hadamard,ZB16,hadamard_ZB16,1,50,2.2769052982330322,2047,2b8c8fd24c772e7965e98ea13f78d4e9308abd536437bfa8c7b4fee91014bb5e
qwen3_4b_base,hadamard,S32,hadamard_S32,1,50,2.276283025741577,2047,2b8c8fd24c772e7965e98ea13f78d4e9308abd536437bfa8c7b4fee91014bb5e
qwen3_4b_base,hadamard,Z16,hadamard_Z16,1,51,1.9598208665847778,2047,2b8c8fd24c772e7965e98ea13f78d4e9308abd536437bfa8c7b4fee91014bb5e
qwen3_4b_base,hadamard,Z32,hadamard_Z32,1,51,1.9592927694320679,2047,2b8c8fd24c772e7965e98ea13f78d4e9308abd536437bfa8c7b4fee91014bb5e
qwen3_4b_base,hadamard,ZB16,hadamard_ZB16,1,51,1.9595203399658203,2047,2b8c8fd24c772e7965e98ea13f78d4e9308abd536437bfa8c7b4fee91014bb5e
qwen3_4b_base,hadamard,S32,hadamard_S32,1,51,1.9604090452194214,2047,2b8c8fd24c772e7965e98ea13f78d4e9308abd536437bfa8c7b4fee91014bb5e
qwen3_4b_base,hadamard,Z16,hadamard_Z16,1,52,1.8843333721160889,2047,2b8c8fd24c772e7965e98ea13f78d4e9308abd536437bfa8c7b4fee91014bb5e
qwen3_4b_base,hadamard,Z32,hadamard_Z32,1,52,1.8836791515350342,2047,2b8c8fd24c772e7965e98ea13f78d4e9308abd536437bfa8c7b4fee91014bb5e
qwen3_4b_base,hadamard,ZB16,hadamard_ZB16,1,52,1.8852579593658447,2047,2b8c8fd24c772e7965e98ea13f78d4e9308abd536437bfa8c7b4fee91014bb5e
qwen3_4b_base,hadamard,S32,hadamard_S32,1,52,1.8835698366165161,2047,2b8c8fd24c772e7965e98ea13f78d4e9308abd536437bfa8c7b4fee91014bb5e
qwen3_4b_base,hadamard,Z16,hadamard_Z16,1,53,1.8074781894683838,2047,2b8c8fd24c772e7965e98ea13f78d4e9308abd536437bfa8c7b4fee91014bb5e
qwen3_4b_base,hadamard,Z32,hadamard_Z32,1,53,1.8070220947265625,2047,2b8c8fd24c772e7965e98ea13f78d4e9308abd536437bfa8c7b4fee91014bb5e
qwen3_4b_base,hadamard,ZB16,hadamard_ZB16,1,53,1.8059370517730713,2047,2b8c8fd24c772e7965e98ea13f78d4e9308abd536437bfa8c7b4fee91014bb5e
qwen3_4b_base,hadamard,S32,hadamard_S32,1,53,1.806138038635254,2047,2b8c8fd24c772e7965e98ea13f78d4e9308abd536437bfa8c7b4fee91014bb5e
qwen3_4b_base,hadamard,Z16,hadamard_Z16,1,54,1.6881648302078247,2047,2b8c8fd24c772e7965e98ea13f78d4e9308abd536437bfa8c7b4fee91014bb5e
qwen3_4b_base,hadamard,Z32,hadamard_Z32,1,54,1.6887315511703491,2047,2b8c8fd24c772e7965e98ea13f78d4e9308abd536437bfa8c7b4fee91014bb5e
qwen3_4b_base,hadamard,ZB16,hadamard_ZB16,1,54,1.686956763267517,2047,2b8c8fd24c772e7965e98ea13f78d4e9308abd536437bfa8c7b4fee91014bb5e
qwen3_4b_base,hadamard,S32,hadamard_S32,1,54,1.6870269775390625,2047,2b8c8fd24c772e7965e98ea13f78d4e9308abd536437bfa8c7b4fee91014bb5e
qwen3_4b_base,hadamard,Z16,hadamard_Z16,1,55,1.8663049936294556,2047,2b8c8fd24c772e7965e98ea13f78d4e9308abd536437bfa8c7b4fee91014bb5e
qwen3_4b_base,hadamard,Z32,hadamard_Z32,1,55,1.8663359880447388,2047,2b8c8fd24c772e7965e98ea13f78d4e9308abd536437bfa8c7b4fee91014bb5e
qwen3_4b_base,hadamard,ZB16,hadamard_ZB16,1,55,1.8665040731430054,2047,2b8c8fd24c772e7965e98ea13f78d4e9308abd536437bfa8c7b4fee91014bb5e
qwen3_4b_base,hadamard,S32,hadamard_S32,1,55,1.8669211864471436,2047,2b8c8fd24c772e7965e98ea13f78d4e9308abd536437bfa8c7b4fee91014bb5e
qwen3_4b_base,hadamard,Z16,hadamard_Z16,1,56,1.6304279565811157,2047,2b8c8fd24c772e7965e98ea13f78d4e9308abd536437bfa8c7b4fee91014bb5e
qwen3_4b_base,hadamard,Z32,hadamard_Z32,1,56,1.6300123929977417,2047,2b8c8fd24c772e7965e98ea13f78d4e9308abd536437bfa8c7b4fee91014bb5e
qwen3_4b_base,hadamard,ZB16,hadamard_ZB16,1,56,1.630116581916809,2047,2b8c8fd24c772e7965e98ea13f78d4e9308abd536437bfa8c7b4fee91014bb5e
qwen3_4b_base,hadamard,S32,hadamard_S32,1,56,1.6309397220611572,2047,2b8c8fd24c772e7965e98ea13f78d4e9308abd536437bfa8c7b4fee91014bb5e
qwen3_4b_base,hadamard,Z16,hadamard_Z16,1,57,1.5587435960769653,2047,2b8c8fd24c772e7965e98ea13f78d4e9308abd536437bfa8c7b4fee91014bb5e
qwen3_4b_base,hadamard,Z32,hadamard_Z32,1,57,1.5578104257583618,2047,2b8c8fd24c772e7965e98ea13f78d4e9308abd536437bfa8c7b4fee91014bb5e
qwen3_4b_base,hadamard,ZB16,hadamard_ZB16,1,57,1.5590670108795166,2047,2b8c8fd24c772e7965e98ea13f78d4e9308abd536437bfa8c7b4fee91014bb5e
qwen3_4b_base,hadamard,S32,hadamard_S32,1,57,1.5591392517089844,2047,2b8c8fd24c772e7965e98ea13f78d4e9308abd536437bfa8c7b4fee91014bb5e
qwen3_4b_base,hadamard,Z16,hadamard_Z16,1,58,1.9115962982177734,2047,2b8c8fd24c772e7965e98ea13f78d4e9308abd536437bfa8c7b4fee91014bb5e
qwen3_4b_base,hadamard,Z32,hadamard_Z32,1,58,1.9115046262741089,2047,2b8c8fd24c772e7965e98ea13f78d4e9308abd536437bfa8c7b4fee91014bb5e
qwen3_4b_base,hadamard,ZB16,hadamard_ZB16,1,58,1.9127593040466309,2047,2b8c8fd24c772e7965e98ea13f78d4e9308abd536437bfa8c7b4fee91014bb5e
qwen3_4b_base,hadamard,S32,hadamard_S32,1,58,1.9118999242782593,2047,2b8c8fd24c772e7965e98ea13f78d4e9308abd536437bfa8c7b4fee91014bb5e
qwen3_4b_base,hadamard,Z16,hadamard_Z16,1,59,1.8607261180877686,2047,2b8c8fd24c772e7965e98ea13f78d4e9308abd536437bfa8c7b4fee91014bb5e
qwen3_4b_base,hadamard,Z32,hadamard_Z32,1,59,1.8598191738128662,2047,2b8c8fd24c772e7965e98ea13f78d4e9308abd536437bfa8c7b4fee91014bb5e
qwen3_4b_base,hadamard,ZB16,hadamard_ZB16,1,59,1.8620167970657349,2047,2b8c8fd24c772e7965e98ea13f78d4e9308abd536437bfa8c7b4fee91014bb5e
qwen3_4b_base,hadamard,S32,hadamard_S32,1,59,1.8603031635284424,2047,2b8c8fd24c772e7965e98ea13f78d4e9308abd536437bfa8c7b4fee91014bb5e
qwen3_4b_base,hadamard,Z16,hadamard_Z16,1,60,2.1341965198516846,2047,2b8c8fd24c772e7965e98ea13f78d4e9308abd536437bfa8c7b4fee91014bb5e
qwen3_4b_base,hadamard,Z32,hadamard_Z32,1,60,2.135040760040283,2047,2b8c8fd24c772e7965e98ea13f78d4e9308abd536437bfa8c7b4fee91014bb5e
qwen3_4b_base,hadamard,ZB16,hadamard_ZB16,1,60,2.1343841552734375,2047,2b8c8fd24c772e7965e98ea13f78d4e9308abd536437bfa8c7b4fee91014bb5e
qwen3_4b_base,hadamard,S32,hadamard_S32,1,60,2.134382963180542,2047,2b8c8fd24c772e7965e98ea13f78d4e9308abd536437bfa8c7b4fee91014bb5e
qwen3_4b_base,hadamard,Z16,hadamard_Z16,1,61,2.3017852306365967,2047,2b8c8fd24c772e7965e98ea13f78d4e9308abd536437bfa8c7b4fee91014bb5e
qwen3_4b_base,hadamard,Z32,hadamard_Z32,1,61,2.3014838695526123,2047,2b8c8fd24c772e7965e98ea13f78d4e9308abd536437bfa8c7b4fee91014bb5e
qwen3_4b_base,hadamard,ZB16,hadamard_ZB16,1,61,2.301473617553711,2047,2b8c8fd24c772e7965e98ea13f78d4e9308abd536437bfa8c7b4fee91014bb5e
qwen3_4b_base,hadamard,S32,hadamard_S32,1,61,2.30196213722229,2047,2b8c8fd24c772e7965e98ea13f78d4e9308abd536437bfa8c7b4fee91014bb5e
qwen3_4b_base,hadamard,Z16,hadamard_Z16,1,62,2.3821768760681152,2047,2b8c8fd24c772e7965e98ea13f78d4e9308abd536437bfa8c7b4fee91014bb5e
qwen3_4b_base,hadamard,Z32,hadamard_Z32,1,62,2.3826794624328613,2047,2b8c8fd24c772e7965e98ea13f78d4e9308abd536437bfa8c7b4fee91014bb5e
qwen3_4b_base,hadamard,ZB16,hadamard_ZB16,1,62,2.3823063373565674,2047,2b8c8fd24c772e7965e98ea13f78d4e9308abd536437bfa8c7b4fee91014bb5e
qwen3_4b_base,hadamard,S32,hadamard_S32,1,62,2.3819944858551025,2047,2b8c8fd24c772e7965e98ea13f78d4e9308abd536437bfa8c7b4fee91014bb5e
qwen3_4b_base,hadamard,Z16,hadamard_Z16,1,63,2.6269373893737793,2047,2b8c8fd24c772e7965e98ea13f78d4e9308abd536437bfa8c7b4fee91014bb5e
qwen3_4b_base,hadamard,Z32,hadamard_Z32,1,63,2.6272895336151123,2047,2b8c8fd24c772e7965e98ea13f78d4e9308abd536437bfa8c7b4fee91014bb5e
qwen3_4b_base,hadamard,ZB16,hadamard_ZB16,1,63,2.6273386478424072,2047,2b8c8fd24c772e7965e98ea13f78d4e9308abd536437bfa8c7b4fee91014bb5e
qwen3_4b_base,hadamard,S32,hadamard_S32,1,63,2.6275179386138916,2047,2b8c8fd24c772e7965e98ea13f78d4e9308abd536437bfa8c7b4fee91014bb5e
qwen3_4b_base,hadamard,Z16,hadamard_Z16,2,0,1.8230942487716675,2047,2b8c8fd24c772e7965e98ea13f78d4e9308abd536437bfa8c7b4fee91014bb5e
qwen3_4b_base,hadamard,Z32,hadamard_Z32,2,0,1.8226615190505981,2047,2b8c8fd24c772e7965e98ea13f78d4e9308abd536437bfa8c7b4fee91014bb5e
qwen3_4b_base,hadamard,ZB16,hadamard_ZB16,2,0,1.8243516683578491,2047,2b8c8fd24c772e7965e98ea13f78d4e9308abd536437bfa8c7b4fee91014bb5e
qwen3_4b_base,hadamard,S32,hadamard_S32,2,0,1.8231171369552612,2047,2b8c8fd24c772e7965e98ea13f78d4e9308abd536437bfa8c7b4fee91014bb5e
qwen3_4b_base,hadamard,Z16,hadamard_Z16,2,1,2.2917728424072266,2047,2b8c8fd24c772e7965e98ea13f78d4e9308abd536437bfa8c7b4fee91014bb5e
qwen3_4b_base,hadamard,Z32,hadamard_Z32,2,1,2.2920312881469727,2047,2b8c8fd24c772e7965e98ea13f78d4e9308abd536437bfa8c7b4fee91014bb5e
qwen3_4b_base,hadamard,ZB16,hadamard_ZB16,2,1,2.2924296855926514,2047,2b8c8fd24c772e7965e98ea13f78d4e9308abd536437bfa8c7b4fee91014bb5e
qwen3_4b_base,hadamard,S32,hadamard_S32,2,1,2.2924435138702393,2047,2b8c8fd24c772e7965e98ea13f78d4e9308abd536437bfa8c7b4fee91014bb5e
qwen3_4b_base,hadamard,Z16,hadamard_Z16,2,2,2.4673054218292236,2047,2b8c8fd24c772e7965e98ea13f78d4e9308abd536437bfa8c7b4fee91014bb5e
qwen3_4b_base,hadamard,Z32,hadamard_Z32,2,2,2.467979669570923,2047,2b8c8fd24c772e7965e98ea13f78d4e9308abd536437bfa8c7b4fee91014bb5e
qwen3_4b_base,hadamard,ZB16,hadamard_ZB16,2,2,2.467383623123169,2047,2b8c8fd24c772e7965e98ea13f78d4e9308abd536437bfa8c7b4fee91014bb5e
qwen3_4b_base,hadamard,S32,hadamard_S32,2,2,2.466921806335449,2047,2b8c8fd24c772e7965e98ea13f78d4e9308abd536437bfa8c7b4fee91014bb5e
qwen3_4b_base,hadamard,Z16,hadamard_Z16,2,3,2.2214884757995605,2047,2b8c8fd24c772e7965e98ea13f78d4e9308abd536437bfa8c7b4fee91014bb5e
qwen3_4b_base,hadamard,Z32,hadamard_Z32,2,3,2.2222423553466797,2047,2b8c8fd24c772e7965e98ea13f78d4e9308abd536437bfa8c7b4fee91014bb5e
qwen3_4b_base,hadamard,ZB16,hadamard_ZB16,2,3,2.223479747772217,2047,2b8c8fd24c772e7965e98ea13f78d4e9308abd536437bfa8c7b4fee91014bb5e
qwen3_4b_base,hadamard,S32,hadamard_S32,2,3,2.221550941467285,2047,2b8c8fd24c772e7965e98ea13f78d4e9308abd536437bfa8c7b4fee91014bb5e
qwen3_4b_base,hadamard,Z16,hadamard_Z16,2,4,1.9760031700134277,2047,2b8c8fd24c772e7965e98ea13f78d4e9308abd536437bfa8c7b4fee91014bb5e
qwen3_4b_base,hadamard,Z32,hadamard_Z32,2,4,1.9776960611343384,2047,2b8c8fd24c772e7965e98ea13f78d4e9308abd536437bfa8c7b4fee91014bb5e
qwen3_4b_base,hadamard,ZB16,hadamard_ZB16,2,4,1.9785420894622803,2047,2b8c8fd24c772e7965e98ea13f78d4e9308abd536437bfa8c7b4fee91014bb5e
qwen3_4b_base,hadamard,S32,hadamard_S32,2,4,1.976833701133728,2047,2b8c8fd24c772e7965e98ea13f78d4e9308abd536437bfa8c7b4fee91014bb5e
qwen3_4b_base,hadamard,Z16,hadamard_Z16,2,5,1.5408693552017212,2047,2b8c8fd24c772e7965e98ea13f78d4e9308abd536437bfa8c7b4fee91014bb5e
qwen3_4b_base,hadamard,Z32,hadamard_Z32,2,5,1.5413886308670044,2047,2b8c8fd24c772e7965e98ea13f78d4e9308abd536437bfa8c7b4fee91014bb5e
qwen3_4b_base,hadamard,ZB16,hadamard_ZB16,2,5,1.5407112836837769,2047,2b8c8fd24c772e7965e98ea13f78d4e9308abd536437bfa8c7b4fee91014bb5e
qwen3_4b_base,hadamard,S32,hadamard_S32,2,5,1.54128897190094,2047,2b8c8fd24c772e7965e98ea13f78d4e9308abd536437bfa8c7b4fee91014bb5e
qwen3_4b_base,hadamard,Z16,hadamard_Z16,2,6,1.333592176437378,2047,2b8c8fd24c772e7965e98ea13f78d4e9308abd536437bfa8c7b4fee91014bb5e
qwen3_4b_base,hadamard,Z32,hadamard_Z32,2,6,1.334424376487732,2047,2b8c8fd24c772e7965e98ea13f78d4e9308abd536437bfa8c7b4fee91014bb5e
qwen3_4b_base,hadamard,ZB16,hadamard_ZB16,2,6,1.333337664604187,2047,2b8c8fd24c772e7965e98ea13f78d4e9308abd536437bfa8c7b4fee91014bb5e
qwen3_4b_base,hadamard,S32,hadamard_S32,2,6,1.334704875946045,2047,2b8c8fd24c772e7965e98ea13f78d4e9308abd536437bfa8c7b4fee91014bb5e
qwen3_4b_base,hadamard,Z16,hadamard_Z16,2,7,1.912415623664856,2047,2b8c8fd24c772e7965e98ea13f78d4e9308abd536437bfa8c7b4fee91014bb5e
qwen3_4b_base,hadamard,Z32,hadamard_Z32,2,7,1.9131308794021606,2047,2b8c8fd24c772e7965e98ea13f78d4e9308abd536437bfa8c7b4fee91014bb5e
qwen3_4b_base,hadamard,ZB16,hadamard_ZB16,2,7,1.9128304719924927,2047,2b8c8fd24c772e7965e98ea13f78d4e9308abd536437bfa8c7b4fee91014bb5e
qwen3_4b_base,hadamard,S32,hadamard_S32,2,7,1.9118880033493042,2047,2b8c8fd24c772e7965e98ea13f78d4e9308abd536437bfa8c7b4fee91014bb5e
qwen3_4b_base,hadamard,Z16,hadamard_Z16,2,8,2.132843017578125,2047,2b8c8fd24c772e7965e98ea13f78d4e9308abd536437bfa8c7b4fee91014bb5e
qwen3_4b_base,hadamard,Z32,hadamard_Z32,2,8,2.1323211193084717,2047,2b8c8fd24c772e7965e98ea13f78d4e9308abd536437bfa8c7b4fee91014bb5e
qwen3_4b_base,hadamard,ZB16,hadamard_ZB16,2,8,2.132793426513672,2047,2b8c8fd24c772e7965e98ea13f78d4e9308abd536437bfa8c7b4fee91014bb5e
qwen3_4b_base,hadamard,S32,hadamard_S32,2,8,2.1319093704223633,2047,2b8c8fd24c772e7965e98ea13f78d4e9308abd536437bfa8c7b4fee91014bb5e
qwen3_4b_base,hadamard,Z16,hadamard_Z16,2,9,2.216784715652466,2047,2b8c8fd24c772e7965e98ea13f78d4e9308abd536437bfa8c7b4fee91014bb5e
qwen3_4b_base,hadamard,Z32,hadamard_Z32,2,9,2.2178823947906494,2047,2b8c8fd24c772e7965e98ea13f78d4e9308abd536437bfa8c7b4fee91014bb5e
qwen3_4b_base,hadamard,ZB16,hadamard_ZB16,2,9,2.216423273086548,2047,2b8c8fd24c772e7965e98ea13f78d4e9308abd536437bfa8c7b4fee91014bb5e
qwen3_4b_base,hadamard,S32,hadamard_S32,2,9,2.2176904678344727,2047,2b8c8fd24c772e7965e98ea13f78d4e9308abd536437bfa8c7b4fee91014bb5e
qwen3_4b_base,hadamard,Z16,hadamard_Z16,2,10,2.0900492668151855,2047,2b8c8fd24c772e7965e98ea13f78d4e9308abd536437bfa8c7b4fee91014bb5e
qwen3_4b_base,hadamard,Z32,hadamard_Z32,2,10,2.0893986225128174,2047,2b8c8fd24c772e7965e98ea13f78d4e9308abd536437bfa8c7b4fee91014bb5e
qwen3_4b_base,hadamard,ZB16,hadamard_ZB16,2,10,2.0892224311828613,2047,2b8c8fd24c772e7965e98ea13f78d4e9308abd536437bfa8c7b4fee91014bb5e
qwen3_4b_base,hadamard,S32,hadamard_S32,2,10,2.0901072025299072,2047,2b8c8fd24c772e7965e98ea13f78d4e9308abd536437bfa8c7b4fee91014bb5e
qwen3_4b_base,hadamard,Z16,hadamard_Z16,2,11,2.1548702716827393,2047,2b8c8fd24c772e7965e98ea13f78d4e9308abd536437bfa8c7b4fee91014bb5e
qwen3_4b_base,hadamard,Z32,hadamard_Z32,2,11,2.155606746673584,2047,2b8c8fd24c772e7965e98ea13f78d4e9308abd536437bfa8c7b4fee91014bb5e
qwen3_4b_base,hadamard,ZB16,hadamard_ZB16,2,11,2.155421495437622,2047,2b8c8fd24c772e7965e98ea13f78d4e9308abd536437bfa8c7b4fee91014bb5e
qwen3_4b_base,hadamard,S32,hadamard_S32,2,11,2.155555486679077,2047,2b8c8fd24c772e7965e98ea13f78d4e9308abd536437bfa8c7b4fee91014bb5e
qwen3_4b_base,hadamard,Z16,hadamard_Z16,2,12,2.1122608184814453,2047,2b8c8fd24c772e7965e98ea13f78d4e9308abd536437bfa8c7b4fee91014bb5e
qwen3_4b_base,hadamard,Z32,hadamard_Z32,2,12,2.111323356628418,2047,2b8c8fd24c772e7965e98ea13f78d4e9308abd536437bfa8c7b4fee91014bb5e
qwen3_4b_base,hadamard,ZB16,hadamard_ZB16,2,12,2.1125807762145996,2047,2b8c8fd24c772e7965e98ea13f78d4e9308abd536437bfa8c7b4fee91014bb5e
qwen3_4b_base,hadamard,S32,hadamard_S32,2,12,2.1130430698394775,2047,2b8c8fd24c772e7965e98ea13f78d4e9308abd536437bfa8c7b4fee91014bb5e
qwen3_4b_base,hadamard,Z16,hadamard_Z16,2,13,2.2684121131896973,2047,2b8c8fd24c772e7965e98ea13f78d4e9308abd536437bfa8c7b4fee91014bb5e
qwen3_4b_base,hadamard,Z32,hadamard_Z32,2,13,2.269160509109497,2047,2b8c8fd24c772e7965e98ea13f78d4e9308abd536437bfa8c7b4fee91014bb5e
qwen3_4b_base,hadamard,ZB16,hadamard_ZB16,2,13,2.2697067260742188,2047,2b8c8fd24c772e7965e98ea13f78d4e9308abd536437bfa8c7b4fee91014bb5e
qwen3_4b_base,hadamard,S32,hadamard_S32,2,13,2.2696080207824707,2047,2b8c8fd24c772e7965e98ea13f78d4e9308abd536437bfa8c7b4fee91014bb5e
qwen3_4b_base,hadamard,Z16,hadamard_Z16,2,14,2.1834893226623535,2047,2b8c8fd24c772e7965e98ea13f78d4e9308abd536437bfa8c7b4fee91014bb5e
qwen3_4b_base,hadamard,Z32,hadamard_Z32,2,14,2.183626890182495,2047,2b8c8fd24c772e7965e98ea13f78d4e9308abd536437bfa8c7b4fee91014bb5e
qwen3_4b_base,hadamard,ZB16,hadamard_ZB16,2,14,2.1840529441833496,2047,2b8c8fd24c772e7965e98ea13f78d4e9308abd536437bfa8c7b4fee91014bb5e
qwen3_4b_base,hadamard,S32,hadamard_S32,2,14,2.1832895278930664,2047,2b8c8fd24c772e7965e98ea13f78d4e9308abd536437bfa8c7b4fee91014bb5e
qwen3_4b_base,hadamard,Z16,hadamard_Z16,2,15,2.3235695362091064,2047,2b8c8fd24c772e7965e98ea13f78d4e9308abd536437bfa8c7b4fee91014bb5e
qwen3_4b_base,hadamard,Z32,hadamard_Z32,2,15,2.3243041038513184,2047,2b8c8fd24c772e7965e98ea13f78d4e9308abd536437bfa8c7b4fee91014bb5e
qwen3_4b_base,hadamard,ZB16,hadamard_ZB16,2,15,2.3245489597320557,2047,2b8c8fd24c772e7965e98ea13f78d4e9308abd536437bfa8c7b4fee91014bb5e
qwen3_4b_base,hadamard,S32,hadamard_S32,2,15,2.322868585586548,2047,2b8c8fd24c772e7965e98ea13f78d4e9308abd536437bfa8c7b4fee91014bb5e
qwen3_4b_base,hadamard,Z16,hadamard_Z16,2,16,2.439216136932373,2047,2b8c8fd24c772e7965e98ea13f78d4e9308abd536437bfa8c7b4fee91014bb5e
qwen3_4b_base,hadamard,Z32,hadamard_Z32,2,16,2.439091920852661,2047,2b8c8fd24c772e7965e98ea13f78d4e9308abd536437bfa8c7b4fee91014bb5e
qwen3_4b_base,hadamard,ZB16,hadamard_ZB16,2,16,2.4395947456359863,2047,2b8c8fd24c772e7965e98ea13f78d4e9308abd536437bfa8c7b4fee91014bb5e
qwen3_4b_base,hadamard,S32,hadamard_S32,2,16,2.438624858856201,2047,2b8c8fd24c772e7965e98ea13f78d4e9308abd536437bfa8c7b4fee91014bb5e
qwen3_4b_base,hadamard,Z16,hadamard_Z16,2,17,2.251401662826538,2047,2b8c8fd24c772e7965e98ea13f78d4e9308abd536437bfa8c7b4fee91014bb5e
qwen3_4b_base,hadamard,Z32,hadamard_Z32,2,17,2.249659299850464,2047,2b8c8fd24c772e7965e98ea13f78d4e9308abd536437bfa8c7b4fee91014bb5e
qwen3_4b_base,hadamard,ZB16,hadamard_ZB16,2,17,2.251262664794922,2047,2b8c8fd24c772e7965e98ea13f78d4e9308abd536437bfa8c7b4fee91014bb5e
qwen3_4b_base,hadamard,S32,hadamard_S32,2,17,2.252235174179077,2047,2b8c8fd24c772e7965e98ea13f78d4e9308abd536437bfa8c7b4fee91014bb5e
qwen3_4b_base,hadamard,Z16,hadamard_Z16,2,18,2.0429062843322754,2047,2b8c8fd24c772e7965e98ea13f78d4e9308abd536437bfa8c7b4fee91014bb5e
qwen3_4b_base,hadamard,Z32,hadamard_Z32,2,18,2.0432803630828857,2047,2b8c8fd24c772e7965e98ea13f78d4e9308abd536437bfa8c7b4fee91014bb5e
qwen3_4b_base,hadamard,ZB16,hadamard_ZB16,2,18,2.0418944358825684,2047,2b8c8fd24c772e7965e98ea13f78d4e9308abd536437bfa8c7b4fee91014bb5e
qwen3_4b_base,hadamard,S32,hadamard_S32,2,18,2.0423009395599365,2047,2b8c8fd24c772e7965e98ea13f78d4e9308abd536437bfa8c7b4fee91014bb5e
qwen3_4b_base,hadamard,Z16,hadamard_Z16,2,19,1.8838729858398438,2047,2b8c8fd24c772e7965e98ea13f78d4e9308abd536437bfa8c7b4fee91014bb5e
qwen3_4b_base,hadamard,Z32,hadamard_Z32,2,19,1.8836305141448975,2047,2b8c8fd24c772e7965e98ea13f78d4e9308abd536437bfa8c7b4fee91014bb5e
qwen3_4b_base,hadamard,ZB16,hadamard_ZB16,2,19,1.8846138715744019,2047,2b8c8fd24c772e7965e98ea13f78d4e9308abd536437bfa8c7b4fee91014bb5e
qwen3_4b_base,hadamard,S32,hadamard_S32,2,19,1.8840101957321167,2047,2b8c8fd24c772e7965e98ea13f78d4e9308abd536437bfa8c7b4fee91014bb5e
qwen3_4b_base,hadamard,Z16,hadamard_Z16,2,20,2.057317018508911,2047,2b8c8fd24c772e7965e98ea13f78d4e9308abd536437bfa8c7b4fee91014bb5e
qwen3_4b_base,hadamard,Z32,hadamard_Z32,2,20,2.0573441982269287,2047,2b8c8fd24c772e7965e98ea13f78d4e9308abd536437bfa8c7b4fee91014bb5e
qwen3_4b_base,hadamard,ZB16,hadamard_ZB16,2,20,2.0582940578460693,2047,2b8c8fd24c772e7965e98ea13f78d4e9308abd536437bfa8c7b4fee91014bb5e
qwen3_4b_base,hadamard,S32,hadamard_S32,2,20,2.056896448135376,2047,2b8c8fd24c772e7965e98ea13f78d4e9308abd536437bfa8c7b4fee91014bb5e
qwen3_4b_base,hadamard,Z16,hadamard_Z16,2,21,2.3215224742889404,2047,2b8c8fd24c772e7965e98ea13f78d4e9308abd536437bfa8c7b4fee91014bb5e
qwen3_4b_base,hadamard,Z32,hadamard_Z32,2,21,2.321950912475586,2047,2b8c8fd24c772e7965e98ea13f78d4e9308abd536437bfa8c7b4fee91014bb5e
qwen3_4b_base,hadamard,ZB16,hadamard_ZB16,2,21,2.322164535522461,2047,2b8c8fd24c772e7965e98ea13f78d4e9308abd536437bfa8c7b4fee91014bb5e
qwen3_4b_base,hadamard,S32,hadamard_S32,2,21,2.3227765560150146,2047,2b8c8fd24c772e7965e98ea13f78d4e9308abd536437bfa8c7b4fee91014bb5e
qwen3_4b_base,hadamard,Z16,hadamard_Z16,2,22,2.0644896030426025,2047,2b8c8fd24c772e7965e98ea13f78d4e9308abd536437bfa8c7b4fee91014bb5e
qwen3_4b_base,hadamard,Z32,hadamard_Z32,2,22,2.0636441707611084,2047,2b8c8fd24c772e7965e98ea13f78d4e9308abd536437bfa8c7b4fee91014bb5e
qwen3_4b_base,hadamard,ZB16,hadamard_ZB16,2,22,2.064455032348633,2047,2b8c8fd24c772e7965e98ea13f78d4e9308abd536437bfa8c7b4fee91014bb5e
qwen3_4b_base,hadamard,S32,hadamard_S32,2,22,2.064995050430298,2047,2b8c8fd24c772e7965e98ea13f78d4e9308abd536437bfa8c7b4fee91014bb5e
qwen3_4b_base,hadamard,Z16,hadamard_Z16,2,23,2.2406418323516846,2047,2b8c8fd24c772e7965e98ea13f78d4e9308abd536437bfa8c7b4fee91014bb5e
qwen3_4b_base,hadamard,Z32,hadamard_Z32,2,23,2.2398488521575928,2047,2b8c8fd24c772e7965e98ea13f78d4e9308abd536437bfa8c7b4fee91014bb5e
qwen3_4b_base,hadamard,ZB16,hadamard_ZB16,2,23,2.2417798042297363,2047,2b8c8fd24c772e7965e98ea13f78d4e9308abd536437bfa8c7b4fee91014bb5e
qwen3_4b_base,hadamard,S32,hadamard_S32,2,23,2.240612745285034,2047,2b8c8fd24c772e7965e98ea13f78d4e9308abd536437bfa8c7b4fee91014bb5e
qwen3_4b_base,hadamard,Z16,hadamard_Z16,2,24,2.1845808029174805,2047,2b8c8fd24c772e7965e98ea13f78d4e9308abd536437bfa8c7b4fee91014bb5e
qwen3_4b_base,hadamard,Z32,hadamard_Z32,2,24,2.184201955795288,2047,2b8c8fd24c772e7965e98ea13f78d4e9308abd536437bfa8c7b4fee91014bb5e
qwen3_4b_base,hadamard,ZB16,hadamard_ZB16,2,24,2.1848490238189697,2047,2b8c8fd24c772e7965e98ea13f78d4e9308abd536437bfa8c7b4fee91014bb5e
qwen3_4b_base,hadamard,S32,hadamard_S32,2,24,2.1851463317871094,2047,2b8c8fd24c772e7965e98ea13f78d4e9308abd536437bfa8c7b4fee91014bb5e
qwen3_4b_base,hadamard,Z16,hadamard_Z16,2,25,2.2786378860473633,2047,2b8c8fd24c772e7965e98ea13f78d4e9308abd536437bfa8c7b4fee91014bb5e
qwen3_4b_base,hadamard,Z32,hadamard_Z32,2,25,2.2785277366638184,2047,2b8c8fd24c772e7965e98ea13f78d4e9308abd536437bfa8c7b4fee91014bb5e
qwen3_4b_base,hadamard,ZB16,hadamard_ZB16,2,25,2.279481887817383,2047,2b8c8fd24c772e7965e98ea13f78d4e9308abd536437bfa8c7b4fee91014bb5e
qwen3_4b_base,hadamard,S32,hadamard_S32,2,25,2.279547929763794,2047,2b8c8fd24c772e7965e98ea13f78d4e9308abd536437bfa8c7b4fee91014bb5e
qwen3_4b_base,hadamard,Z16,hadamard_Z16,2,26,2.3415420055389404,2047,2b8c8fd24c772e7965e98ea13f78d4e9308abd536437bfa8c7b4fee91014bb5e
qwen3_4b_base,hadamard,Z32,hadamard_Z32,2,26,2.3418524265289307,2047,2b8c8fd24c772e7965e98ea13f78d4e9308abd536437bfa8c7b4fee91014bb5e
qwen3_4b_base,hadamard,ZB16,hadamard_ZB16,2,26,2.342777729034424,2047,2b8c8fd24c772e7965e98ea13f78d4e9308abd536437bfa8c7b4fee91014bb5e
qwen3_4b_base,hadamard,S32,hadamard_S32,2,26,2.3410439491271973,2047,2b8c8fd24c772e7965e98ea13f78d4e9308abd536437bfa8c7b4fee91014bb5e
qwen3_4b_base,hadamard,Z16,hadamard_Z16,2,27,2.545098304748535,2047,2b8c8fd24c772e7965e98ea13f78d4e9308abd536437bfa8c7b4fee91014bb5e
qwen3_4b_base,hadamard,Z32,hadamard_Z32,2,27,2.5456502437591553,2047,2b8c8fd24c772e7965e98ea13f78d4e9308abd536437bfa8c7b4fee91014bb5e
qwen3_4b_base,hadamard,ZB16,hadamard_ZB16,2,27,2.5446512699127197,2047,2b8c8fd24c772e7965e98ea13f78d4e9308abd536437bfa8c7b4fee91014bb5e
qwen3_4b_base,hadamard,S32,hadamard_S32,2,27,2.5455241203308105,2047,2b8c8fd24c772e7965e98ea13f78d4e9308abd536437bfa8c7b4fee91014bb5e
qwen3_4b_base,hadamard,Z16,hadamard_Z16,2,28,2.2977819442749023,2047,2b8c8fd24c772e7965e98ea13f78d4e9308abd536437bfa8c7b4fee91014bb5e
qwen3_4b_base,hadamard,Z32,hadamard_Z32,2,28,2.2975234985351562,2047,2b8c8fd24c772e7965e98ea13f78d4e9308abd536437bfa8c7b4fee91014bb5e
qwen3_4b_base,hadamard,ZB16,hadamard_ZB16,2,28,2.2977161407470703,2047,2b8c8fd24c772e7965e98ea13f78d4e9308abd536437bfa8c7b4fee91014bb5e
qwen3_4b_base,hadamard,S32,hadamard_S32,2,28,2.297396659851074,2047,2b8c8fd24c772e7965e98ea13f78d4e9308abd536437bfa8c7b4fee91014bb5e
qwen3_4b_base,hadamard,Z16,hadamard_Z16,2,29,1.9163947105407715,2047,2b8c8fd24c772e7965e98ea13f78d4e9308abd536437bfa8c7b4fee91014bb5e
qwen3_4b_base,hadamard,Z32,hadamard_Z32,2,29,1.9162731170654297,2047,2b8c8fd24c772e7965e98ea13f78d4e9308abd536437bfa8c7b4fee91014bb5e
qwen3_4b_base,hadamard,ZB16,hadamard_ZB16,2,29,1.917543649673462,2047,2b8c8fd24c772e7965e98ea13f78d4e9308abd536437bfa8c7b4fee91014bb5e
qwen3_4b_base,hadamard,S32,hadamard_S32,2,29,1.9169371128082275,2047,2b8c8fd24c772e7965e98ea13f78d4e9308abd536437bfa8c7b4fee91014bb5e
qwen3_4b_base,hadamard,Z16,hadamard_Z16,2,30,1.8618403673171997,2047,2b8c8fd24c772e7965e98ea13f78d4e9308abd536437bfa8c7b4fee91014bb5e
qwen3_4b_base,hadamard,Z32,hadamard_Z32,2,30,1.862265944480896,2047,2b8c8fd24c772e7965e98ea13f78d4e9308abd536437bfa8c7b4fee91014bb5e
qwen3_4b_base,hadamard,ZB16,hadamard_ZB16,2,30,1.8610293865203857,2047,2b8c8fd24c772e7965e98ea13f78d4e9308abd536437bfa8c7b4fee91014bb5e
qwen3_4b_base,hadamard,S32,hadamard_S32,2,30,1.8621801137924194,2047,2b8c8fd24c772e7965e98ea13f78d4e9308abd536437bfa8c7b4fee91014bb5e
qwen3_4b_base,hadamard,Z16,hadamard_Z16,2,31,1.7724618911743164,2047,2b8c8fd24c772e7965e98ea13f78d4e9308abd536437bfa8c7b4fee91014bb5e
qwen3_4b_base,hadamard,Z32,hadamard_Z32,2,31,1.7727382183074951,2047,2b8c8fd24c772e7965e98ea13f78d4e9308abd536437bfa8c7b4fee91014bb5e
qwen3_4b_base,hadamard,ZB16,hadamard_ZB16,2,31,1.7724113464355469,2047,2b8c8fd24c772e7965e98ea13f78d4e9308abd536437bfa8c7b4fee91014bb5e
qwen3_4b_base,hadamard,S32,hadamard_S32,2,31,1.7729225158691406,2047,2b8c8fd24c772e7965e98ea13f78d4e9308abd536437bfa8c7b4fee91014bb5e
qwen3_4b_base,hadamard,Z16,hadamard_Z16,2,32,1.573789358139038,2047,2b8c8fd24c772e7965e98ea13f78d4e9308abd536437bfa8c7b4fee91014bb5e
qwen3_4b_base,hadamard,Z32,hadamard_Z32,2,32,1.5747408866882324,2047,2b8c8fd24c772e7965e98ea13f78d4e9308abd536437bfa8c7b4fee91014bb5e
qwen3_4b_base,hadamard,ZB16,hadamard_ZB16,2,32,1.573739767074585,2047,2b8c8fd24c772e7965e98ea13f78d4e9308abd536437bfa8c7b4fee91014bb5e
qwen3_4b_base,hadamard,S32,hadamard_S32,2,32,1.5734732151031494,2047,2b8c8fd24c772e7965e98ea13f78d4e9308abd536437bfa8c7b4fee91014bb5e
qwen3_4b_base,hadamard,Z16,hadamard_Z16,2,33,2.0395138263702393,2047,2b8c8fd24c772e7965e98ea13f78d4e9308abd536437bfa8c7b4fee91014bb5e
qwen3_4b_base,hadamard,Z32,hadamard_Z32,2,33,2.0391762256622314,2047,2b8c8fd24c772e7965e98ea13f78d4e9308abd536437bfa8c7b4fee91014bb5e
qwen3_4b_base,hadamard,ZB16,hadamard_ZB16,2,33,2.039975881576538,2047,2b8c8fd24c772e7965e98ea13f78d4e9308abd536437bfa8c7b4fee91014bb5e
qwen3_4b_base,hadamard,S32,hadamard_S32,2,33,2.0397231578826904,2047,2b8c8fd24c772e7965e98ea13f78d4e9308abd536437bfa8c7b4fee91014bb5e
qwen3_4b_base,hadamard,Z16,hadamard_Z16,2,34,1.924604058265686,2047,2b8c8fd24c772e7965e98ea13f78d4e9308abd536437bfa8c7b4fee91014bb5e
qwen3_4b_base,hadamard,Z32,hadamard_Z32,2,34,1.9246340990066528,2047,2b8c8fd24c772e7965e98ea13f78d4e9308abd536437bfa8c7b4fee91014bb5e
qwen3_4b_base,hadamard,ZB16,hadamard_ZB16,2,34,1.9249117374420166,2047,2b8c8fd24c772e7965e98ea13f78d4e9308abd536437bfa8c7b4fee91014bb5e
qwen3_4b_base,hadamard,S32,hadamard_S32,2,34,1.9246381521224976,2047,2b8c8fd24c772e7965e98ea13f78d4e9308abd536437bfa8c7b4fee91014bb5e
qwen3_4b_base,hadamard,Z16,hadamard_Z16,2,35,2.0542328357696533,2047,2b8c8fd24c772e7965e98ea13f78d4e9308abd536437bfa8c7b4fee91014bb5e
qwen3_4b_base,hadamard,Z32,hadamard_Z32,2,35,2.0536394119262695,2047,2b8c8fd24c772e7965e98ea13f78d4e9308abd536437bfa8c7b4fee91014bb5e
qwen3_4b_base,hadamard,ZB16,hadamard_ZB16,2,35,2.0523922443389893,2047,2b8c8fd24c772e7965e98ea13f78d4e9308abd536437bfa8c7b4fee91014bb5e
qwen3_4b_base,hadamard,S32,hadamard_S32,2,35,2.054147720336914,2047,2b8c8fd24c772e7965e98ea13f78d4e9308abd536437bfa8c7b4fee91014bb5e
qwen3_4b_base,hadamard,Z16,hadamard_Z16,2,36,1.661730408668518,2047,2b8c8fd24c772e7965e98ea13f78d4e9308abd536437bfa8c7b4fee91014bb5e
qwen3_4b_base,hadamard,Z32,hadamard_Z32,2,36,1.6627273559570312,2047,2b8c8fd24c772e7965e98ea13f78d4e9308abd536437bfa8c7b4fee91014bb5e
qwen3_4b_base,hadamard,ZB16,hadamard_ZB16,2,36,1.6618746519088745,2047,2b8c8fd24c772e7965e98ea13f78d4e9308abd536437bfa8c7b4fee91014bb5e
qwen3_4b_base,hadamard,S32,hadamard_S32,2,36,1.6623085737228394,2047,2b8c8fd24c772e7965e98ea13f78d4e9308abd536437bfa8c7b4fee91014bb5e
qwen3_4b_base,hadamard,Z16,hadamard_Z16,2,37,1.4887921810150146,2047,2b8c8fd24c772e7965e98ea13f78d4e9308abd536437bfa8c7b4fee91014bb5e
qwen3_4b_base,hadamard,Z32,hadamard_Z32,2,37,1.4893064498901367,2047,2b8c8fd24c772e7965e98ea13f78d4e9308abd536437bfa8c7b4fee91014bb5e
qwen3_4b_base,hadamard,ZB16,hadamard_ZB16,2,37,1.4879502058029175,2047,2b8c8fd24c772e7965e98ea13f78d4e9308abd536437bfa8c7b4fee91014bb5e
qwen3_4b_base,hadamard,S32,hadamard_S32,2,37,1.4889241456985474,2047,2b8c8fd24c772e7965e98ea13f78d4e9308abd536437bfa8c7b4fee91014bb5e
qwen3_4b_base,hadamard,Z16,hadamard_Z16,2,38,1.6080764532089233,2047,2b8c8fd24c772e7965e98ea13f78d4e9308abd536437bfa8c7b4fee91014bb5e
qwen3_4b_base,hadamard,Z32,hadamard_Z32,2,38,1.6076542139053345,2047,2b8c8fd24c772e7965e98ea13f78d4e9308abd536437bfa8c7b4fee91014bb5e
qwen3_4b_base,hadamard,ZB16,hadamard_ZB16,2,38,1.6078922748565674,2047,2b8c8fd24c772e7965e98ea13f78d4e9308abd536437bfa8c7b4fee91014bb5e
qwen3_4b_base,hadamard,S32,hadamard_S32,2,38,1.6076782941818237,2047,2b8c8fd24c772e7965e98ea13f78d4e9308abd536437bfa8c7b4fee91014bb5e
qwen3_4b_base,hadamard,Z16,hadamard_Z16,2,39,1.426601767539978,2047,2b8c8fd24c772e7965e98ea13f78d4e9308abd536437bfa8c7b4fee91014bb5e
qwen3_4b_base,hadamard,Z32,hadamard_Z32,2,39,1.4264975786209106,2047,2b8c8fd24c772e7965e98ea13f78d4e9308abd536437bfa8c7b4fee91014bb5e
qwen3_4b_base,hadamard,ZB16,hadamard_ZB16,2,39,1.4265291690826416,2047,2b8c8fd24c772e7965e98ea13f78d4e9308abd536437bfa8c7b4fee91014bb5e
qwen3_4b_base,hadamard,S32,hadamard_S32,2,39,1.4265633821487427,2047,2b8c8fd24c772e7965e98ea13f78d4e9308abd536437bfa8c7b4fee91014bb5e
qwen3_4b_base,hadamard,Z16,hadamard_Z16,2,40,1.6473485231399536,2047,2b8c8fd24c772e7965e98ea13f78d4e9308abd536437bfa8c7b4fee91014bb5e
qwen3_4b_base,hadamard,Z32,hadamard_Z32,2,40,1.647351622581482,2047,2b8c8fd24c772e7965e98ea13f78d4e9308abd536437bfa8c7b4fee91014bb5e
qwen3_4b_base,hadamard,ZB16,hadamard_ZB16,2,40,1.646838903427124,2047,2b8c8fd24c772e7965e98ea13f78d4e9308abd536437bfa8c7b4fee91014bb5e
qwen3_4b_base,hadamard,S32,hadamard_S32,2,40,1.647957444190979,2047,2b8c8fd24c772e7965e98ea13f78d4e9308abd536437bfa8c7b4fee91014bb5e
qwen3_4b_base,hadamard,Z16,hadamard_Z16,2,41,2.0249006748199463,2047,2b8c8fd24c772e7965e98ea13f78d4e9308abd536437bfa8c7b4fee91014bb5e
qwen3_4b_base,hadamard,Z32,hadamard_Z32,2,41,2.0254428386688232,2047,2b8c8fd24c772e7965e98ea13f78d4e9308abd536437bfa8c7b4fee91014bb5e
qwen3_4b_base,hadamard,ZB16,hadamard_ZB16,2,41,2.026289224624634,2047,2b8c8fd24c772e7965e98ea13f78d4e9308abd536437bfa8c7b4fee91014bb5e
qwen3_4b_base,hadamard,S32,hadamard_S32,2,41,2.024916410446167,2047,2b8c8fd24c772e7965e98ea13f78d4e9308abd536437bfa8c7b4fee91014bb5e
qwen3_4b_base,hadamard,Z16,hadamard_Z16,2,42,2.455678939819336,2047,2b8c8fd24c772e7965e98ea13f78d4e9308abd536437bfa8c7b4fee91014bb5e
qwen3_4b_base,hadamard,Z32,hadamard_Z32,2,42,2.4556846618652344,2047,2b8c8fd24c772e7965e98ea13f78d4e9308abd536437bfa8c7b4fee91014bb5e
qwen3_4b_base,hadamard,ZB16,hadamard_ZB16,2,42,2.456299304962158,2047,2b8c8fd24c772e7965e98ea13f78d4e9308abd536437bfa8c7b4fee91014bb5e
qwen3_4b_base,hadamard,S32,hadamard_S32,2,42,2.4560282230377197,2047,2b8c8fd24c772e7965e98ea13f78d4e9308abd536437bfa8c7b4fee91014bb5e
qwen3_4b_base,hadamard,Z16,hadamard_Z16,2,43,2.6943509578704834,2047,2b8c8fd24c772e7965e98ea13f78d4e9308abd536437bfa8c7b4fee91014bb5e
qwen3_4b_base,hadamard,Z32,hadamard_Z32,2,43,2.6948611736297607,2047,2b8c8fd24c772e7965e98ea13f78d4e9308abd536437bfa8c7b4fee91014bb5e
qwen3_4b_base,hadamard,ZB16,hadamard_ZB16,2,43,2.695636510848999,2047,2b8c8fd24c772e7965e98ea13f78d4e9308abd536437bfa8c7b4fee91014bb5e
qwen3_4b_base,hadamard,S32,hadamard_S32,2,43,2.696106433868408,2047,2b8c8fd24c772e7965e98ea13f78d4e9308abd536437bfa8c7b4fee91014bb5e
qwen3_4b_base,hadamard,Z16,hadamard_Z16,2,44,2.5728185176849365,2047,2b8c8fd24c772e7965e98ea13f78d4e9308abd536437bfa8c7b4fee91014bb5e
qwen3_4b_base,hadamard,Z32,hadamard_Z32,2,44,2.5724782943725586,2047,2b8c8fd24c772e7965e98ea13f78d4e9308abd536437bfa8c7b4fee91014bb5e
qwen3_4b_base,hadamard,ZB16,hadamard_ZB16,2,44,2.5725743770599365,2047,2b8c8fd24c772e7965e98ea13f78d4e9308abd536437bfa8c7b4fee91014bb5e
qwen3_4b_base,hadamard,S32,hadamard_S32,2,44,2.573176622390747,2047,2b8c8fd24c772e7965e98ea13f78d4e9308abd536437bfa8c7b4fee91014bb5e
qwen3_4b_base,hadamard,Z16,hadamard_Z16,2,45,2.356898307800293,2047,2b8c8fd24c772e7965e98ea13f78d4e9308abd536437bfa8c7b4fee91014bb5e
qwen3_4b_base,hadamard,Z32,hadamard_Z32,2,45,2.3567702770233154,2047,2b8c8fd24c772e7965e98ea13f78d4e9308abd536437bfa8c7b4fee91014bb5e
qwen3_4b_base,hadamard,ZB16,hadamard_ZB16,2,45,2.3554937839508057,2047,2b8c8fd24c772e7965e98ea13f78d4e9308abd536437bfa8c7b4fee91014bb5e
qwen3_4b_base,hadamard,S32,hadamard_S32,2,45,2.356900691986084,2047,2b8c8fd24c772e7965e98ea13f78d4e9308abd536437bfa8c7b4fee91014bb5e
qwen3_4b_base,hadamard,Z16,hadamard_Z16,2,46,2.3131818771362305,2047,2b8c8fd24c772e7965e98ea13f78d4e9308abd536437bfa8c7b4fee91014bb5e
qwen3_4b_base,hadamard,Z32,hadamard_Z32,2,46,2.313375949859619,2047,2b8c8fd24c772e7965e98ea13f78d4e9308abd536437bfa8c7b4fee91014bb5e
qwen3_4b_base,hadamard,ZB16,hadamard_ZB16,2,46,2.3120157718658447,2047,2b8c8fd24c772e7965e98ea13f78d4e9308abd536437bfa8c7b4fee91014bb5e
qwen3_4b_base,hadamard,S32,hadamard_S32,2,46,2.3124783039093018,2047,2b8c8fd24c772e7965e98ea13f78d4e9308abd536437bfa8c7b4fee91014bb5e
qwen3_4b_base,hadamard,Z16,hadamard_Z16,2,47,2.4151971340179443,2047,2b8c8fd24c772e7965e98ea13f78d4e9308abd536437bfa8c7b4fee91014bb5e
qwen3_4b_base,hadamard,Z32,hadamard_Z32,2,47,2.414281129837036,2047,2b8c8fd24c772e7965e98ea13f78d4e9308abd536437bfa8c7b4fee91014bb5e
qwen3_4b_base,hadamard,ZB16,hadamard_ZB16,2,47,2.4163551330566406,2047,2b8c8fd24c772e7965e98ea13f78d4e9308abd536437bfa8c7b4fee91014bb5e
qwen3_4b_base,hadamard,S32,hadamard_S32,2,47,2.4141061305999756,2047,2b8c8fd24c772e7965e98ea13f78d4e9308abd536437bfa8c7b4fee91014bb5e
qwen3_4b_base,hadamard,Z16,hadamard_Z16,2,48,2.414870262145996,2047,2b8c8fd24c772e7965e98ea13f78d4e9308abd536437bfa8c7b4fee91014bb5e
qwen3_4b_base,hadamard,Z32,hadamard_Z32,2,48,2.414680004119873,2047,2b8c8fd24c772e7965e98ea13f78d4e9308abd536437bfa8c7b4fee91014bb5e
qwen3_4b_base,hadamard,ZB16,hadamard_ZB16,2,48,2.414085626602173,2047,2b8c8fd24c772e7965e98ea13f78d4e9308abd536437bfa8c7b4fee91014bb5e
qwen3_4b_base,hadamard,S32,hadamard_S32,2,48,2.414926767349243,2047,2b8c8fd24c772e7965e98ea13f78d4e9308abd536437bfa8c7b4fee91014bb5e
qwen3_4b_base,hadamard,Z16,hadamard_Z16,2,49,1.9866209030151367,2047,2b8c8fd24c772e7965e98ea13f78d4e9308abd536437bfa8c7b4fee91014bb5e
qwen3_4b_base,hadamard,Z32,hadamard_Z32,2,49,1.9872996807098389,2047,2b8c8fd24c772e7965e98ea13f78d4e9308abd536437bfa8c7b4fee91014bb5e
qwen3_4b_base,hadamard,ZB16,hadamard_ZB16,2,49,1.986754059791565,2047,2b8c8fd24c772e7965e98ea13f78d4e9308abd536437bfa8c7b4fee91014bb5e
qwen3_4b_base,hadamard,S32,hadamard_S32,2,49,1.9869331121444702,2047,2b8c8fd24c772e7965e98ea13f78d4e9308abd536437bfa8c7b4fee91014bb5e
qwen3_4b_base,hadamard,Z16,hadamard_Z16,2,50,2.2804207801818848,2047,2b8c8fd24c772e7965e98ea13f78d4e9308abd536437bfa8c7b4fee91014bb5e
qwen3_4b_base,hadamard,Z32,hadamard_Z32,2,50,2.280345916748047,2047,2b8c8fd24c772e7965e98ea13f78d4e9308abd536437bfa8c7b4fee91014bb5e
qwen3_4b_base,hadamard,ZB16,hadamard_ZB16,2,50,2.279099941253662,2047,2b8c8fd24c772e7965e98ea13f78d4e9308abd536437bfa8c7b4fee91014bb5e
qwen3_4b_base,hadamard,S32,hadamard_S32,2,50,2.2799065113067627,2047,2b8c8fd24c772e7965e98ea13f78d4e9308abd536437bfa8c7b4fee91014bb5e
qwen3_4b_base,hadamard,Z16,hadamard_Z16,2,51,1.9450507164001465,2047,2b8c8fd24c772e7965e98ea13f78d4e9308abd536437bfa8c7b4fee91014bb5e
qwen3_4b_base,hadamard,Z32,hadamard_Z32,2,51,1.9451640844345093,2047,2b8c8fd24c772e7965e98ea13f78d4e9308abd536437bfa8c7b4fee91014bb5e
qwen3_4b_base,hadamard,ZB16,hadamard_ZB16,2,51,1.945302963256836,2047,2b8c8fd24c772e7965e98ea13f78d4e9308abd536437bfa8c7b4fee91014bb5e
qwen3_4b_base,hadamard,S32,hadamard_S32,2,51,1.9456015825271606,2047,2b8c8fd24c772e7965e98ea13f78d4e9308abd536437bfa8c7b4fee91014bb5e
qwen3_4b_base,hadamard,Z16,hadamard_Z16,2,52,1.8863645792007446,2047,2b8c8fd24c772e7965e98ea13f78d4e9308abd536437bfa8c7b4fee91014bb5e
qwen3_4b_base,hadamard,Z32,hadamard_Z32,2,52,1.8871642351150513,2047,2b8c8fd24c772e7965e98ea13f78d4e9308abd536437bfa8c7b4fee91014bb5e
qwen3_4b_base,hadamard,ZB16,hadamard_ZB16,2,52,1.8867677450180054,2047,2b8c8fd24c772e7965e98ea13f78d4e9308abd536437bfa8c7b4fee91014bb5e
qwen3_4b_base,hadamard,S32,hadamard_S32,2,52,1.8864572048187256,2047,2b8c8fd24c772e7965e98ea13f78d4e9308abd536437bfa8c7b4fee91014bb5e
qwen3_4b_base,hadamard,Z16,hadamard_Z16,2,53,1.831897258758545,2047,2b8c8fd24c772e7965e98ea13f78d4e9308abd536437bfa8c7b4fee91014bb5e
qwen3_4b_base,hadamard,Z32,hadamard_Z32,2,53,1.83169424533844,2047,2b8c8fd24c772e7965e98ea13f78d4e9308abd536437bfa8c7b4fee91014bb5e
qwen3_4b_base,hadamard,ZB16,hadamard_ZB16,2,53,1.832200527191162,2047,2b8c8fd24c772e7965e98ea13f78d4e9308abd536437bfa8c7b4fee91014bb5e
qwen3_4b_base,hadamard,S32,hadamard_S32,2,53,1.830837607383728,2047,2b8c8fd24c772e7965e98ea13f78d4e9308abd536437bfa8c7b4fee91014bb5e
qwen3_4b_base,hadamard,Z16,hadamard_Z16,2,54,1.6730855703353882,2047,2b8c8fd24c772e7965e98ea13f78d4e9308abd536437bfa8c7b4fee91014bb5e
qwen3_4b_base,hadamard,Z32,hadamard_Z32,2,54,1.6736031770706177,2047,2b8c8fd24c772e7965e98ea13f78d4e9308abd536437bfa8c7b4fee91014bb5e
qwen3_4b_base,hadamard,ZB16,hadamard_ZB16,2,54,1.6734853982925415,2047,2b8c8fd24c772e7965e98ea13f78d4e9308abd536437bfa8c7b4fee91014bb5e
qwen3_4b_base,hadamard,S32,hadamard_S32,2,54,1.673130989074707,2047,2b8c8fd24c772e7965e98ea13f78d4e9308abd536437bfa8c7b4fee91014bb5e
qwen3_4b_base,hadamard,Z16,hadamard_Z16,2,55,1.8675793409347534,2047,2b8c8fd24c772e7965e98ea13f78d4e9308abd536437bfa8c7b4fee91014bb5e
qwen3_4b_base,hadamard,Z32,hadamard_Z32,2,55,1.8677763938903809,2047,2b8c8fd24c772e7965e98ea13f78d4e9308abd536437bfa8c7b4fee91014bb5e
qwen3_4b_base,hadamard,ZB16,hadamard_ZB16,2,55,1.8678520917892456,2047,2b8c8fd24c772e7965e98ea13f78d4e9308abd536437bfa8c7b4fee91014bb5e
qwen3_4b_base,hadamard,S32,hadamard_S32,2,55,1.8671817779541016,2047,2b8c8fd24c772e7965e98ea13f78d4e9308abd536437bfa8c7b4fee91014bb5e
qwen3_4b_base,hadamard,Z16,hadamard_Z16,2,56,1.64112389087677,2047,2b8c8fd24c772e7965e98ea13f78d4e9308abd536437bfa8c7b4fee91014bb5e
qwen3_4b_base,hadamard,Z32,hadamard_Z32,2,56,1.6416656970977783,2047,2b8c8fd24c772e7965e98ea13f78d4e9308abd536437bfa8c7b4fee91014bb5e
qwen3_4b_base,hadamard,ZB16,hadamard_ZB16,2,56,1.6409976482391357,2047,2b8c8fd24c772e7965e98ea13f78d4e9308abd536437bfa8c7b4fee91014bb5e
qwen3_4b_base,hadamard,S32,hadamard_S32,2,56,1.6415345668792725,2047,2b8c8fd24c772e7965e98ea13f78d4e9308abd536437bfa8c7b4fee91014bb5e
qwen3_4b_base,hadamard,Z16,hadamard_Z16,2,57,1.5818835496902466,2047,2b8c8fd24c772e7965e98ea13f78d4e9308abd536437bfa8c7b4fee91014bb5e
qwen3_4b_base,hadamard,Z32,hadamard_Z32,2,57,1.5818192958831787,2047,2b8c8fd24c772e7965e98ea13f78d4e9308abd536437bfa8c7b4fee91014bb5e
qwen3_4b_base,hadamard,ZB16,hadamard_ZB16,2,57,1.5818120241165161,2047,2b8c8fd24c772e7965e98ea13f78d4e9308abd536437bfa8c7b4fee91014bb5e
qwen3_4b_base,hadamard,S32,hadamard_S32,2,57,1.582029938697815,2047,2b8c8fd24c772e7965e98ea13f78d4e9308abd536437bfa8c7b4fee91014bb5e
qwen3_4b_base,hadamard,Z16,hadamard_Z16,2,58,1.9144597053527832,2047,2b8c8fd24c772e7965e98ea13f78d4e9308abd536437bfa8c7b4fee91014bb5e
qwen3_4b_base,hadamard,Z32,hadamard_Z32,2,58,1.9144166707992554,2047,2b8c8fd24c772e7965e98ea13f78d4e9308abd536437bfa8c7b4fee91014bb5e
qwen3_4b_base,hadamard,ZB16,hadamard_ZB16,2,58,1.91459059715271,2047,2b8c8fd24c772e7965e98ea13f78d4e9308abd536437bfa8c7b4fee91014bb5e
qwen3_4b_base,hadamard,S32,hadamard_S32,2,58,1.9130682945251465,2047,2b8c8fd24c772e7965e98ea13f78d4e9308abd536437bfa8c7b4fee91014bb5e
qwen3_4b_base,hadamard,Z16,hadamard_Z16,2,59,1.862313985824585,2047,2b8c8fd24c772e7965e98ea13f78d4e9308abd536437bfa8c7b4fee91014bb5e
qwen3_4b_base,hadamard,Z32,hadamard_Z32,2,59,1.8633136749267578,2047,2b8c8fd24c772e7965e98ea13f78d4e9308abd536437bfa8c7b4fee91014bb5e
qwen3_4b_base,hadamard,ZB16,hadamard_ZB16,2,59,1.8636599779129028,2047,2b8c8fd24c772e7965e98ea13f78d4e9308abd536437bfa8c7b4fee91014bb5e
qwen3_4b_base,hadamard,S32,hadamard_S32,2,59,1.8622748851776123,2047,2b8c8fd24c772e7965e98ea13f78d4e9308abd536437bfa8c7b4fee91014bb5e
qwen3_4b_base,hadamard,Z16,hadamard_Z16,2,60,2.138892650604248,2047,2b8c8fd24c772e7965e98ea13f78d4e9308abd536437bfa8c7b4fee91014bb5e
qwen3_4b_base,hadamard,Z32,hadamard_Z32,2,60,2.1388773918151855,2047,2b8c8fd24c772e7965e98ea13f78d4e9308abd536437bfa8c7b4fee91014bb5e
qwen3_4b_base,hadamard,ZB16,hadamard_ZB16,2,60,2.1377382278442383,2047,2b8c8fd24c772e7965e98ea13f78d4e9308abd536437bfa8c7b4fee91014bb5e
qwen3_4b_base,hadamard,S32,hadamard_S32,2,60,2.1385436058044434,2047,2b8c8fd24c772e7965e98ea13f78d4e9308abd536437bfa8c7b4fee91014bb5e
qwen3_4b_base,hadamard,Z16,hadamard_Z16,2,61,2.306509017944336,2047,2b8c8fd24c772e7965e98ea13f78d4e9308abd536437bfa8c7b4fee91014bb5e
qwen3_4b_base,hadamard,Z32,hadamard_Z32,2,61,2.307283878326416,2047,2b8c8fd24c772e7965e98ea13f78d4e9308abd536437bfa8c7b4fee91014bb5e
qwen3_4b_base,hadamard,ZB16,hadamard_ZB16,2,61,2.3076982498168945,2047,2b8c8fd24c772e7965e98ea13f78d4e9308abd536437bfa8c7b4fee91014bb5e
qwen3_4b_base,hadamard,S32,hadamard_S32,2,61,2.3073713779449463,2047,2b8c8fd24c772e7965e98ea13f78d4e9308abd536437bfa8c7b4fee91014bb5e
qwen3_4b_base,hadamard,Z16,hadamard_Z16,2,62,2.3945302963256836,2047,2b8c8fd24c772e7965e98ea13f78d4e9308abd536437bfa8c7b4fee91014bb5e
qwen3_4b_base,hadamard,Z32,hadamard_Z32,2,62,2.393979787826538,2047,2b8c8fd24c772e7965e98ea13f78d4e9308abd536437bfa8c7b4fee91014bb5e
qwen3_4b_base,hadamard,ZB16,hadamard_ZB16,2,62,2.3954219818115234,2047,2b8c8fd24c772e7965e98ea13f78d4e9308abd536437bfa8c7b4fee91014bb5e
qwen3_4b_base,hadamard,S32,hadamard_S32,2,62,2.3939716815948486,2047,2b8c8fd24c772e7965e98ea13f78d4e9308abd536437bfa8c7b4fee91014bb5e
qwen3_4b_base,hadamard,Z16,hadamard_Z16,2,63,2.642305612564087,2047,2b8c8fd24c772e7965e98ea13f78d4e9308abd536437bfa8c7b4fee91014bb5e
qwen3_4b_base,hadamard,Z32,hadamard_Z32,2,63,2.641263246536255,2047,2b8c8fd24c772e7965e98ea13f78d4e9308abd536437bfa8c7b4fee91014bb5e
qwen3_4b_base,hadamard,ZB16,hadamard_ZB16,2,63,2.640925884246826,2047,2b8c8fd24c772e7965e98ea13f78d4e9308abd536437bfa8c7b4fee91014bb5e
qwen3_4b_base,hadamard,S32,hadamard_S32,2,63,2.642599105834961,2047,2b8c8fd24c772e7965e98ea13f78d4e9308abd536437bfa8c7b4fee91014bb5e
