model,method,precision,row,seed,chunk,nll,tokens,token_sha256
llama32_3b,pq,Z16,pq_Z16,0,0,1.8314764499664307,2047,7a7b7dc6f6f242742c30f5194894a13f9225c540c5568a1c1839849368debd08
llama32_3b,pq,Z32,pq_Z32,0,0,1.8326337337493896,2047,7a7b7dc6f6f242742c30f5194894a13f9225c540c5568a1c1839849368debd08
llama32_3b,pq,ZB16,pq_ZB16,0,0,1.8316253423690796,2047,7a7b7dc6f6f242742c30f5194894a13f9225c540c5568a1c1839849368debd08
llama32_3b,pq,S32,pq_S32,0,0,1.8320913314819336,2047,7a7b7dc6f6f242742c30f5194894a13f9225c540c5568a1c1839849368debd08
llama32_3b,pq,Z16,pq_Z16,0,1,2.433978796005249,2047,7a7b7dc6f6f242742c30f5194894a13f9225c540c5568a1c1839849368debd08
llama32_3b,pq,Z32,pq_Z32,0,1,2.433556079864502,2047,7a7b7dc6f6f242742c30f5194894a13f9225c540c5568a1c1839849368debd08
llama32_3b,pq,ZB16,pq_ZB16,0,1,2.434105396270752,2047,7a7b7dc6f6f242742c30f5194894a13f9225c540c5568a1c1839849368debd08
llama32_3b,pq,S32,pq_S32,0,1,2.434312343597412,2047,7a7b7dc6f6f242742c30f5194894a13f9225c540c5568a1c1839849368debd08
llama32_3b,pq,Z16,pq_Z16,0,2,2.5055973529815674,2047,7a7b7dc6f6f242742c30f5194894a13f9225c540c5568a1c1839849368debd08
llama32_3b,pq,Z32,pq_Z32,0,2,2.505192995071411,2047,7a7b7dc6f6f242742c30f5194894a13f9225c540c5568a1c1839849368debd08
llama32_3b,pq,ZB16,pq_ZB16,0,2,2.504326581954956,2047,7a7b7dc6f6f242742c30f5194894a13f9225c540c5568a1c1839849368debd08
llama32_3b,pq,S32,pq_S32,0,2,2.504591226577759,2047,7a7b7dc6f6f242742c30f5194894a13f9225c540c5568a1c1839849368debd08
llama32_3b,pq,Z16,pq_Z16,0,3,2.015814781188965,2047,7a7b7dc6f6f242742c30f5194894a13f9225c540c5568a1c1839849368debd08
llama32_3b,pq,Z32,pq_Z32,0,3,2.0159988403320312,2047,7a7b7dc6f6f242742c30f5194894a13f9225c540c5568a1c1839849368debd08
llama32_3b,pq,ZB16,pq_ZB16,0,3,2.0153729915618896,2047,7a7b7dc6f6f242742c30f5194894a13f9225c540c5568a1c1839849368debd08
llama32_3b,pq,S32,pq_S32,0,3,2.01546573638916,2047,7a7b7dc6f6f242742c30f5194894a13f9225c540c5568a1c1839849368debd08
llama32_3b,pq,Z16,pq_Z16,0,4,1.925031304359436,2047,7a7b7dc6f6f242742c30f5194894a13f9225c540c5568a1c1839849368debd08
llama32_3b,pq,Z32,pq_Z32,0,4,1.925127387046814,2047,7a7b7dc6f6f242742c30f5194894a13f9225c540c5568a1c1839849368debd08
llama32_3b,pq,ZB16,pq_ZB16,0,4,1.9254999160766602,2047,7a7b7dc6f6f242742c30f5194894a13f9225c540c5568a1c1839849368debd08
llama32_3b,pq,S32,pq_S32,0,4,1.9247171878814697,2047,7a7b7dc6f6f242742c30f5194894a13f9225c540c5568a1c1839849368debd08
llama32_3b,pq,Z16,pq_Z16,0,5,1.5538817644119263,2047,7a7b7dc6f6f242742c30f5194894a13f9225c540c5568a1c1839849368debd08
llama32_3b,pq,Z32,pq_Z32,0,5,1.5549553632736206,2047,7a7b7dc6f6f242742c30f5194894a13f9225c540c5568a1c1839849368debd08
llama32_3b,pq,ZB16,pq_ZB16,0,5,1.5540446043014526,2047,7a7b7dc6f6f242742c30f5194894a13f9225c540c5568a1c1839849368debd08
llama32_3b,pq,S32,pq_S32,0,5,1.5547202825546265,2047,7a7b7dc6f6f242742c30f5194894a13f9225c540c5568a1c1839849368debd08
llama32_3b,pq,Z16,pq_Z16,0,6,1.6737351417541504,2047,7a7b7dc6f6f242742c30f5194894a13f9225c540c5568a1c1839849368debd08
llama32_3b,pq,Z32,pq_Z32,0,6,1.6733148097991943,2047,7a7b7dc6f6f242742c30f5194894a13f9225c540c5568a1c1839849368debd08
llama32_3b,pq,ZB16,pq_ZB16,0,6,1.6733293533325195,2047,7a7b7dc6f6f242742c30f5194894a13f9225c540c5568a1c1839849368debd08
llama32_3b,pq,S32,pq_S32,0,6,1.6727960109710693,2047,7a7b7dc6f6f242742c30f5194894a13f9225c540c5568a1c1839849368debd08
llama32_3b,pq,Z16,pq_Z16,0,7,1.9183393716812134,2047,7a7b7dc6f6f242742c30f5194894a13f9225c540c5568a1c1839849368debd08
llama32_3b,pq,Z32,pq_Z32,0,7,1.9185402393341064,2047,7a7b7dc6f6f242742c30f5194894a13f9225c540c5568a1c1839849368debd08
llama32_3b,pq,ZB16,pq_ZB16,0,7,1.9192456007003784,2047,7a7b7dc6f6f242742c30f5194894a13f9225c540c5568a1c1839849368debd08
llama32_3b,pq,S32,pq_S32,0,7,1.9190903902053833,2047,7a7b7dc6f6f242742c30f5194894a13f9225c540c5568a1c1839849368debd08
llama32_3b,pq,Z16,pq_Z16,0,8,2.247673749923706,2047,7a7b7dc6f6f242742c30f5194894a13f9225c540c5568a1c1839849368debd08
llama32_3b,pq,Z32,pq_Z32,0,8,2.2472434043884277,2047,7a7b7dc6f6f242742c30f5194894a13f9225c540c5568a1c1839849368debd08
llama32_3b,pq,ZB16,pq_ZB16,0,8,2.2484641075134277,2047,7a7b7dc6f6f242742c30f5194894a13f9225c540c5568a1c1839849368debd08
llama32_3b,pq,S32,pq_S32,0,8,2.2472052574157715,2047,7a7b7dc6f6f242742c30f5194894a13f9225c540c5568a1c1839849368debd08
llama32_3b,pq,Z16,pq_Z16,0,9,1.9713727235794067,2047,7a7b7dc6f6f242742c30f5194894a13f9225c540c5568a1c1839849368debd08
llama32_3b,pq,Z32,pq_Z32,0,9,1.9718419313430786,2047,7a7b7dc6f6f242742c30f5194894a13f9225c540c5568a1c1839849368debd08
llama32_3b,pq,ZB16,pq_ZB16,0,9,1.9727437496185303,2047,7a7b7dc6f6f242742c30f5194894a13f9225c540c5568a1c1839849368debd08
llama32_3b,pq,S32,pq_S32,0,9,1.9711389541625977,2047,7a7b7dc6f6f242742c30f5194894a13f9225c540c5568a1c1839849368debd08
llama32_3b,pq,Z16,pq_Z16,0,10,1.901544451713562,2047,7a7b7dc6f6f242742c30f5194894a13f9225c540c5568a1c1839849368debd08
llama32_3b,pq,Z32,pq_Z32,0,10,1.9019441604614258,2047,7a7b7dc6f6f242742c30f5194894a13f9225c540c5568a1c1839849368debd08
llama32_3b,pq,ZB16,pq_ZB16,0,10,1.9012407064437866,2047,7a7b7dc6f6f242742c30f5194894a13f9225c540c5568a1c1839849368debd08
llama32_3b,pq,S32,pq_S32,0,10,1.9022170305252075,2047,7a7b7dc6f6f242742c30f5194894a13f9225c540c5568a1c1839849368debd08
llama32_3b,pq,Z16,pq_Z16,0,11,2.247836112976074,2047,7a7b7dc6f6f242742c30f5194894a13f9225c540c5568a1c1839849368debd08
llama32_3b,pq,Z32,pq_Z32,0,11,2.248401403427124,2047,7a7b7dc6f6f242742c30f5194894a13f9225c540c5568a1c1839849368debd08
llama32_3b,pq,ZB16,pq_ZB16,0,11,2.2489523887634277,2047,7a7b7dc6f6f242742c30f5194894a13f9225c540c5568a1c1839849368debd08
llama32_3b,pq,S32,pq_S32,0,11,2.2483811378479004,2047,7a7b7dc6f6f242742c30f5194894a13f9225c540c5568a1c1839849368debd08
llama32_3b,pq,Z16,pq_Z16,0,12,2.1218948364257812,2047,7a7b7dc6f6f242742c30f5194894a13f9225c540c5568a1c1839849368debd08
llama32_3b,pq,Z32,pq_Z32,0,12,2.1219887733459473,2047,7a7b7dc6f6f242742c30f5194894a13f9225c540c5568a1c1839849368debd08
llama32_3b,pq,ZB16,pq_ZB16,0,12,2.123499631881714,2047,7a7b7dc6f6f242742c30f5194894a13f9225c540c5568a1c1839849368debd08
llama32_3b,pq,S32,pq_S32,0,12,2.1213762760162354,2047,7a7b7dc6f6f242742c30f5194894a13f9225c540c5568a1c1839849368debd08
llama32_3b,pq,Z16,pq_Z16,0,13,2.280153512954712,2047,7a7b7dc6f6f242742c30f5194894a13f9225c540c5568a1c1839849368debd08
llama32_3b,pq,Z32,pq_Z32,0,13,2.28145432472229,2047,7a7b7dc6f6f242742c30f5194894a13f9225c540c5568a1c1839849368debd08
llama32_3b,pq,ZB16,pq_ZB16,0,13,2.280163288116455,2047,7a7b7dc6f6f242742c30f5194894a13f9225c540c5568a1c1839849368debd08
llama32_3b,pq,S32,pq_S32,0,13,2.279839277267456,2047,7a7b7dc6f6f242742c30f5194894a13f9225c540c5568a1c1839849368debd08
llama32_3b,pq,Z16,pq_Z16,0,14,2.1953988075256348,2047,7a7b7dc6f6f242742c30f5194894a13f9225c540c5568a1c1839849368debd08
llama32_3b,pq,Z32,pq_Z32,0,14,2.195477247238159,2047,7a7b7dc6f6f242742c30f5194894a13f9225c540c5568a1c1839849368debd08
llama32_3b,pq,ZB16,pq_ZB16,0,14,2.195780038833618,2047,7a7b7dc6f6f242742c30f5194894a13f9225c540c5568a1c1839849368debd08
llama32_3b,pq,S32,pq_S32,0,14,2.1955254077911377,2047,7a7b7dc6f6f242742c30f5194894a13f9225c540c5568a1c1839849368debd08
llama32_3b,pq,Z16,pq_Z16,0,15,2.4017415046691895,2047,7a7b7dc6f6f242742c30f5194894a13f9225c540c5568a1c1839849368debd08
llama32_3b,pq,Z32,pq_Z32,0,15,2.401397705078125,2047,7a7b7dc6f6f242742c30f5194894a13f9225c540c5568a1c1839849368debd08
llama32_3b,pq,ZB16,pq_ZB16,0,15,2.4009993076324463,2047,7a7b7dc6f6f242742c30f5194894a13f9225c540c5568a1c1839849368debd08
llama32_3b,pq,S32,pq_S32,0,15,2.4017112255096436,2047,7a7b7dc6f6f242742c30f5194894a13f9225c540c5568a1c1839849368debd08
llama32_3b,pq,Z16,pq_Z16,0,16,2.12272572517395,2047,7a7b7dc6f6f242742c30f5194894a13f9225c540c5568a1c1839849368debd08
llama32_3b,pq,Z32,pq_Z32,0,16,2.122779130935669,2047,7a7b7dc6f6f242742c30f5194894a13f9225c540c5568a1c1839849368debd08
llama32_3b,pq,ZB16,pq_ZB16,0,16,2.1230220794677734,2047,7a7b7dc6f6f242742c30f5194894a13f9225c540c5568a1c1839849368debd08
llama32_3b,pq,S32,pq_S32,0,16,2.1221718788146973,2047,7a7b7dc6f6f242742c30f5194894a13f9225c540c5568a1c1839849368debd08
llama32_3b,pq,Z16,pq_Z16,0,17,2.143578052520752,2047,7a7b7dc6f6f242742c30f5194894a13f9225c540c5568a1c1839849368debd08
llama32_3b,pq,Z32,pq_Z32,0,17,2.1431996822357178,2047,7a7b7dc6f6f242742c30f5194894a13f9225c540c5568a1c1839849368debd08
llama32_3b,pq,ZB16,pq_ZB16,0,17,2.1431384086608887,2047,7a7b7dc6f6f242742c30f5194894a13f9225c540c5568a1c1839849368debd08
llama32_3b,pq,S32,pq_S32,0,17,2.143007516860962,2047,7a7b7dc6f6f242742c30f5194894a13f9225c540c5568a1c1839849368debd08
llama32_3b,pq,Z16,pq_Z16,0,18,1.9486584663391113,2047,7a7b7dc6f6f242742c30f5194894a13f9225c540c5568a1c1839849368debd08
llama32_3b,pq,Z32,pq_Z32,0,18,1.9487082958221436,2047,7a7b7dc6f6f242742c30f5194894a13f9225c540c5568a1c1839849368debd08
llama32_3b,pq,ZB16,pq_ZB16,0,18,1.9477837085723877,2047,7a7b7dc6f6f242742c30f5194894a13f9225c540c5568a1c1839849368debd08
llama32_3b,pq,S32,pq_S32,0,18,1.9486358165740967,2047,7a7b7dc6f6f242742c30f5194894a13f9225c540c5568a1c1839849368debd08
llama32_3b,pq,Z16,pq_Z16,0,19,2.1070291996002197,2047,7a7b7dc6f6f242742c30f5194894a13f9225c540c5568a1c1839849368debd08
llama32_3b,pq,Z32,pq_Z32,0,19,2.1069867610931396,2047,7a7b7dc6f6f242742c30f5194894a13f9225c540c5568a1c1839849368debd08
llama32_3b,pq,ZB16,pq_ZB16,0,19,2.1063947677612305,2047,7a7b7dc6f6f242742c30f5194894a13f9225c540c5568a1c1839849368debd08
llama32_3b,pq,S32,pq_S32,0,19,2.106794595718384,2047,7a7b7dc6f6f242742c30f5194894a13f9225c540c5568a1c1839849368debd08
llama32_3b,pq,Z16,pq_Z16,0,20,2.238126754760742,2047,7a7b7dc6f6f242742c30f5194894a13f9225c540c5568a1c1839849368debd08
llama32_3b,pq,Z32,pq_Z32,0,20,2.2371432781219482,2047,7a7b7dc6f6f242742c30f5194894a13f9225c540c5568a1c1839849368debd08
llama32_3b,pq,ZB16,pq_ZB16,0,20,2.238149642944336,2047,7a7b7dc6f6f242742c30f5194894a13f9225c540c5568a1c1839849368debd08
llama32_3b,pq,S32,pq_S32,0,20,2.237039804458618,2047,7a7b7dc6f6f242742c30f5194894a13f9225c540c5568a1c1839849368debd08
llama32_3b,pq,Z16,pq_Z16,0,21,2.1539337635040283,2047,7a7b7dc6f6f242742c30f5194894a13f9225c540c5568a1c1839849368debd08
llama32_3b,pq,Z32,pq_Z32,0,21,2.153578042984009,2047,7a7b7dc6f6f242742c30f5194894a13f9225c540c5568a1c1839849368debd08
llama32_3b,pq,ZB16,pq_ZB16,0,21,2.153855562210083,2047,7a7b7dc6f6f242742c30f5194894a13f9225c540c5568a1c1839849368debd08
llama32_3b,pq,S32,pq_S32,0,21,2.1538259983062744,2047,7a7b7dc6f6f242742c30f5194894a13f9225c540c5568a1c1839849368debd08
llama32_3b,pq,Z16,pq_Z16,0,22,2.2063066959381104,2047,7a7b7dc6f6f242742c30f5194894a13f9225c540c5568a1c1839849368debd08
llama32_3b,pq,Z32,pq_Z32,0,22,2.206254720687866,2047,7a7b7dc6f6f242742c30f5194894a13f9225c540c5568a1c1839849368debd08
llama32_3b,pq,ZB16,pq_ZB16,0,22,2.207124710083008,2047,7a7b7dc6f6f242742c30f5194894a13f9225c540c5568a1c1839849368debd08
llama32_3b,pq,S32,pq_S32,0,22,2.2059457302093506,2047,7a7b7dc6f6f242742c30f5194894a13f9225c540c5568a1c1839849368debd08
llama32_3b,pq,Z16,pq_Z16,0,23,2.251230001449585,2047,7a7b7dc6f6f242742c30f5194894a13f9225c540c5568a1c1839849368debd08
llama32_3b,pq,Z32,pq_Z32,0,23,2.249943733215332,2047,7a7b7dc6f6f242742c30f5194894a13f9225c540c5568a1c1839849368debd08
llama32_3b,pq,ZB16,pq_ZB16,0,23,2.2503669261932373,2047,7a7b7dc6f6f242742c30f5194894a13f9225c540c5568a1c1839849368debd08
llama32_3b,pq,S32,pq_S32,0,23,2.249727249145508,2047,7a7b7dc6f6f242742c30f5194894a13f9225c540c5568a1c1839849368debd08
llama32_3b,pq,Z16,pq_Z16,0,24,2.281629800796509,2047,7a7b7dc6f6f242742c30f5194894a13f9225c540c5568a1c1839849368debd08
llama32_3b,pq,Z32,pq_Z32,0,24,2.2815535068511963,2047,7a7b7dc6f6f242742c30f5194894a13f9225c540c5568a1c1839849368debd08
llama32_3b,pq,ZB16,pq_ZB16,0,24,2.2805488109588623,2047,7a7b7dc6f6f242742c30f5194894a13f9225c540c5568a1c1839849368debd08
llama32_3b,pq,S32,pq_S32,0,24,2.281182050704956,2047,7a7b7dc6f6f242742c30f5194894a13f9225c540c5568a1c1839849368debd08
llama32_3b,pq,Z16,pq_Z16,0,25,2.3339831829071045,2047,7a7b7dc6f6f242742c30f5194894a13f9225c540c5568a1c1839849368debd08
llama32_3b,pq,Z32,pq_Z32,0,25,2.3343098163604736,2047,7a7b7dc6f6f242742c30f5194894a13f9225c540c5568a1c1839849368debd08
llama32_3b,pq,ZB16,pq_ZB16,0,25,2.3345062732696533,2047,7a7b7dc6f6f242742c30f5194894a13f9225c540c5568a1c1839849368debd08
llama32_3b,pq,S32,pq_S32,0,25,2.334256410598755,2047,7a7b7dc6f6f242742c30f5194894a13f9225c540c5568a1c1839849368debd08
llama32_3b,pq,Z16,pq_Z16,0,26,2.429960250854492,2047,7a7b7dc6f6f242742c30f5194894a13f9225c540c5568a1c1839849368debd08
llama32_3b,pq,Z32,pq_Z32,0,26,2.4302783012390137,2047,7a7b7dc6f6f242742c30f5194894a13f9225c540c5568a1c1839849368debd08
llama32_3b,pq,ZB16,pq_ZB16,0,26,2.429872751235962,2047,7a7b7dc6f6f242742c30f5194894a13f9225c540c5568a1c1839849368debd08
llama32_3b,pq,S32,pq_S32,0,26,2.430682420730591,2047,7a7b7dc6f6f242742c30f5194894a13f9225c540c5568a1c1839849368debd08
llama32_3b,pq,Z16,pq_Z16,0,27,2.2278547286987305,2047,7a7b7dc6f6f242742c30f5194894a13f9225c540c5568a1c1839849368debd08
llama32_3b,pq,Z32,pq_Z32,0,27,2.2281031608581543,2047,7a7b7dc6f6f242742c30f5194894a13f9225c540c5568a1c1839849368debd08
llama32_3b,pq,ZB16,pq_ZB16,0,27,2.2282605171203613,2047,7a7b7dc6f6f242742c30f5194894a13f9225c540c5568a1c1839849368debd08
llama32_3b,pq,S32,pq_S32,0,27,2.2274022102355957,2047,7a7b7dc6f6f242742c30f5194894a13f9225c540c5568a1c1839849368debd08
llama32_3b,pq,Z16,pq_Z16,0,28,1.9943121671676636,2047,7a7b7dc6f6f242742c30f5194894a13f9225c540c5568a1c1839849368debd08
llama32_3b,pq,Z32,pq_Z32,0,28,1.9954460859298706,2047,7a7b7dc6f6f242742c30f5194894a13f9225c540c5568a1c1839849368debd08
llama32_3b,pq,ZB16,pq_ZB16,0,28,1.9946839809417725,2047,7a7b7dc6f6f242742c30f5194894a13f9225c540c5568a1c1839849368debd08
llama32_3b,pq,S32,pq_S32,0,28,1.9951815605163574,2047,7a7b7dc6f6f242742c30f5194894a13f9225c540c5568a1c1839849368debd08
llama32_3b,pq,Z16,pq_Z16,0,29,1.8067835569381714,2047,7a7b7dc6f6f242742c30f5194894a13f9225c540c5568a1c1839849368debd08
llama32_3b,pq,Z32,pq_Z32,0,29,1.8063822984695435,2047,7a7b7dc6f6f242742c30f5194894a13f9225c540c5568a1c1839849368debd08
llama32_3b,pq,ZB16,pq_ZB16,0,29,1.8064829111099243,2047,7a7b7dc6f6f242742c30f5194894a13f9225c540c5568a1c1839849368debd08
llama32_3b,pq,S32,pq_S32,0,29,1.8067116737365723,2047,7a7b7dc6f6f242742c30f5194894a13f9225c540c5568a1c1839849368debd08
llama32_3b,pq,Z16,pq_Z16,0,30,1.6857572793960571,2047,7a7b7dc6f6f242742c30f5194894a13f9225c540c5568a1c1839849368debd08
llama32_3b,pq,Z32,pq_Z32,0,30,1.6863197088241577,2047,7a7b7dc6f6f242742c30f5194894a13f9225c540c5568a1c1839849368debd08
llama32_3b,pq,ZB16,pq_ZB16,0,30,1.6862908601760864,2047,7a7b7dc6f6f242742c30f5194894a13f9225c540c5568a1c1839849368debd08
llama32_3b,pq,S32,pq_S32,0,30,1.6854572296142578,2047,7a7b7dc6f6f242742c30f5194894a13f9225c540c5568a1c1839849368debd08
llama32_3b,pq,Z16,pq_Z16,0,31,1.7268322706222534,2047,7a7b7dc6f6f242742c30f5194894a13f9225c540c5568a1c1839849368debd08
llama32_3b,pq,Z32,pq_Z32,0,31,1.7272034883499146,2047,7a7b7dc6f6f242742c30f5194894a13f9225c540c5568a1c1839849368debd08
llama32_3b,pq,ZB16,pq_ZB16,0,31,1.727081298828125,2047,7a7b7dc6f6f242742c30f5194894a13f9225c540c5568a1c1839849368debd08
llama32_3b,pq,S32,pq_S32,0,31,1.7276017665863037,2047,7a7b7dc6f6f242742c30f5194894a13f9225c540c5568a1c1839849368debd08
llama32_3b,pq,Z16,pq_Z16,0,32,2.0199429988861084,2047,7a7b7dc6f6f242742c30f5194894a13f9225c540c5568a1c1839849368debd08
llama32_3b,pq,Z32,pq_Z32,0,32,2.020559549331665,2047,7a7b7dc6f6f242742c30f5194894a13f9225c540c5568a1c1839849368debd08
llama32_3b,pq,ZB16,pq_ZB16,0,32,2.0203185081481934,2047,7a7b7dc6f6f242742c30f5194894a13f9225c540c5568a1c1839849368debd08
llama32_3b,pq,S32,pq_S32,0,32,2.020658016204834,2047,7a7b7dc6f6f242742c30f5194894a13f9225c540c5568a1c1839849368debd08
llama32_3b,pq,Z16,pq_Z16,0,33,1.9842581748962402,2047,7a7b7dc6f6f242742c30f5194894a13f9225c540c5568a1c1839849368debd08
llama32_3b,pq,Z32,pq_Z32,0,33,1.9845967292785645,2047,7a7b7dc6f6f242742c30f5194894a13f9225c540c5568a1c1839849368debd08
llama32_3b,pq,ZB16,pq_ZB16,0,33,1.9840126037597656,2047,7a7b7dc6f6f242742c30f5194894a13f9225c540c5568a1c1839849368debd08
llama32_3b,pq,S32,pq_S32,0,33,1.9840179681777954,2047,7a7b7dc6f6f242742c30f5194894a13f9225c540c5568a1c1839849368debd08
llama32_3b,pq,Z16,pq_Z16,0,34,2.1600804328918457,2047,7a7b7dc6f6f242742c30f5194894a13f9225c540c5568a1c1839849368debd08
llama32_3b,pq,Z32,pq_Z32,0,34,2.160120964050293,2047,7a7b7dc6f6f242742c30f5194894a13f9225c540c5568a1c1839849368debd08
llama32_3b,pq,ZB16,pq_ZB16,0,34,2.1605117321014404,2047,7a7b7dc6f6f242742c30f5194894a13f9225c540c5568a1c1839849368debd08
llama32_3b,pq,S32,pq_S32,0,34,2.1601099967956543,2047,7a7b7dc6f6f242742c30f5194894a13f9225c540c5568a1c1839849368debd08
llama32_3b,pq,Z16,pq_Z16,0,35,1.4724239110946655,2047,7a7b7dc6f6f242742c30f5194894a13f9225c540c5568a1c1839849368debd08
llama32_3b,pq,Z32,pq_Z32,0,35,1.4724191427230835,2047,7a7b7dc6f6f242742c30f5194894a13f9225c540c5568a1c1839849368debd08
llama32_3b,pq,ZB16,pq_ZB16,0,35,1.473064661026001,2047,7a7b7dc6f6f242742c30f5194894a13f9225c540c5568a1c1839849368debd08
llama32_3b,pq,S32,pq_S32,0,35,1.472243309020996,2047,7a7b7dc6f6f242742c30f5194894a13f9225c540c5568a1c1839849368debd08
llama32_3b,pq,Z16,pq_Z16,0,36,1.4474793672561646,2047,7a7b7dc6f6f242742c30f5194894a13f9225c540c5568a1c1839849368debd08
llama32_3b,pq,Z32,pq_Z32,0,36,1.4480682611465454,2047,7a7b7dc6f6f242742c30f5194894a13f9225c540c5568a1c1839849368debd08
llama32_3b,pq,ZB16,pq_ZB16,0,36,1.4472180604934692,2047,7a7b7dc6f6f242742c30f5194894a13f9225c540c5568a1c1839849368debd08
llama32_3b,pq,S32,pq_S32,0,36,1.4482982158660889,2047,7a7b7dc6f6f242742c30f5194894a13f9225c540c5568a1c1839849368debd08
llama32_3b,pq,Z16,pq_Z16,0,37,1.4918767213821411,2047,7a7b7dc6f6f242742c30f5194894a13f9225c540c5568a1c1839849368debd08
llama32_3b,pq,Z32,pq_Z32,0,37,1.4924606084823608,2047,7a7b7dc6f6f242742c30f5194894a13f9225c540c5568a1c1839849368debd08
llama32_3b,pq,ZB16,pq_ZB16,0,37,1.4928151369094849,2047,7a7b7dc6f6f242742c30f5194894a13f9225c540c5568a1c1839849368debd08
llama32_3b,pq,S32,pq_S32,0,37,1.4927582740783691,2047,7a7b7dc6f6f242742c30f5194894a13f9225c540c5568a1c1839849368debd08
llama32_3b,pq,Z16,pq_Z16,0,38,1.4704545736312866,2047,7a7b7dc6f6f242742c30f5194894a13f9225c540c5568a1c1839849368debd08
llama32_3b,pq,Z32,pq_Z32,0,38,1.4712578058242798,2047,7a7b7dc6f6f242742c30f5194894a13f9225c540c5568a1c1839849368debd08
llama32_3b,pq,ZB16,pq_ZB16,0,38,1.4706504344940186,2047,7a7b7dc6f6f242742c30f5194894a13f9225c540c5568a1c1839849368debd08
llama32_3b,pq,S32,pq_S32,0,38,1.4709960222244263,2047,7a7b7dc6f6f242742c30f5194894a13f9225c540c5568a1c1839849368debd08
llama32_3b,pq,Z16,pq_Z16,0,39,1.671228051185608,2047,7a7b7dc6f6f242742c30f5194894a13f9225c540c5568a1c1839849368debd08
llama32_3b,pq,Z32,pq_Z32,0,39,1.671601414680481,2047,7a7b7dc6f6f242742c30f5194894a13f9225c540c5568a1c1839849368debd08
llama32_3b,pq,ZB16,pq_ZB16,0,39,1.6705659627914429,2047,7a7b7dc6f6f242742c30f5194894a13f9225c540c5568a1c1839849368debd08
llama32_3b,pq,S32,pq_S32,0,39,1.6712632179260254,2047,7a7b7dc6f6f242742c30f5194894a13f9225c540c5568a1c1839849368debd08
llama32_3b,pq,Z16,pq_Z16,0,40,2.2751200199127197,2047,7a7b7dc6f6f242742c30f5194894a13f9225c540c5568a1c1839849368debd08
llama32_3b,pq,Z32,pq_Z32,0,40,2.275338649749756,2047,7a7b7dc6f6f242742c30f5194894a13f9225c540c5568a1c1839849368debd08
llama32_3b,pq,ZB16,pq_ZB16,0,40,2.2757227420806885,2047,7a7b7dc6f6f242742c30f5194894a13f9225c540c5568a1c1839849368debd08
llama32_3b,pq,S32,pq_S32,0,40,2.275012493133545,2047,7a7b7dc6f6f242742c30f5194894a13f9225c540c5568a1c1839849368debd08
llama32_3b,pq,Z16,pq_Z16,0,41,2.6905109882354736,2047,7a7b7dc6f6f242742c30f5194894a13f9225c540c5568a1c1839849368debd08
llama32_3b,pq,Z32,pq_Z32,0,41,2.690415859222412,2047,7a7b7dc6f6f242742c30f5194894a13f9225c540c5568a1c1839849368debd08
llama32_3b,pq,ZB16,pq_ZB16,0,41,2.6897759437561035,2047,7a7b7dc6f6f242742c30f5194894a13f9225c540c5568a1c1839849368debd08
llama32_3b,pq,S32,pq_S32,0,41,2.6906189918518066,2047,7a7b7dc6f6f242742c30f5194894a13f9225c540c5568a1c1839849368debd08
llama32_3b,pq,Z16,pq_Z16,0,42,2.692314624786377,2047,7a7b7dc6f6f242742c30f5194894a13f9225c540c5568a1c1839849368debd08
llama32_3b,pq,Z32,pq_Z32,0,42,2.6921796798706055,2047,7a7b7dc6f6f242742c30f5194894a13f9225c540c5568a1c1839849368debd08
llama32_3b,pq,ZB16,pq_ZB16,0,42,2.691257953643799,2047,7a7b7dc6f6f242742c30f5194894a13f9225c540c5568a1c1839849368debd08
llama32_3b,pq,S32,pq_S32,0,42,2.6920418739318848,2047,7a7b7dc6f6f242742c30f5194894a13f9225c540c5568a1c1839849368debd08
llama32_3b,pq,Z16,pq_Z16,0,43,2.3128113746643066,2047,7a7b7dc6f6f242742c30f5194894a13f9225c540c5568a1c1839849368debd08
llama32_3b,pq,Z32,pq_Z32,0,43,2.312425136566162,2047,7a7b7dc6f6f242742c30f5194894a13f9225c540c5568a1c1839849368debd08
llama32_3b,pq,ZB16,pq_ZB16,0,43,2.312758684158325,2047,7a7b7dc6f6f242742c30f5194894a13f9225c540c5568a1c1839849368debd08
llama32_3b,pq,S32,pq_S32,0,43,2.312270402908325,2047,7a7b7dc6f6f242742c30f5194894a13f9225c540c5568a1c1839849368debd08
llama32_3b,pq,Z16,pq_Z16,0,44,2.311612129211426,2047,7a7b7dc6f6f242742c30f5194894a13f9225c540c5568a1c1839849368debd08
llama32_3b,pq,Z32,pq_Z32,0,44,2.311112642288208,2047,7a7b7dc6f6f242742c30f5194894a13f9225c540c5568a1c1839849368debd08
llama32_3b,pq,ZB16,pq_ZB16,0,44,2.3119871616363525,2047,7a7b7dc6f6f242742c30f5194894a13f9225c540c5568a1c1839849368debd08
llama32_3b,pq,S32,pq_S32,0,44,2.3113765716552734,2047,7a7b7dc6f6f242742c30f5194894a13f9225c540c5568a1c1839849368debd08
llama32_3b,pq,Z16,pq_Z16,0,45,2.280364513397217,2047,7a7b7dc6f6f242742c30f5194894a13f9225c540c5568a1c1839849368debd08
llama32_3b,pq,Z32,pq_Z32,0,45,2.2812416553497314,2047,7a7b7dc6f6f242742c30f5194894a13f9225c540c5568a1c1839849368debd08
llama32_3b,pq,ZB16,pq_ZB16,0,45,2.2806849479675293,2047,7a7b7dc6f6f242742c30f5194894a13f9225c540c5568a1c1839849368debd08
llama32_3b,pq,S32,pq_S32,0,45,2.280235528945923,2047,7a7b7dc6f6f242742c30f5194894a13f9225c540c5568a1c1839849368debd08
llama32_3b,pq,Z16,pq_Z16,0,46,2.3727753162384033,2047,7a7b7dc6f6f242742c30f5194894a13f9225c540c5568a1c1839849368debd08
llama32_3b,pq,Z32,pq_Z32,0,46,2.3725550174713135,2047,7a7b7dc6f6f242742c30f5194894a13f9225c540c5568a1c1839849368debd08
llama32_3b,pq,ZB16,pq_ZB16,0,46,2.372609853744507,2047,7a7b7dc6f6f242742c30f5194894a13f9225c540c5568a1c1839849368debd08
llama32_3b,pq,S32,pq_S32,0,46,2.3723373413085938,2047,7a7b7dc6f6f242742c30f5194894a13f9225c540c5568a1c1839849368debd08
llama32_3b,pq,Z16,pq_Z16,0,47,2.1643686294555664,2047,7a7b7dc6f6f242742c30f5194894a13f9225c540c5568a1c1839849368debd08
llama32_3b,pq,Z32,pq_Z32,0,47,2.1641788482666016,2047,7a7b7dc6f6f242742c30f5194894a13f9225c540c5568a1c1839849368debd08
llama32_3b,pq,ZB16,pq_ZB16,0,47,2.164522409439087,2047,7a7b7dc6f6f242742c30f5194894a13f9225c540c5568a1c1839849368debd08
llama32_3b,pq,S32,pq_S32,0,47,2.163607597351074,2047,7a7b7dc6f6f242742c30f5194894a13f9225c540c5568a1c1839849368debd08
llama32_3b,pq,Z16,pq_Z16,0,48,2.0371930599212646,2047,7a7b7dc6f6f242742c30f5194894a13f9225c540c5568a1c1839849368debd08
llama32_3b,pq,Z32,pq_Z32,0,48,2.037508010864258,2047,7a7b7dc6f6f242742c30f5194894a13f9225c540c5568a1c1839849368debd08
llama32_3b,pq,ZB16,pq_ZB16,0,48,2.0375189781188965,2047,7a7b7dc6f6f242742c30f5194894a13f9225c540c5568a1c1839849368debd08
llama32_3b,pq,S32,pq_S32,0,48,2.036768913269043,2047,7a7b7dc6f6f242742c30f5194894a13f9225c540c5568a1c1839849368debd08
llama32_3b,pq,Z16,pq_Z16,0,49,2.03334379196167,2047,7a7b7dc6f6f242742c30f5194894a13f9225c540c5568a1c1839849368debd08
llama32_3b,pq,Z32,pq_Z32,0,49,2.0335161685943604,2047,7a7b7dc6f6f242742c30f5194894a13f9225c540c5568a1c1839849368debd08
llama32_3b,pq,ZB16,pq_ZB16,0,49,2.0338122844696045,2047,7a7b7dc6f6f242742c30f5194894a13f9225c540c5568a1c1839849368debd08
llama32_3b,pq,S32,pq_S32,0,49,2.0333447456359863,2047,7a7b7dc6f6f242742c30f5194894a13f9225c540c5568a1c1839849368debd08
llama32_3b,pq,Z16,pq_Z16,0,50,1.7499632835388184,2047,7a7b7dc6f6f242742c30f5194894a13f9225c540c5568a1c1839849368debd08
llama32_3b,pq,Z32,pq_Z32,0,50,1.7499876022338867,2047,7a7b7dc6f6f242742c30f5194894a13f9225c540c5568a1c1839849368debd08
llama32_3b,pq,ZB16,pq_ZB16,0,50,1.7494053840637207,2047,7a7b7dc6f6f242742c30f5194894a13f9225c540c5568a1c1839849368debd08
llama32_3b,pq,S32,pq_S32,0,50,1.7498637437820435,2047,7a7b7dc6f6f242742c30f5194894a13f9225c540c5568a1c1839849368debd08
llama32_3b,pq,Z16,pq_Z16,0,51,1.8376082181930542,2047,7a7b7dc6f6f242742c30f5194894a13f9225c540c5568a1c1839849368debd08
llama32_3b,pq,Z32,pq_Z32,0,51,1.838076114654541,2047,7a7b7dc6f6f242742c30f5194894a13f9225c540c5568a1c1839849368debd08
llama32_3b,pq,ZB16,pq_ZB16,0,51,1.8383502960205078,2047,7a7b7dc6f6f242742c30f5194894a13f9225c540c5568a1c1839849368debd08
llama32_3b,pq,S32,pq_S32,0,51,1.8384203910827637,2047,7a7b7dc6f6f242742c30f5194894a13f9225c540c5568a1c1839849368debd08
llama32_3b,pq,Z16,pq_Z16,0,52,1.6822372674942017,2047,7a7b7dc6f6f242742c30f5194894a13f9225c540c5568a1c1839849368debd08
llama32_3b,pq,Z32,pq_Z32,0,52,1.6825333833694458,2047,7a7b7dc6f6f242742c30f5194894a13f9225c540c5568a1c1839849368debd08
llama32_3b,pq,ZB16,pq_ZB16,0,52,1.6827127933502197,2047,7a7b7dc6f6f242742c30f5194894a13f9225c540c5568a1c1839849368debd08
llama32_3b,pq,S32,pq_S32,0,52,1.6824828386306763,2047,7a7b7dc6f6f242742c30f5194894a13f9225c540c5568a1c1839849368debd08
llama32_3b,pq,Z16,pq_Z16,0,53,1.9027457237243652,2047,7a7b7dc6f6f242742c30f5194894a13f9225c540c5568a1c1839849368debd08
llama32_3b,pq,Z32,pq_Z32,0,53,1.902930736541748,2047,7a7b7dc6f6f242742c30f5194894a13f9225c540c5568a1c1839849368debd08
llama32_3b,pq,ZB16,pq_ZB16,0,53,1.9022473096847534,2047,7a7b7dc6f6f242742c30f5194894a13f9225c540c5568a1c1839849368debd08
llama32_3b,pq,S32,pq_S32,0,53,1.902252435684204,2047,7a7b7dc6f6f242742c30f5194894a13f9225c540c5568a1c1839849368debd08
llama32_3b,pq,Z16,pq_Z16,0,54,1.632034182548523,2047,7a7b7dc6f6f242742c30f5194894a13f9225c540c5568a1c1839849368debd08
llama32_3b,pq,Z32,pq_Z32,0,54,1.6323922872543335,2047,7a7b7dc6f6f242742c30f5194894a13f9225c540c5568a1c1839849368debd08
llama32_3b,pq,ZB16,pq_ZB16,0,54,1.6314762830734253,2047,7a7b7dc6f6f242742c30f5194894a13f9225c540c5568a1c1839849368debd08
llama32_3b,pq,S32,pq_S32,0,54,1.6315778493881226,2047,7a7b7dc6f6f242742c30f5194894a13f9225c540c5568a1c1839849368debd08
llama32_3b,pq,Z16,pq_Z16,0,55,1.6047793626785278,2047,7a7b7dc6f6f242742c30f5194894a13f9225c540c5568a1c1839849368debd08
llama32_3b,pq,Z32,pq_Z32,0,55,1.604598045349121,2047,7a7b7dc6f6f242742c30f5194894a13f9225c540c5568a1c1839849368debd08
llama32_3b,pq,ZB16,pq_ZB16,0,55,1.6054565906524658,2047,7a7b7dc6f6f242742c30f5194894a13f9225c540c5568a1c1839849368debd08
llama32_3b,pq,S32,pq_S32,0,55,1.604831337928772,2047,7a7b7dc6f6f242742c30f5194894a13f9225c540c5568a1c1839849368debd08
llama32_3b,pq,Z16,pq_Z16,0,56,1.8304630517959595,2047,7a7b7dc6f6f242742c30f5194894a13f9225c540c5568a1c1839849368debd08
llama32_3b,pq,Z32,pq_Z32,0,56,1.8308855295181274,2047,7a7b7dc6f6f242742c30f5194894a13f9225c540c5568a1c1839849368debd08
llama32_3b,pq,ZB16,pq_ZB16,0,56,1.8297561407089233,2047,7a7b7dc6f6f242742c30f5194894a13f9225c540c5568a1c1839849368debd08
llama32_3b,pq,S32,pq_S32,0,56,1.8304882049560547,2047,7a7b7dc6f6f242742c30f5194894a13f9225c540c5568a1c1839849368debd08
llama32_3b,pq,Z16,pq_Z16,0,57,1.8059362173080444,2047,7a7b7dc6f6f242742c30f5194894a13f9225c540c5568a1c1839849368debd08
llama32_3b,pq,Z32,pq_Z32,0,57,1.806123971939087,2047,7a7b7dc6f6f242742c30f5194894a13f9225c540c5568a1c1839849368debd08
llama32_3b,pq,ZB16,pq_ZB16,0,57,1.8054653406143188,2047,7a7b7dc6f6f242742c30f5194894a13f9225c540c5568a1c1839849368debd08
llama32_3b,pq,S32,pq_S32,0,57,1.805867314338684,2047,7a7b7dc6f6f242742c30f5194894a13f9225c540c5568a1c1839849368debd08
llama32_3b,pq,Z16,pq_Z16,0,58,2.1841416358947754,2047,7a7b7dc6f6f242742c30f5194894a13f9225c540c5568a1c1839849368debd08
llama32_3b,pq,Z32,pq_Z32,0,58,2.184762954711914,2047,7a7b7dc6f6f242742c30f5194894a13f9225c540c5568a1c1839849368debd08
llama32_3b,pq,ZB16,pq_ZB16,0,58,2.1851274967193604,2047,7a7b7dc6f6f242742c30f5194894a13f9225c540c5568a1c1839849368debd08
llama32_3b,pq,S32,pq_S32,0,58,2.183884620666504,2047,7a7b7dc6f6f242742c30f5194894a13f9225c540c5568a1c1839849368debd08
llama32_3b,pq,Z16,pq_Z16,0,59,2.355360269546509,2047,7a7b7dc6f6f242742c30f5194894a13f9225c540c5568a1c1839849368debd08
llama32_3b,pq,Z32,pq_Z32,0,59,2.3552727699279785,2047,7a7b7dc6f6f242742c30f5194894a13f9225c540c5568a1c1839849368debd08
llama32_3b,pq,ZB16,pq_ZB16,0,59,2.3559234142303467,2047,7a7b7dc6f6f242742c30f5194894a13f9225c540c5568a1c1839849368debd08
llama32_3b,pq,S32,pq_S32,0,59,2.355814218521118,2047,7a7b7dc6f6f242742c30f5194894a13f9225c540c5568a1c1839849368debd08
llama32_3b,pq,Z16,pq_Z16,0,60,2.3642666339874268,2047,7a7b7dc6f6f242742c30f5194894a13f9225c540c5568a1c1839849368debd08
llama32_3b,pq,Z32,pq_Z32,0,60,2.3635573387145996,2047,7a7b7dc6f6f242742c30f5194894a13f9225c540c5568a1c1839849368debd08
llama32_3b,pq,ZB16,pq_ZB16,0,60,2.3641998767852783,2047,7a7b7dc6f6f242742c30f5194894a13f9225c540c5568a1c1839849368debd08
llama32_3b,pq,S32,pq_S32,0,60,2.364528179168701,2047,7a7b7dc6f6f242742c30f5194894a13f9225c540c5568a1c1839849368debd08
llama32_3b,pq,Z16,pq_Z16,0,61,2.4666872024536133,2047,7a7b7dc6f6f242742c30f5194894a13f9225c540c5568a1c1839849368debd08
llama32_3b,pq,Z32,pq_Z32,0,61,2.467203140258789,2047,7a7b7dc6f6f242742c30f5194894a13f9225c540c5568a1c1839849368debd08
llama32_3b,pq,ZB16,pq_ZB16,0,61,2.4665088653564453,2047,7a7b7dc6f6f242742c30f5194894a13f9225c540c5568a1c1839849368debd08
llama32_3b,pq,S32,pq_S32,0,61,2.4665870666503906,2047,7a7b7dc6f6f242742c30f5194894a13f9225c540c5568a1c1839849368debd08
llama32_3b,pq,Z16,pq_Z16,0,62,1.5154176950454712,2047,7a7b7dc6f6f242742c30f5194894a13f9225c540c5568a1c1839849368debd08
llama32_3b,pq,Z32,pq_Z32,0,62,1.5147337913513184,2047,7a7b7dc6f6f242742c30f5194894a13f9225c540c5568a1c1839849368debd08
llama32_3b,pq,ZB16,pq_ZB16,0,62,1.5157661437988281,2047,7a7b7dc6f6f242742c30f5194894a13f9225c540c5568a1c1839849368debd08
llama32_3b,pq,S32,pq_S32,0,62,1.5154905319213867,2047,7a7b7dc6f6f242742c30f5194894a13f9225c540c5568a1c1839849368debd08
llama32_3b,pq,Z16,pq_Z16,0,63,1.9039556980133057,2047,7a7b7dc6f6f242742c30f5194894a13f9225c540c5568a1c1839849368debd08
llama32_3b,pq,Z32,pq_Z32,0,63,1.9044594764709473,2047,7a7b7dc6f6f242742c30f5194894a13f9225c540c5568a1c1839849368debd08
llama32_3b,pq,ZB16,pq_ZB16,0,63,1.9043259620666504,2047,7a7b7dc6f6f242742c30f5194894a13f9225c540c5568a1c1839849368debd08
llama32_3b,pq,S32,pq_S32,0,63,1.9038169384002686,2047,7a7b7dc6f6f242742c30f5194894a13f9225c540c5568a1c1839849368debd08
llama32_3b,pq,Z16,pq_Z16,1,0,1.8295741081237793,2047,7a7b7dc6f6f242742c30f5194894a13f9225c540c5568a1c1839849368debd08
llama32_3b,pq,Z32,pq_Z32,1,0,1.8295011520385742,2047,7a7b7dc6f6f242742c30f5194894a13f9225c540c5568a1c1839849368debd08
llama32_3b,pq,ZB16,pq_ZB16,1,0,1.8292230367660522,2047,7a7b7dc6f6f242742c30f5194894a13f9225c540c5568a1c1839849368debd08
llama32_3b,pq,S32,pq_S32,1,0,1.8290575742721558,2047,7a7b7dc6f6f242742c30f5194894a13f9225c540c5568a1c1839849368debd08
llama32_3b,pq,Z16,pq_Z16,1,1,2.4254281520843506,2047,7a7b7dc6f6f242742c30f5194894a13f9225c540c5568a1c1839849368debd08
llama32_3b,pq,Z32,pq_Z32,1,1,2.4246528148651123,2047,7a7b7dc6f6f242742c30f5194894a13f9225c540c5568a1c1839849368debd08
llama32_3b,pq,ZB16,pq_ZB16,1,1,2.424511671066284,2047,7a7b7dc6f6f242742c30f5194894a13f9225c540c5568a1c1839849368debd08
llama32_3b,pq,S32,pq_S32,1,1,2.4250476360321045,2047,7a7b7dc6f6f242742c30f5194894a13f9225c540c5568a1c1839849368debd08
llama32_3b,pq,Z16,pq_Z16,1,2,2.503716230392456,2047,7a7b7dc6f6f242742c30f5194894a13f9225c540c5568a1c1839849368debd08
llama32_3b,pq,Z32,pq_Z32,1,2,2.5037248134613037,2047,7a7b7dc6f6f242742c30f5194894a13f9225c540c5568a1c1839849368debd08
llama32_3b,pq,ZB16,pq_ZB16,1,2,2.5042378902435303,2047,7a7b7dc6f6f242742c30f5194894a13f9225c540c5568a1c1839849368debd08
llama32_3b,pq,S32,pq_S32,1,2,2.5033905506134033,2047,7a7b7dc6f6f242742c30f5194894a13f9225c540c5568a1c1839849368debd08
llama32_3b,pq,Z16,pq_Z16,1,3,2.018537759780884,2047,7a7b7dc6f6f242742c30f5194894a13f9225c540c5568a1c1839849368debd08
llama32_3b,pq,Z32,pq_Z32,1,3,2.017749786376953,2047,7a7b7dc6f6f242742c30f5194894a13f9225c540c5568a1c1839849368debd08
llama32_3b,pq,ZB16,pq_ZB16,1,3,2.018723487854004,2047,7a7b7dc6f6f242742c30f5194894a13f9225c540c5568a1c1839849368debd08
llama32_3b,pq,S32,pq_S32,1,3,2.018376588821411,2047,7a7b7dc6f6f242742c30f5194894a13f9225c540c5568a1c1839849368debd08
llama32_3b,pq,Z16,pq_Z16,1,4,1.9285489320755005,2047,7a7b7dc6f6f242742c30f5194894a13f9225c540c5568a1c1839849368debd08
llama32_3b,pq,Z32,pq_Z32,1,4,1.928729772567749,2047,7a7b7dc6f6f242742c30f5194894a13f9225c540c5568a1c1839849368debd08
llama32_3b,pq,ZB16,pq_ZB16,1,4,1.9278945922851562,2047,7a7b7dc6f6f242742c30f5194894a13f9225c540c5568a1c1839849368debd08
llama32_3b,pq,S32,pq_S32,1,4,1.9286472797393799,2047,7a7b7dc6f6f242742c30f5194894a13f9225c540c5568a1c1839849368debd08
llama32_3b,pq,Z16,pq_Z16,1,5,1.5514503717422485,2047,7a7b7dc6f6f242742c30f5194894a13f9225c540c5568a1c1839849368debd08
llama32_3b,pq,Z32,pq_Z32,1,5,1.5516448020935059,2047,7a7b7dc6f6f242742c30f5194894a13f9225c540c5568a1c1839849368debd08
llama32_3b,pq,ZB16,pq_ZB16,1,5,1.5527138710021973,2047,7a7b7dc6f6f242742c30f5194894a13f9225c540c5568a1c1839849368debd08
llama32_3b,pq,S32,pq_S32,1,5,1.5517070293426514,2047,7a7b7dc6f6f242742c30f5194894a13f9225c540c5568a1c1839849368debd08
llama32_3b,pq,Z16,pq_Z16,1,6,1.6727898120880127,2047,7a7b7dc6f6f242742c30f5194894a13f9225c540c5568a1c1839849368debd08
llama32_3b,pq,Z32,pq_Z32,1,6,1.672441840171814,2047,7a7b7dc6f6f242742c30f5194894a13f9225c540c5568a1c1839849368debd08
llama32_3b,pq,ZB16,pq_ZB16,1,6,1.6727641820907593,2047,7a7b7dc6f6f242742c30f5194894a13f9225c540c5568a1c1839849368debd08
llama32_3b,pq,S32,pq_S32,1,6,1.672648549079895,2047,7a7b7dc6f6f242742c30f5194894a13f9225c540c5568a1c1839849368debd08
llama32_3b,pq,Z16,pq_Z16,1,7,1.9159460067749023,2047,7a7b7dc6f6f242742c30f5194894a13f9225c540c5568a1c1839849368debd08
llama32_3b,pq,Z32,pq_Z32,1,7,1.9165170192718506,2047,7a7b7dc6f6f242742c30f5194894a13f9225c540c5568a1c1839849368debd08
llama32_3b,pq,ZB16,pq_ZB16,1,7,1.916579008102417,2047,7a7b7dc6f6f242742c30f5194894a13f9225c540c5568a1c1839849368debd08
llama32_3b,pq,S32,pq_S32,1,7,1.9158810377120972,2047,7a7b7dc6f6f242742c30f5194894a13f9225c540c5568a1c1839849368debd08
llama32_3b,pq,Z16,pq_Z16,1,8,2.253347396850586,2047,7a7b7dc6f6f242742c30f5194894a13f9225c540c5568a1c1839849368debd08
llama32_3b,pq,Z32,pq_Z32,1,8,2.2534987926483154,2047,7a7b7dc6f6f242742c30f5194894a13f9225c540c5568a1c1839849368debd08
llama32_3b,pq,ZB16,pq_ZB16,1,8,2.253795623779297,2047,7a7b7dc6f6f242742c30f5194894a13f9225c540c5568a1c1839849368debd08
llama32_3b,pq,S32,pq_S32,1,8,2.253293514251709,2047,7a7b7dc6f6f242742c30f5194894a13f9225c540c5568a1c1839849368debd08
llama32_3b,pq,Z16,pq_Z16,1,9,1.9768038988113403,2047,7a7b7dc6f6f242742c30f5194894a13f9225c540c5568a1c1839849368debd08
llama32_3b,pq,Z32,pq_Z32,1,9,1.9768582582473755,2047,7a7b7dc6f6f242742c30f5194894a13f9225c540c5568a1c1839849368debd08
llama32_3b,pq,ZB16,pq_ZB16,1,9,1.9780044555664062,2047,7a7b7dc6f6f242742c30f5194894a13f9225c540c5568a1c1839849368debd08
llama32_3b,pq,S32,pq_S32,1,9,1.9770783185958862,2047,7a7b7dc6f6f242742c30f5194894a13f9225c540c5568a1c1839849368debd08
llama32_3b,pq,Z16,pq_Z16,1,10,1.8990437984466553,2047,7a7b7dc6f6f242742c30f5194894a13f9225c540c5568a1c1839849368debd08
llama32_3b,pq,Z32,pq_Z32,1,10,1.8995734453201294,2047,7a7b7dc6f6f242742c30f5194894a13f9225c540c5568a1c1839849368debd08
llama32_3b,pq,ZB16,pq_ZB16,1,10,1.8991601467132568,2047,7a7b7dc6f6f242742c30f5194894a13f9225c540c5568a1c1839849368debd08
llama32_3b,pq,S32,pq_S32,1,10,1.8993334770202637,2047,7a7b7dc6f6f242742c30f5194894a13f9225c540c5568a1c1839849368debd08
llama32_3b,pq,Z16,pq_Z16,1,11,2.2512738704681396,2047,7a7b7dc6f6f242742c30f5194894a13f9225c540c5568a1c1839849368debd08
llama32_3b,pq,Z32,pq_Z32,1,11,2.2509803771972656,2047,7a7b7dc6f6f242742c30f5194894a13f9225c540c5568a1c1839849368debd08
llama32_3b,pq,ZB16,pq_ZB16,1,11,2.251044273376465,2047,7a7b7dc6f6f242742c30f5194894a13f9225c540c5568a1c1839849368debd08
llama32_3b,pq,S32,pq_S32,1,11,2.2512331008911133,2047,7a7b7dc6f6f242742c30f5194894a13f9225c540c5568a1c1839849368debd08
llama32_3b,pq,Z16,pq_Z16,1,12,2.125199556350708,2047,7a7b7dc6f6f242742c30f5194894a13f9225c540c5568a1c1839849368debd08
llama32_3b,pq,Z32,pq_Z32,1,12,2.12530779838562,2047,7a7b7dc6f6f242742c30f5194894a13f9225c540c5568a1c1839849368debd08
llama32_3b,pq,ZB16,pq_ZB16,1,12,2.1250815391540527,2047,7a7b7dc6f6f242742c30f5194894a13f9225c540c5568a1c1839849368debd08
llama32_3b,pq,S32,pq_S32,1,12,2.1252150535583496,2047,7a7b7dc6f6f242742c30f5194894a13f9225c540c5568a1c1839849368debd08
llama32_3b,pq,Z16,pq_Z16,1,13,2.276665449142456,2047,7a7b7dc6f6f242742c30f5194894a13f9225c540c5568a1c1839849368debd08
llama32_3b,pq,Z32,pq_Z32,1,13,2.2759711742401123,2047,7a7b7dc6f6f242742c30f5194894a13f9225c540c5568a1c1839849368debd08
llama32_3b,pq,ZB16,pq_ZB16,1,13,2.276118040084839,2047,7a7b7dc6f6f242742c30f5194894a13f9225c540c5568a1c1839849368debd08
llama32_3b,pq,S32,pq_S32,1,13,2.276723623275757,2047,7a7b7dc6f6f242742c30f5194894a13f9225c540c5568a1c1839849368debd08
llama32_3b,pq,Z16,pq_Z16,1,14,2.200011730194092,2047,7a7b7dc6f6f242742c30f5194894a13f9225c540c5568a1c1839849368debd08
llama32_3b,pq,Z32,pq_Z32,1,14,2.2008216381073,2047,7a7b7dc6f6f242742c30f5194894a13f9225c540c5568a1c1839849368debd08
llama32_3b,pq,ZB16,pq_ZB16,1,14,2.2005608081817627,2047,7a7b7dc6f6f242742c30f5194894a13f9225c540c5568a1c1839849368debd08
llama32_3b,pq,S32,pq_S32,1,14,2.2000739574432373,2047,7a7b7dc6f6f242742c30f5194894a13f9225c540c5568a1c1839849368debd08
llama32_3b,pq,Z16,pq_Z16,1,15,2.404629945755005,2047,7a7b7dc6f6f242742c30f5194894a13f9225c540c5568a1c1839849368debd08
llama32_3b,pq,Z32,pq_Z32,1,15,2.404897451400757,2047,7a7b7dc6f6f242742c30f5194894a13f9225c540c5568a1c1839849368debd08
llama32_3b,pq,ZB16,pq_ZB16,1,15,2.406083106994629,2047,7a7b7dc6f6f242742c30f5194894a13f9225c540c5568a1c1839849368debd08
llama32_3b,pq,S32,pq_S32,1,15,2.404778003692627,2047,7a7b7dc6f6f242742c30f5194894a13f9225c540c5568a1c1839849368debd08
llama32_3b,pq,Z16,pq_Z16,1,16,2.127000331878662,2047,7a7b7dc6f6f242742c30f5194894a13f9225c540c5568a1c1839849368debd08
llama32_3b,pq,Z32,pq_Z32,1,16,2.1273391246795654,2047,7a7b7dc6f6f242742c30f5194894a13f9225c540c5568a1c1839849368debd08
llama32_3b,pq,ZB16,pq_ZB16,1,16,2.127211332321167,2047,7a7b7dc6f6f242742c30f5194894a13f9225c540c5568a1c1839849368debd08
llama32_3b,pq,S32,pq_S32,1,16,2.127173662185669,2047,7a7b7dc6f6f242742c30f5194894a13f9225c540c5568a1c1839849368debd08
llama32_3b,pq,Z16,pq_Z16,1,17,2.1484506130218506,2047,7a7b7dc6f6f242742c30f5194894a13f9225c540c5568a1c1839849368debd08
llama32_3b,pq,Z32,pq_Z32,1,17,2.1481730937957764,2047,7a7b7dc6f6f242742c30f5194894a13f9225c540c5568a1c1839849368debd08
llama32_3b,pq,ZB16,pq_ZB16,1,17,2.1472063064575195,2047,7a7b7dc6f6f242742c30f5194894a13f9225c540c5568a1c1839849368debd08
llama32_3b,pq,S32,pq_S32,1,17,2.148566961288452,2047,7a7b7dc6f6f242742c30f5194894a13f9225c540c5568a1c1839849368debd08
llama32_3b,pq,Z16,pq_Z16,1,18,1.9616268873214722,2047,7a7b7dc6f6f242742c30f5194894a13f9225c540c5568a1c1839849368debd08
llama32_3b,pq,Z32,pq_Z32,1,18,1.9622472524642944,2047,7a7b7dc6f6f242742c30f5194894a13f9225c540c5568a1c1839849368debd08
llama32_3b,pq,ZB16,pq_ZB16,1,18,1.9620192050933838,2047,7a7b7dc6f6f242742c30f5194894a13f9225c540c5568a1c1839849368debd08
llama32_3b,pq,S32,pq_S32,1,18,1.9620789289474487,2047,7a7b7dc6f6f242742c30f5194894a13f9225c540c5568a1c1839849368debd08
llama32_3b,pq,Z16,pq_Z16,1,19,2.1073756217956543,2047,7a7b7dc6f6f242742c30f5194894a13f9225c540c5568a1c1839849368debd08
llama32_3b,pq,Z32,pq_Z32,1,19,2.1071465015411377,2047,7a7b7dc6f6f242742c30f5194894a13f9225c540c5568a1c1839849368debd08
llama32_3b,pq,ZB16,pq_ZB16,1,19,2.107703447341919,2047,7a7b7dc6f6f242742c30f5194894a13f9225c540c5568a1c1839849368debd08
llama32_3b,pq,S32,pq_S32,1,19,2.1077492237091064,2047,7a7b7dc6f6f242742c30f5194894a13f9225c540c5568a1c1839849368debd08
llama32_3b,pq,Z16,pq_Z16,1,20,2.2362303733825684,2047,7a7b7dc6f6f242742c30f5194894a13f9225c540c5568a1c1839849368debd08
llama32_3b,pq,Z32,pq_Z32,1,20,2.236208915710449,2047,7a7b7dc6f6f242742c30f5194894a13f9225c540c5568a1c1839849368debd08
llama32_3b,pq,ZB16,pq_ZB16,1,20,2.236410617828369,2047,7a7b7dc6f6f242742c30f5194894a13f9225c540c5568a1c1839849368debd08
llama32_3b,pq,S32,pq_S32,1,20,2.2363197803497314,2047,7a7b7dc6f6f242742c30f5194894a13f9225c540c5568a1c1839849368debd08
llama32_3b,pq,Z16,pq_Z16,1,21,2.1579573154449463,2047,7a7b7dc6f6f242742c30f5194894a13f9225c540c5568a1c1839849368debd08
llama32_3b,pq,Z32,pq_Z32,1,21,2.1573667526245117,2047,7a7b7dc6f6f242742c30f5194894a13f9225c540c5568a1c1839849368debd08
llama32_3b,pq,ZB16,pq_ZB16,1,21,2.158731698989868,2047,7a7b7dc6f6f242742c30f5194894a13f9225c540c5568a1c1839849368debd08
llama32_3b,pq,S32,pq_S32,1,21,2.1579439640045166,2047,7a7b7dc6f6f242742c30f5194894a13f9225c540c5568a1c1839849368debd08
llama32_3b,pq,Z16,pq_Z16,1,22,2.2067959308624268,2047,7a7b7dc6f6f242742c30f5194894a13f9225c540c5568a1c1839849368debd08
llama32_3b,pq,Z32,pq_Z32,1,22,2.2065327167510986,2047,7a7b7dc6f6f242742c30f5194894a13f9225c540c5568a1c1839849368debd08
llama32_3b,pq,ZB16,pq_ZB16,1,22,2.2075839042663574,2047,7a7b7dc6f6f242742c30f5194894a13f9225c540c5568a1c1839849368debd08
llama32_3b,pq,S32,pq_S32,1,22,2.206096649169922,2047,7a7b7dc6f6f242742c30f5194894a13f9225c540c5568a1c1839849368debd08
llama32_3b,pq,Z16,pq_Z16,1,23,2.2458155155181885,2047,7a7b7dc6f6f242742c30f5194894a13f9225c540c5568a1c1839849368debd08
llama32_3b,pq,Z32,pq_Z32,1,23,2.245638608932495,2047,7a7b7dc6f6f242742c30f5194894a13f9225c540c5568a1c1839849368debd08
llama32_3b,pq,ZB16,pq_ZB16,1,23,2.2467992305755615,2047,7a7b7dc6f6f242742c30f5194894a13f9225c540c5568a1c1839849368debd08
llama32_3b,pq,S32,pq_S32,1,23,2.2449352741241455,2047,7a7b7dc6f6f242742c30f5194894a13f9225c540c5568a1c1839849368debd08
llama32_3b,pq,Z16,pq_Z16,1,24,2.2754530906677246,2047,7a7b7dc6f6f242742c30f5194894a13f9225c540c5568a1c1839849368debd08
llama32_3b,pq,Z32,pq_Z32,1,24,2.275193691253662,2047,7a7b7dc6f6f242742c30f5194894a13f9225c540c5568a1c1839849368debd08
llama32_3b,pq,ZB16,pq_ZB16,1,24,2.2753677368164062,2047,7a7b7dc6f6f242742c30f5194894a13f9225c540c5568a1c1839849368debd08
llama32_3b,pq,S32,pq_S32,1,24,2.275270462036133,2047,7a7b7dc6f6f242742c30f5194894a13f9225c540c5568a1c1839849368debd08
llama32_3b,pq,Z16,pq_Z16,1,25,2.3420464992523193,2047,7a7b7dc6f6f242742c30f5194894a13f9225c540c5568a1c1839849368debd08
llama32_3b,pq,Z32,pq_Z32,1,25,2.3422257900238037,2047,7a7b7dc6f6f242742c30f5194894a13f9225c540c5568a1c1839849368debd08
llama32_3b,pq,ZB16,pq_ZB16,1,25,2.3425471782684326,2047,7a7b7dc6f6f242742c30f5194894a13f9225c540c5568a1c1839849368debd08
llama32_3b,pq,S32,pq_S32,1,25,2.3411753177642822,2047,7a7b7dc6f6f242742c30f5194894a13f9225c540c5568a1c1839849368debd08
llama32_3b,pq,Z16,pq_Z16,1,26,2.434105634689331,2047,7a7b7dc6f6f242742c30f5194894a13f9225c540c5568a1c1839849368debd08
llama32_3b,pq,Z32,pq_Z32,1,26,2.434185266494751,2047,7a7b7dc6f6f242742c30f5194894a13f9225c540c5568a1c1839849368debd08
llama32_3b,pq,ZB16,pq_ZB16,1,26,2.4336800575256348,2047,7a7b7dc6f6f242742c30f5194894a13f9225c540c5568a1c1839849368debd08
llama32_3b,pq,S32,pq_S32,1,26,2.433746099472046,2047,7a7b7dc6f6f242742c30f5194894a13f9225c540c5568a1c1839849368debd08
llama32_3b,pq,Z16,pq_Z16,1,27,2.2310636043548584,2047,7a7b7dc6f6f242742c30f5194894a13f9225c540c5568a1c1839849368debd08
llama32_3b,pq,Z32,pq_Z32,1,27,2.231038808822632,2047,7a7b7dc6f6f242742c30f5194894a13f9225c540c5568a1c1839849368debd08
llama32_3b,pq,ZB16,pq_ZB16,1,27,2.2315921783447266,2047,7a7b7dc6f6f242742c30f5194894a13f9225c540c5568a1c1839849368debd08
llama32_3b,pq,S32,pq_S32,1,27,2.230905771255493,2047,7a7b7dc6f6f242742c30f5194894a13f9225c540c5568a1c1839849368debd08
llama32_3b,pq,Z16,pq_Z16,1,28,1.9970039129257202,2047,7a7b7dc6f6f242742c30f5194894a13f9225c540c5568a1c1839849368debd08
llama32_3b,pq,Z32,pq_Z32,1,28,1.997344970703125,2047,7a7b7dc6f6f242742c30f5194894a13f9225c540c5568a1c1839849368debd08
llama32_3b,pq,ZB16,pq_ZB16,1,28,1.9974706172943115,2047,7a7b7dc6f6f242742c30f5194894a13f9225c540c5568a1c1839849368debd08
llama32_3b,pq,S32,pq_S32,1,28,1.9983044862747192,2047,7a7b7dc6f6f242742c30f5194894a13f9225c540c5568a1c1839849368debd08
llama32_3b,pq,Z16,pq_Z16,1,29,1.8123689889907837,2047,7a7b7dc6f6f242742c30f5194894a13f9225c540c5568a1c1839849368debd08
llama32_3b,pq,Z32,pq_Z32,1,29,1.8122502565383911,2047,7a7b7dc6f6f242742c30f5194894a13f9225c540c5568a1c1839849368debd08
llama32_3b,pq,ZB16,pq_ZB16,1,29,1.8124648332595825,2047,7a7b7dc6f6f242742c30f5194894a13f9225c540c5568a1c1839849368debd08
llama32_3b,pq,S32,pq_S32,1,29,1.8118910789489746,2047,7a7b7dc6f6f242742c30f5194894a13f9225c540c5568a1c1839849368debd08
llama32_3b,pq,Z16,pq_Z16,1,30,1.6929035186767578,2047,7a7b7dc6f6f242742c30f5194894a13f9225c540c5568a1c1839849368debd08
llama32_3b,pq,Z32,pq_Z32,1,30,1.6932957172393799,2047,7a7b7dc6f6f242742c30f5194894a13f9225c540c5568a1c1839849368debd08
llama32_3b,pq,ZB16,pq_ZB16,1,30,1.6931418180465698,2047,7a7b7dc6f6f242742c30f5194894a13f9225c540c5568a1c1839849368debd08
llama32_3b,pq,S32,pq_S32,1,30,1.6931893825531006,2047,7a7b7dc6f6f242742c30f5194894a13f9225c540c5568a1c1839849368debd08
llama32_3b,pq,Z16,pq_Z16,1,31,1.7146356105804443,2047,7a7b7dc6f6f242742c30f5194894a13f9225c540c5568a1c1839849368debd08
llama32_3b,pq,Z32,pq_Z32,1,31,1.7147033214569092,2047,7a7b7dc6f6f242742c30f5194894a13f9225c540c5568a1c1839849368debd08
llama32_3b,pq,ZB16,pq_ZB16,1,31,1.7151710987091064,2047,7a7b7dc6f6f242742c30f5194894a13f9225c540c5568a1c1839849368debd08
llama32_3b,pq,S32,pq_S32,1,31,1.7151283025741577,2047,7a7b7dc6f6f242742c30f5194894a13f9225c540c5568a1c1839849368debd08
llama32_3b,pq,Z16,pq_Z16,1,32,2.0227982997894287,2047,7a7b7dc6f6f242742c30f5194894a13f9225c540c5568a1c1839849368debd08
llama32_3b,pq,Z32,pq_Z32,1,32,2.023427963256836,2047,7a7b7dc6f6f242742c30f5194894a13f9225c540c5568a1c1839849368debd08
llama32_3b,pq,ZB16,pq_ZB16,1,32,2.0249369144439697,2047,7a7b7dc6f6f242742c30f5194894a13f9225c540c5568a1c1839849368debd08
llama32_3b,pq,S32,pq_S32,1,32,2.0238451957702637,2047,7a7b7dc6f6f242742c30f5194894a13f9225c540c5568a1c1839849368debd08
llama32_3b,pq,Z16,pq_Z16,1,33,1.98537278175354,2047,7a7b7dc6f6f242742c30f5194894a13f9225c540c5568a1c1839849368debd08
llama32_3b,pq,Z32,pq_Z32,1,33,1.9855095148086548,2047,7a7b7dc6f6f242742c30f5194894a13f9225c540c5568a1c1839849368debd08
llama32_3b,pq,ZB16,pq_ZB16,1,33,1.9849990606307983,2047,7a7b7dc6f6f242742c30f5194894a13f9225c540c5568a1c1839849368debd08
llama32_3b,pq,S32,pq_S32,1,33,1.9852619171142578,2047,7a7b7dc6f6f242742c30f5194894a13f9225c540c5568a1c1839849368debd08
llama32_3b,pq,Z16,pq_Z16,1,34,2.1628637313842773,2047,7a7b7dc6f6f242742c30f5194894a13f9225c540c5568a1c1839849368debd08
llama32_3b,pq,Z32,pq_Z32,1,34,2.1629762649536133,2047,7a7b7dc6f6f242742c30f5194894a13f9225c540c5568a1c1839849368debd08
llama32_3b,pq,ZB16,pq_ZB16,1,34,2.162717819213867,2047,7a7b7dc6f6f242742c30f5194894a13f9225c540c5568a1c1839849368debd08
llama32_3b,pq,S32,pq_S32,1,34,2.1629273891448975,2047,7a7b7dc6f6f242742c30f5194894a13f9225c540c5568a1c1839849368debd08
llama32_3b,pq,Z16,pq_Z16,1,35,1.4741581678390503,2047,7a7b7dc6f6f242742c30f5194894a13f9225c540c5568a1c1839849368debd08
llama32_3b,pq,Z32,pq_Z32,1,35,1.4742788076400757,2047,7a7b7dc6f6f242742c30f5194894a13f9225c540c5568a1c1839849368debd08
llama32_3b,pq,ZB16,pq_ZB16,1,35,1.4738343954086304,2047,7a7b7dc6f6f242742c30f5194894a13f9225c540c5568a1c1839849368debd08
llama32_3b,pq,S32,pq_S32,1,35,1.4733103513717651,2047,7a7b7dc6f6f242742c30f5194894a13f9225c540c5568a1c1839849368debd08
llama32_3b,pq,Z16,pq_Z16,1,36,1.4529352188110352,2047,7a7b7dc6f6f242742c30f5194894a13f9225c540c5568a1c1839849368debd08
llama32_3b,pq,Z32,pq_Z32,1,36,1.4528592824935913,2047,7a7b7dc6f6f242742c30f5194894a13f9225c540c5568a1c1839849368debd08
llama32_3b,pq,ZB16,pq_ZB16,1,36,1.4524595737457275,2047,7a7b7dc6f6f242742c30f5194894a13f9225c540c5568a1c1839849368debd08
llama32_3b,pq,S32,pq_S32,1,36,1.4524394273757935,2047,7a7b7dc6f6f242742c30f5194894a13f9225c540c5568a1c1839849368debd08
llama32_3b,pq,Z16,pq_Z16,1,37,1.5010615587234497,2047,7a7b7dc6f6f242742c30f5194894a13f9225c540c5568a1c1839849368debd08
llama32_3b,pq,Z32,pq_Z32,1,37,1.5013049840927124,2047,7a7b7dc6f6f242742c30f5194894a13f9225c540c5568a1c1839849368debd08
llama32_3b,pq,ZB16,pq_ZB16,1,37,1.500817894935608,2047,7a7b7dc6f6f242742c30f5194894a13f9225c540c5568a1c1839849368debd08
llama32_3b,pq,S32,pq_S32,1,37,1.5011745691299438,2047,7a7b7dc6f6f242742c30f5194894a13f9225c540c5568a1c1839849368debd08
llama32_3b,pq,Z16,pq_Z16,1,38,1.4812897443771362,2047,7a7b7dc6f6f242742c30f5194894a13f9225c540c5568a1c1839849368debd08
llama32_3b,pq,Z32,pq_Z32,1,38,1.4821754693984985,2047,7a7b7dc6f6f242742c30f5194894a13f9225c540c5568a1c1839849368debd08
llama32_3b,pq,ZB16,pq_ZB16,1,38,1.4823107719421387,2047,7a7b7dc6f6f242742c30f5194894a13f9225c540c5568a1c1839849368debd08
llama32_3b,pq,S32,pq_S32,1,38,1.481721043586731,2047,7a7b7dc6f6f242742c30f5194894a13f9225c540c5568a1c1839849368debd08
llama32_3b,pq,Z16,pq_Z16,1,39,1.669872522354126,2047,7a7b7dc6f6f242742c30f5194894a13f9225c540c5568a1c1839849368debd08
llama32_3b,pq,Z32,pq_Z32,1,39,1.669473648071289,2047,7a7b7dc6f6f242742c30f5194894a13f9225c540c5568a1c1839849368debd08
llama32_3b,pq,ZB16,pq_ZB16,1,39,1.6697241067886353,2047,7a7b7dc6f6f242742c30f5194894a13f9225c540c5568a1c1839849368debd08
llama32_3b,pq,S32,pq_S32,1,39,1.6698755025863647,2047,7a7b7dc6f6f242742c30f5194894a13f9225c540c5568a1c1839849368debd08
llama32_3b,pq,Z16,pq_Z16,1,40,2.2806689739227295,2047,7a7b7dc6f6f242742c30f5194894a13f9225c540c5568a1c1839849368debd08
llama32_3b,pq,Z32,pq_Z32,1,40,2.280653238296509,2047,7a7b7dc6f6f242742c30f5194894a13f9225c540c5568a1c1839849368debd08
llama32_3b,pq,ZB16,pq_ZB16,1,40,2.279998540878296,2047,7a7b7dc6f6f242742c30f5194894a13f9225c540c5568a1c1839849368debd08
llama32_3b,pq,S32,pq_S32,1,40,2.2800161838531494,2047,7a7b7dc6f6f242742c30f5194894a13f9225c540c5568a1c1839849368debd08
llama32_3b,pq,Z16,pq_Z16,1,41,2.6942386627197266,2047,7a7b7dc6f6f242742c30f5194894a13f9225c540c5568a1c1839849368debd08
llama32_3b,pq,Z32,pq_Z32,1,41,2.6937673091888428,2047,7a7b7dc6f6f242742c30f5194894a13f9225c540c5568a1c1839849368debd08
llama32_3b,pq,ZB16,pq_ZB16,1,41,2.6949760913848877,2047,7a7b7dc6f6f242742c30f5194894a13f9225c540c5568a1c1839849368debd08
llama32_3b,pq,S32,pq_S32,1,41,2.6941943168640137,2047,7a7b7dc6f6f242742c30f5194894a13f9225c540c5568a1c1839849368debd08
llama32_3b,pq,Z16,pq_Z16,1,42,2.6918933391571045,2047,7a7b7dc6f6f242742c30f5194894a13f9225c540c5568a1c1839849368debd08
llama32_3b,pq,Z32,pq_Z32,1,42,2.6919171810150146,2047,7a7b7dc6f6f242742c30f5194894a13f9225c540c5568a1c1839849368debd08
llama32_3b,pq,ZB16,pq_ZB16,1,42,2.691643714904785,2047,7a7b7dc6f6f242742c30f5194894a13f9225c540c5568a1c1839849368debd08
llama32_3b,pq,S32,pq_S32,1,42,2.692378520965576,2047,7a7b7dc6f6f242742c30f5194894a13f9225c540c5568a1c1839849368debd08
llama32_3b,pq,Z16,pq_Z16,1,43,2.322869300842285,2047,7a7b7dc6f6f242742c30f5194894a13f9225c540c5568a1c1839849368debd08
llama32_3b,pq,Z32,pq_Z32,1,43,2.3228325843811035,2047,7a7b7dc6f6f242742c30f5194894a13f9225c540c5568a1c1839849368debd08
llama32_3b,pq,ZB16,pq_ZB16,1,43,2.322692394256592,2047,7a7b7dc6f6f242742c30f5194894a13f9225c540c5568a1c1839849368debd08
llama32_3b,pq,S32,pq_S32,1,43,2.3228020668029785,2047,7a7b7dc6f6f242742c30f5194894a13f9225c540c5568a1c1839849368debd08
llama32_3b,pq,Z16,pq_Z16,1,44,2.2973921298980713,2047,7a7b7dc6f6f242742c30f5194894a13f9225c540c5568a1c1839849368debd08
llama32_3b,pq,Z32,pq_Z32,1,44,2.2972662448883057,2047,7a7b7dc6f6f242742c30f5194894a13f9225c540c5568a1c1839849368debd08
llama32_3b,pq,ZB16,pq_ZB16,1,44,2.29703950881958,2047,7a7b7dc6f6f242742c30f5194894a13f9225c540c5568a1c1839849368debd08
llama32_3b,pq,S32,pq_S32,1,44,2.2974727153778076,2047,7a7b7dc6f6f242742c30f5194894a13f9225c540c5568a1c1839849368debd08
llama32_3b,pq,Z16,pq_Z16,1,45,2.2810912132263184,2047,7a7b7dc6f6f242742c30f5194894a13f9225c540c5568a1c1839849368debd08
llama32_3b,pq,Z32,pq_Z32,1,45,2.280653715133667,2047,7a7b7dc6f6f242742c30f5194894a13f9225c540c5568a1c1839849368debd08
llama32_3b,pq,ZB16,pq_ZB16,1,45,2.2809159755706787,2047,7a7b7dc6f6f242742c30f5194894a13f9225c540c5568a1c1839849368debd08
llama32_3b,pq,S32,pq_S32,1,45,2.2805004119873047,2047,7a7b7dc6f6f242742c30f5194894a13f9225c540c5568a1c1839849368debd08
llama32_3b,pq,Z16,pq_Z16,1,46,2.376035451889038,2047,7a7b7dc6f6f242742c30f5194894a13f9225c540c5568a1c1839849368debd08
llama32_3b,pq,Z32,pq_Z32,1,46,2.3759334087371826,2047,7a7b7dc6f6f242742c30f5194894a13f9225c540c5568a1c1839849368debd08
llama32_3b,pq,ZB16,pq_ZB16,1,46,2.376664638519287,2047,7a7b7dc6f6f242742c30f5194894a13f9225c540c5568a1c1839849368debd08
llama32_3b,pq,S32,pq_S32,1,46,2.376088857650757,2047,7a7b7dc6f6f242742c30f5194894a13f9225c540c5568a1c1839849368debd08
llama32_3b,pq,Z16,pq_Z16,1,47,2.1603901386260986,2047,7a7b7dc6f6f242742c30f5194894a13f9225c540c5568a1c1839849368debd08
llama32_3b,pq,Z32,pq_Z32,1,47,2.1598093509674072,2047,7a7b7dc6f6f242742c30f5194894a13f9225c540c5568a1c1839849368debd08
llama32_3b,pq,ZB16,pq_ZB16,1,47,2.1597793102264404,2047,7a7b7dc6f6f242742c30f5194894a13f9225c540c5568a1c1839849368debd08
llama32_3b,pq,S32,pq_S32,1,47,2.1596591472625732,2047,7a7b7dc6f6f242742c30f5194894a13f9225c540c5568a1c1839849368debd08
llama32_3b,pq,Z16,pq_Z16,1,48,2.0356557369232178,2047,7a7b7dc6f6f242742c30f5194894a13f9225c540c5568a1c1839849368debd08
llama32_3b,pq,Z32,pq_Z32,1,48,2.0355608463287354,2047,7a7b7dc6f6f242742c30f5194894a13f9225c540c5568a1c1839849368debd08
llama32_3b,pq,ZB16,pq_ZB16,1,48,2.035738706588745,2047,7a7b7dc6f6f242742c30f5194894a13f9225c540c5568a1c1839849368debd08
llama32_3b,pq,S32,pq_S32,1,48,2.0355887413024902,2047,7a7b7dc6f6f242742c30f5194894a13f9225c540c5568a1c1839849368debd08
llama32_3b,pq,Z16,pq_Z16,1,49,2.0314321517944336,2047,7a7b7dc6f6f242742c30f5194894a13f9225c540c5568a1c1839849368debd08
llama32_3b,pq,Z32,pq_Z32,1,49,2.0306472778320312,2047,7a7b7dc6f6f242742c30f5194894a13f9225c540c5568a1c1839849368debd08
llama32_3b,pq,ZB16,pq_ZB16,1,49,2.030709743499756,2047,7a7b7dc6f6f242742c30f5194894a13f9225c540c5568a1c1839849368debd08
llama32_3b,pq,S32,pq_S32,1,49,2.0308122634887695,2047,7a7b7dc6f6f242742c30f5194894a13f9225c540c5568a1c1839849368debd08
llama32_3b,pq,Z16,pq_Z16,1,50,1.7512551546096802,2047,7a7b7dc6f6f242742c30f5194894a13f9225c540c5568a1c1839849368debd08
llama32_3b,pq,Z32,pq_Z32,1,50,1.750671148300171,2047,7a7b7dc6f6f242742c30f5194894a13f9225c540c5568a1c1839849368debd08
llama32_3b,pq,ZB16,pq_ZB16,1,50,1.751292109489441,2047,7a7b7dc6f6f242742c30f5194894a13f9225c540c5568a1c1839849368debd08
llama32_3b,pq,S32,pq_S32,1,50,1.7515017986297607,2047,7a7b7dc6f6f242742c30f5194894a13f9225c540c5568a1c1839849368debd08
llama32_3b,pq,Z16,pq_Z16,1,51,1.840517520904541,2047,7a7b7dc6f6f242742c30f5194894a13f9225c540c5568a1c1839849368debd08
llama32_3b,pq,Z32,pq_Z32,1,51,1.84064519405365,2047,7a7b7dc6f6f242742c30f5194894a13f9225c540c5568a1c1839849368debd08
llama32_3b,pq,ZB16,pq_ZB16,1,51,1.8397576808929443,2047,7a7b7dc6f6f242742c30f5194894a13f9225c540c5568a1c1839849368debd08
llama32_3b,pq,S32,pq_S32,1,51,1.8406386375427246,2047,7a7b7dc6f6f242742c30f5194894a13f9225c540c5568a1c1839849368debd08
llama32_3b,pq,Z16,pq_Z16,1,52,1.6772817373275757,2047,7a7b7dc6f6f242742c30f5194894a13f9225c540c5568a1c1839849368debd08
llama32_3b,pq,Z32,pq_Z32,1,52,1.6775068044662476,2047,7a7b7dc6f6f242742c30f5194894a13f9225c540c5568a1c1839849368debd08
llama32_3b,pq,ZB16,pq_ZB16,1,52,1.6776494979858398,2047,7a7b7dc6f6f242742c30f5194894a13f9225c540c5568a1c1839849368debd08
llama32_3b,pq,S32,pq_S32,1,52,1.677024245262146,2047,7a7b7dc6f6f242742c30f5194894a13f9225c540c5568a1c1839849368debd08
llama32_3b,pq,Z16,pq_Z16,1,53,1.905543327331543,2047,7a7b7dc6f6f242742c30f5194894a13f9225c540c5568a1c1839849368debd08
llama32_3b,pq,Z32,pq_Z32,1,53,1.9064934253692627,2047,7a7b7dc6f6f242742c30f5194894a13f9225c540c5568a1c1839849368debd08
llama32_3b,pq,ZB16,pq_ZB16,1,53,1.905079960823059,2047,7a7b7dc6f6f242742c30f5194894a13f9225c540c5568a1c1839849368debd08
llama32_3b,pq,S32,pq_S32,1,53,1.90556800365448,2047,7a7b7dc6f6f242742c30f5194894a13f9225c540c5568a1c1839849368debd08
llama32_3b,pq,Z16,pq_Z16,1,54,1.6249006986618042,2047,7a7b7dc6f6f242742c30f5194894a13f9225c540c5568a1c1839849368debd08
llama32_3b,pq,Z32,pq_Z32,1,54,1.624131202697754,2047,7a7b7dc6f6f242742c30f5194894a13f9225c540c5568a1c1839849368debd08
llama32_3b,pq,ZB16,pq_ZB16,1,54,1.6234288215637207,2047,7a7b7dc6f6f242742c30f5194894a13f9225c540c5568a1c1839849368debd08
llama32_3b,pq,S32,pq_S32,1,54,1.624229073524475,2047,7a7b7dc6f6f242742c30f5194894a13f9225c540c5568a1c1839849368debd08
llama32_3b,pq,Z16,pq_Z16,1,55,1.6072818040847778,2047,7a7b7dc6f6f242742c30f5194894a13f9225c540c5568a1c1839849368debd08
llama32_3b,pq,Z32,pq_Z32,1,55,1.6074680089950562,2047,7a7b7dc6f6f242742c30f5194894a13f9225c540c5568a1c1839849368debd08
llama32_3b,pq,ZB16,pq_ZB16,1,55,1.6071604490280151,2047,7a7b7dc6f6f242742c30f5194894a13f9225c540c5568a1c1839849368debd08
llama32_3b,pq,S32,pq_S32,1,55,1.6077511310577393,2047,7a7b7dc6f6f242742c30f5194894a13f9225c540c5568a1c1839849368debd08
llama32_3b,pq,Z16,pq_Z16,1,56,1.8385854959487915,2047,7a7b7dc6f6f242742c30f5194894a13f9225c540c5568a1c1839849368debd08
llama32_3b,pq,Z32,pq_Z32,1,56,1.8385149240493774,2047,7a7b7dc6f6f242742c30f5194894a13f9225c540c5568a1c1839849368debd08
llama32_3b,pq,ZB16,pq_ZB16,1,56,1.8383288383483887,2047,7a7b7dc6f6f242742c30f5194894a13f9225c540c5568a1c1839849368debd08
llama32_3b,pq,S32,pq_S32,1,56,1.8380392789840698,2047,7a7b7dc6f6f242742c30f5194894a13f9225c540c5568a1c1839849368debd08
llama32_3b,pq,Z16,pq_Z16,1,57,1.8070027828216553,2047,7a7b7dc6f6f242742c30f5194894a13f9225c540c5568a1c1839849368debd08
llama32_3b,pq,Z32,pq_Z32,1,57,1.8075640201568604,2047,7a7b7dc6f6f242742c30f5194894a13f9225c540c5568a1c1839849368debd08
llama32_3b,pq,ZB16,pq_ZB16,1,57,1.8083038330078125,2047,7a7b7dc6f6f242742c30f5194894a13f9225c540c5568a1c1839849368debd08
llama32_3b,pq,S32,pq_S32,1,57,1.8066717386245728,2047,7a7b7dc6f6f242742c30f5194894a13f9225c540c5568a1c1839849368debd08
llama32_3b,pq,Z16,pq_Z16,1,58,2.18369460105896,2047,7a7b7dc6f6f242742c30f5194894a13f9225c540c5568a1c1839849368debd08
llama32_3b,pq,Z32,pq_Z32,1,58,2.1838865280151367,2047,7a7b7dc6f6f242742c30f5194894a13f9225c540c5568a1c1839849368debd08
llama32_3b,pq,ZB16,pq_ZB16,1,58,2.1835882663726807,2047,7a7b7dc6f6f242742c30f5194894a13f9225c540c5568a1c1839849368debd08
llama32_3b,pq,S32,pq_S32,1,58,2.183972120285034,2047,7a7b7dc6f6f242742c30f5194894a13f9225c540c5568a1c1839849368debd08
llama32_3b,pq,Z16,pq_Z16,1,59,2.3517985343933105,2047,7a7b7dc6f6f242742c30f5194894a13f9225c540c5568a1c1839849368debd08
llama32_3b,pq,Z32,pq_Z32,1,59,2.3516769409179688,2047,7a7b7dc6f6f242742c30f5194894a13f9225c540c5568a1c1839849368debd08
llama32_3b,pq,ZB16,pq_ZB16,1,59,2.351041316986084,2047,7a7b7dc6f6f242742c30f5194894a13f9225c540c5568a1c1839849368debd08
llama32_3b,pq,S32,pq_S32,1,59,2.351780414581299,2047,7a7b7dc6f6f242742c30f5194894a13f9225c540c5568a1c1839849368debd08
llama32_3b,pq,Z16,pq_Z16,1,60,2.3641252517700195,2047,7a7b7dc6f6f242742c30f5194894a13f9225c540c5568a1c1839849368debd08
llama32_3b,pq,Z32,pq_Z32,1,60,2.36332106590271,2047,7a7b7dc6f6f242742c30f5194894a13f9225c540c5568a1c1839849368debd08
llama32_3b,pq,ZB16,pq_ZB16,1,60,2.363542079925537,2047,7a7b7dc6f6f242742c30f5194894a13f9225c540c5568a1c1839849368debd08
llama32_3b,pq,S32,pq_S32,1,60,2.3640151023864746,2047,7a7b7dc6f6f242742c30f5194894a13f9225c540c5568a1c1839849368debd08
llama32_3b,pq,Z16,pq_Z16,1,61,2.470703601837158,2047,7a7b7dc6f6f242742c30f5194894a13f9225c540c5568a1c1839849368debd08
llama32_3b,pq,Z32,pq_Z32,1,61,2.471599578857422,2047,7a7b7dc6f6f242742c30f5194894a13f9225c540c5568a1c1839849368debd08
llama32_3b,pq,ZB16,pq_ZB16,1,61,2.471341371536255,2047,7a7b7dc6f6f242742c30f5194894a13f9225c540c5568a1c1839849368debd08
llama32_3b,pq,S32,pq_S32,1,61,2.4711415767669678,2047,7a7b7dc6f6f242742c30f5194894a13f9225c540c5568a1c1839849368debd08
llama32_3b,pq,Z16,pq_Z16,1,62,1.5165691375732422,2047,7a7b7dc6f6f242742c30f5194894a13f9225c540c5568a1c1839849368debd08
llama32_3b,pq,Z32,pq_Z32,1,62,1.516507863998413,2047,7a7b7dc6f6f242742c30f5194894a13f9225c540c5568a1c1839849368debd08
llama32_3b,pq,ZB16,pq_ZB16,1,62,1.5159151554107666,2047,7a7b7dc6f6f242742c30f5194894a13f9225c540c5568a1c1839849368debd08
llama32_3b,pq,S32,pq_S32,1,62,1.5162705183029175,2047,7a7b7dc6f6f242742c30f5194894a13f9225c540c5568a1c1839849368debd08
llama32_3b,pq,Z16,pq_Z16,1,63,1.9048550128936768,2047,7a7b7dc6f6f242742c30f5194894a13f9225c540c5568a1c1839849368debd08
llama32_3b,pq,Z32,pq_Z32,1,63,1.905320405960083,2047,7a7b7dc6f6f242742c30f5194894a13f9225c540c5568a1c1839849368debd08
llama32_3b,pq,ZB16,pq_ZB16,1,63,1.9052751064300537,2047,7a7b7dc6f6f242742c30f5194894a13f9225c540c5568a1c1839849368debd08
llama32_3b,pq,S32,pq_S32,1,63,1.904526948928833,2047,7a7b7dc6f6f242742c30f5194894a13f9225c540c5568a1c1839849368debd08
llama32_3b,pq,Z16,pq_Z16,2,0,1.8456416130065918,2047,7a7b7dc6f6f242742c30f5194894a13f9225c540c5568a1c1839849368debd08
llama32_3b,pq,Z32,pq_Z32,2,0,1.8453564643859863,2047,7a7b7dc6f6f242742c30f5194894a13f9225c540c5568a1c1839849368debd08
llama32_3b,pq,ZB16,pq_ZB16,2,0,1.8452157974243164,2047,7a7b7dc6f6f242742c30f5194894a13f9225c540c5568a1c1839849368debd08
llama32_3b,pq,S32,pq_S32,2,0,1.8453128337860107,2047,7a7b7dc6f6f242742c30f5194894a13f9225c540c5568a1c1839849368debd08
llama32_3b,pq,Z16,pq_Z16,2,1,2.430349111557007,2047,7a7b7dc6f6f242742c30f5194894a13f9225c540c5568a1c1839849368debd08
llama32_3b,pq,Z32,pq_Z32,2,1,2.430541753768921,2047,7a7b7dc6f6f242742c30f5194894a13f9225c540c5568a1c1839849368debd08
llama32_3b,pq,ZB16,pq_ZB16,2,1,2.4299492835998535,2047,7a7b7dc6f6f242742c30f5194894a13f9225c540c5568a1c1839849368debd08
llama32_3b,pq,S32,pq_S32,2,1,2.4303977489471436,2047,7a7b7dc6f6f242742c30f5194894a13f9225c540c5568a1c1839849368debd08
llama32_3b,pq,Z16,pq_Z16,2,2,2.503749132156372,2047,7a7b7dc6f6f242742c30f5194894a13f9225c540c5568a1c1839849368debd08
llama32_3b,pq,Z32,pq_Z32,2,2,2.5044615268707275,2047,7a7b7dc6f6f242742c30f5194894a13f9225c540c5568a1c1839849368debd08
llama32_3b,pq,ZB16,pq_ZB16,2,2,2.5042264461517334,2047,7a7b7dc6f6f242742c30f5194894a13f9225c540c5568a1c1839849368debd08
llama32_3b,pq,S32,pq_S32,2,2,2.5028328895568848,2047,7a7b7dc6f6f242742c30f5194894a13f9225c540c5568a1c1839849368debd08
llama32_3b,pq,Z16,pq_Z16,2,3,2.0191309452056885,2047,7a7b7dc6f6f242742c30f5194894a13f9225c540c5568a1c1839849368debd08
llama32_3b,pq,Z32,pq_Z32,2,3,2.0184807777404785,2047,7a7b7dc6f6f242742c30f5194894a13f9225c540c5568a1c1839849368debd08
llama32_3b,pq,ZB16,pq_ZB16,2,3,2.0189926624298096,2047,7a7b7dc6f6f242742c30f5194894a13f9225c540c5568a1c1839849368debd08
llama32_3b,pq,S32,pq_S32,2,3,2.0188140869140625,2047,7a7b7dc6f6f242742c30f5194894a13f9225c540c5568a1c1839849368debd08
llama32_3b,pq,Z16,pq_Z16,2,4,1.9279807806015015,2047,7a7b7dc6f6f242742c30f5194894a13f9225c540c5568a1c1839849368debd08
llama32_3b,pq,Z32,pq_Z32,2,4,1.9270507097244263,2047,7a7b7dc6f6f242742c30f5194894a13f9225c540c5568a1c1839849368debd08
llama32_3b,pq,ZB16,pq_ZB16,2,4,1.9273614883422852,2047,7a7b7dc6f6f242742c30f5194894a13f9225c540c5568a1c1839849368debd08
llama32_3b,pq,S32,pq_S32,2,4,1.9279252290725708,2047,7a7b7dc6f6f242742c30f5194894a13f9225c540c5568a1c1839849368debd08
llama32_3b,pq,Z16,pq_Z16,2,5,1.5512573719024658,2047,7a7b7dc6f6f242742c30f5194894a13f9225c540c5568a1c1839849368debd08
llama32_3b,pq,Z32,pq_Z32,2,5,1.5512691736221313,2047,7a7b7dc6f6f242742c30f5194894a13f9225c540c5568a1c1839849368debd08
llama32_3b,pq,ZB16,pq_ZB16,2,5,1.5518770217895508,2047,7a7b7dc6f6f242742c30f5194894a13f9225c540c5568a1c1839849368debd08
llama32_3b,pq,S32,pq_S32,2,5,1.5512076616287231,2047,7a7b7dc6f6f242742c30f5194894a13f9225c540c5568a1c1839849368debd08
llama32_3b,pq,Z16,pq_Z16,2,6,1.666833758354187,2047,7a7b7dc6f6f242742c30f5194894a13f9225c540c5568a1c1839849368debd08
llama32_3b,pq,Z32,pq_Z32,2,6,1.6664748191833496,2047,7a7b7dc6f6f242742c30f5194894a13f9225c540c5568a1c1839849368debd08
llama32_3b,pq,ZB16,pq_ZB16,2,6,1.665879249572754,2047,7a7b7dc6f6f242742c30f5194894a13f9225c540c5568a1c1839849368debd08
llama32_3b,pq,S32,pq_S32,2,6,1.6671556234359741,2047,7a7b7dc6f6f242742c30f5194894a13f9225c540c5568a1c1839849368debd08
llama32_3b,pq,Z16,pq_Z16,2,7,1.917101263999939,2047,7a7b7dc6f6f242742c30f5194894a13f9225c540c5568a1c1839849368debd08
llama32_3b,pq,Z32,pq_Z32,2,7,1.9174069166183472,2047,7a7b7dc6f6f242742c30f5194894a13f9225c540c5568a1c1839849368debd08
llama32_3b,pq,ZB16,pq_ZB16,2,7,1.9163516759872437,2047,7a7b7dc6f6f242742c30f5194894a13f9225c540c5568a1c1839849368debd08
llama32_3b,pq,S32,pq_S32,2,7,1.916503667831421,2047,7a7b7dc6f6f242742c30f5194894a13f9225c540c5568a1c1839849368debd08
llama32_3b,pq,Z16,pq_Z16,2,8,2.2566254138946533,2047,7a7b7dc6f6f242742c30f5194894a13f9225c540c5568a1c1839849368debd08
llama32_3b,pq,Z32,pq_Z32,2,8,2.2569456100463867,2047,7a7b7dc6f6f242742c30f5194894a13f9225c540c5568a1c1839849368debd08
llama32_3b,pq,ZB16,pq_ZB16,2,8,2.258410692214966,2047,7a7b7dc6f6f242742c30f5194894a13f9225c540c5568a1c1839849368debd08
llama32_3b,pq,S32,pq_S32,2,8,2.257084608078003,2047,7a7b7dc6f6f242742c30f5194894a13f9225c540c5568a1c1839849368debd08
llama32_3b,pq,Z16,pq_Z16,2,9,1.9840892553329468,2047,7a7b7dc6f6f242742c30f5194894a13f9225c540c5568a1c1839849368debd08
llama32_3b,pq,Z32,pq_Z32,2,9,1.9839667081832886,2047,7a7b7dc6f6f242742c30f5194894a13f9225c540c5568a1c1839849368debd08
llama32_3b,pq,ZB16,pq_ZB16,2,9,1.9837093353271484,2047,7a7b7dc6f6f242742c30f5194894a13f9225c540c5568a1c1839849368debd08
llama32_3b,pq,S32,pq_S32,2,9,1.9850109815597534,2047,7a7b7dc6f6f242742c30f5194894a13f9225c540c5568a1c1839849368debd08
llama32_3b,pq,Z16,pq_Z16,2,10,1.8955695629119873,2047,7a7b7dc6f6f242742c30f5194894a13f9225c540c5568a1c1839849368debd08
llama32_3b,pq,Z32,pq_Z32,2,10,1.8955142498016357,2047,7a7b7dc6f6f242742c30f5194894a13f9225c540c5568a1c1839849368debd08
llama32_3b,pq,ZB16,pq_ZB16,2,10,1.89482843875885,2047,7a7b7dc6f6f242742c30f5194894a13f9225c540c5568a1c1839849368debd08
llama32_3b,pq,S32,pq_S32,2,10,1.8952757120132446,2047,7a7b7dc6f6f242742c30f5194894a13f9225c540c5568a1c1839849368debd08
llama32_3b,pq,Z16,pq_Z16,2,11,2.2531018257141113,2047,7a7b7dc6f6f242742c30f5194894a13f9225c540c5568a1c1839849368debd08
llama32_3b,pq,Z32,pq_Z32,2,11,2.2531723976135254,2047,7a7b7dc6f6f242742c30f5194894a13f9225c540c5568a1c1839849368debd08
llama32_3b,pq,ZB16,pq_ZB16,2,11,2.2535500526428223,2047,7a7b7dc6f6f242742c30f5194894a13f9225c540c5568a1c1839849368debd08
llama32_3b,pq,S32,pq_S32,2,11,2.253629446029663,2047,7a7b7dc6f6f242742c30f5194894a13f9225c540c5568a1c1839849368debd08
llama32_3b,pq,Z16,pq_Z16,2,12,2.124473810195923,2047,7a7b7dc6f6f242742c30f5194894a13f9225c540c5568a1c1839849368debd08
llama32_3b,pq,Z32,pq_Z32,2,12,2.124998092651367,2047,7a7b7dc6f6f242742c30f5194894a13f9225c540c5568a1c1839849368debd08
llama32_3b,pq,ZB16,pq_ZB16,2,12,2.124795436859131,2047,7a7b7dc6f6f242742c30f5194894a13f9225c540c5568a1c1839849368debd08
llama32_3b,pq,S32,pq_S32,2,12,2.1251015663146973,2047,7a7b7dc6f6f242742c30f5194894a13f9225c540c5568a1c1839849368debd08
llama32_3b,pq,Z16,pq_Z16,2,13,2.277404546737671,2047,7a7b7dc6f6f242742c30f5194894a13f9225c540c5568a1c1839849368debd08
llama32_3b,pq,Z32,pq_Z32,2,13,2.2777321338653564,2047,7a7b7dc6f6f242742c30f5194894a13f9225c540c5568a1c1839849368debd08
llama32_3b,pq,ZB16,pq_ZB16,2,13,2.276982069015503,2047,7a7b7dc6f6f242742c30f5194894a13f9225c540c5568a1c1839849368debd08
llama32_3b,pq,S32,pq_S32,2,13,2.2774910926818848,2047,7a7b7dc6f6f242742c30f5194894a13f9225c540c5568a1c1839849368debd08
llama32_3b,pq,Z16,pq_Z16,2,14,2.205609083175659,2047,7a7b7dc6f6f242742c30f5194894a13f9225c540c5568a1c1839849368debd08
llama32_3b,pq,Z32,pq_Z32,2,14,2.20589542388916,2047,7a7b7dc6f6f242742c30f5194894a13f9225c540c5568a1c1839849368debd08
llama32_3b,pq,ZB16,pq_ZB16,2,14,2.206526041030884,2047,7a7b7dc6f6f242742c30f5194894a13f9225c540c5568a1c1839849368debd08
llama32_3b,pq,S32,pq_S32,2,14,2.20611572265625,2047,7a7b7dc6f6f242742c30f5194894a13f9225c540c5568a1c1839849368debd08
llama32_3b,pq,Z16,pq_Z16,2,15,2.405419111251831,2047,7a7b7dc6f6f242742c30f5194894a13f9225c540c5568a1c1839849368debd08
llama32_3b,pq,Z32,pq_Z32,2,15,2.4050607681274414,2047,7a7b7dc6f6f242742c30f5194894a13f9225c540c5568a1c1839849368debd08
llama32_3b,pq,ZB16,pq_ZB16,2,15,2.404920816421509,2047,7a7b7dc6f6f242742c30f5194894a13f9225c540c5568a1c1839849368debd08
llama32_3b,pq,S32,pq_S32,2,15,2.4048104286193848,2047,7a7b7dc6f6f242742c30f5194894a13f9225c540c5568a1c1839849368debd08
llama32_3b,pq,Z16,pq_Z16,2,16,2.127885341644287,2047,7a7b7dc6f6f242742c30f5194894a13f9225c540c5568a1c1839849368debd08
llama32_3b,pq,Z32,pq_Z32,2,16,2.1282451152801514,2047,7a7b7dc6f6f242742c30f5194894a13f9225c540c5568a1c1839849368debd08
llama32_3b,pq,ZB16,pq_ZB16,2,16,2.129254102706909,2047,7a7b7dc6f6f242742c30f5194894a13f9225c540c5568a1c1839849368debd08
llama32_3b,pq,S32,pq_S32,2,16,2.1287760734558105,2047,7a7b7dc6f6f242742c30f5194894a13f9225c540c5568a1c1839849368debd08
llama32_3b,pq,Z16,pq_Z16,2,17,2.1566174030303955,2047,7a7b7dc6f6f242742c30f5194894a13f9225c540c5568a1c1839849368debd08
llama32_3b,pq,Z32,pq_Z32,2,17,2.1566836833953857,2047,7a7b7dc6f6f242742c30f5194894a13f9225c540c5568a1c1839849368debd08
llama32_3b,pq,ZB16,pq_ZB16,2,17,2.1574018001556396,2047,7a7b7dc6f6f242742c30f5194894a13f9225c540c5568a1c1839849368debd08
llama32_3b,pq,S32,pq_S32,2,17,2.156541585922241,2047,7a7b7dc6f6f242742c30f5194894a13f9225c540c5568a1c1839849368debd08
llama32_3b,pq,Z16,pq_Z16,2,18,1.955431342124939,2047,7a7b7dc6f6f242742c30f5194894a13f9225c540c5568a1c1839849368debd08
llama32_3b,pq,Z32,pq_Z32,2,18,1.9561227560043335,2047,7a7b7dc6f6f242742c30f5194894a13f9225c540c5568a1c1839849368debd08
llama32_3b,pq,ZB16,pq_ZB16,2,18,1.9550257921218872,2047,7a7b7dc6f6f242742c30f5194894a13f9225c540c5568a1c1839849368debd08
llama32_3b,pq,S32,pq_S32,2,18,1.9553524255752563,2047,7a7b7dc6f6f242742c30f5194894a13f9225c540c5568a1c1839849368debd08
llama32_3b,pq,Z16,pq_Z16,2,19,2.1097304821014404,2047,7a7b7dc6f6f242742c30f5194894a13f9225c540c5568a1c1839849368debd08
llama32_3b,pq,Z32,pq_Z32,2,19,2.1096272468566895,2047,7a7b7dc6f6f242742c30f5194894a13f9225c540c5568a1c1839849368debd08
llama32_3b,pq,ZB16,pq_ZB16,2,19,2.109675645828247,2047,7a7b7dc6f6f242742c30f5194894a13f9225c540c5568a1c1839849368debd08
llama32_3b,pq,S32,pq_S32,2,19,2.109994411468506,2047,7a7b7dc6f6f242742c30f5194894a13f9225c540c5568a1c1839849368debd08
llama32_3b,pq,Z16,pq_Z16,2,20,2.229020833969116,2047,7a7b7dc6f6f242742c30f5194894a13f9225c540c5568a1c1839849368debd08
llama32_3b,pq,Z32,pq_Z32,2,20,2.229248523712158,2047,7a7b7dc6f6f242742c30f5194894a13f9225c540c5568a1c1839849368debd08
llama32_3b,pq,ZB16,pq_ZB16,2,20,2.229661464691162,2047,7a7b7dc6f6f242742c30f5194894a13f9225c540c5568a1c1839849368debd08
llama32_3b,pq,S32,pq_S32,2,20,2.2289469242095947,2047,7a7b7dc6f6f242742c30f5194894a13f9225c540c5568a1c1839849368debd08
llama32_3b,pq,Z16,pq_Z16,2,21,2.157597303390503,2047,7a7b7dc6f6f242742c30f5194894a13f9225c540c5568a1c1839849368debd08
llama32_3b,pq,Z32,pq_Z32,2,21,2.158888578414917,2047,7a7b7dc6f6f242742c30f5194894a13f9225c540c5568a1c1839849368debd08
llama32_3b,pq,ZB16,pq_ZB16,2,21,2.1579267978668213,2047,7a7b7dc6f6f242742c30f5194894a13f9225c540c5568a1c1839849368debd08
llama32_3b,pq,S32,pq_S32,2,21,2.1575920581817627,2047,7a7b7dc6f6f242742c30f5194894a13f9225c540c5568a1c1839849368debd08
llama32_3b,pq,Z16,pq_Z16,2,22,2.2142369747161865,2047,7a7b7dc6f6f242742c30f5194894a13f9225c540c5568a1c1839849368debd08
llama32_3b,pq,Z32,pq_Z32,2,22,2.2143754959106445,2047,7a7b7dc6f6f242742c30f5194894a13f9225c540c5568a1c1839849368debd08
llama32_3b,pq,ZB16,pq_ZB16,2,22,2.2147936820983887,2047,7a7b7dc6f6f242742c30f5194894a13f9225c540c5568a1c1839849368debd08
llama32_3b,pq,S32,pq_S32,2,22,2.214550256729126,2047,7a7b7dc6f6f242742c30f5194894a13f9225c540c5568a1c1839849368debd08
llama32_3b,pq,Z16,pq_Z16,2,23,2.254889488220215,2047,7a7b7dc6f6f242742c30f5194894a13f9225c540c5568a1c1839849368debd08
llama32_3b,pq,Z32,pq_Z32,2,23,2.2554197311401367,2047,7a7b7dc6f6f242742c30f5194894a13f9225c540c5568a1c1839849368debd08
llama32_3b,pq,ZB16,pq_ZB16,2,23,2.2545573711395264,2047,7a7b7dc6f6f242742c30f5194894a13f9225c540c5568a1c1839849368debd08
llama32_3b,pq,S32,pq_S32,2,23,2.254406690597534,2047,7a7b7dc6f6f242742c30f5194894a13f9225c540c5568a1c1839849368debd08
llama32_3b,pq,Z16,pq_Z16,2,24,2.2854273319244385,2047,7a7b7dc6f6f242742c30f5194894a13f9225c540c5568a1c1839849368debd08
llama32_3b,pq,Z32,pq_Z32,2,24,2.285886764526367,2047,7a7b7dc6f6f242742c30f5194894a13f9225c540c5568a1c1839849368debd08
llama32_3b,pq,ZB16,pq_ZB16,2,24,2.285750150680542,2047,7a7b7dc6f6f242742c30f5194894a13f9225c540c5568a1c1839849368debd08
llama32_3b,pq,S32,pq_S32,2,24,2.285918951034546,2047,7a7b7dc6f6f242742c30f5194894a13f9225c540c5568a1c1839849368debd08
llama32_3b,pq,Z16,pq_Z16,2,25,2.339566469192505,2047,7a7b7dc6f6f242742c30f5194894a13f9225c540c5568a1c1839849368debd08
llama32_3b,pq,Z32,pq_Z32,2,25,2.339768409729004,2047,7a7b7dc6f6f242742c30f5194894a13f9225c540c5568a1c1839849368debd08
llama32_3b,pq,ZB16,pq_ZB16,2,25,2.340341091156006,2047,7a7b7dc6f6f242742c30f5194894a13f9225c540c5568a1c1839849368debd08
llama32_3b,pq,S32,pq_S32,2,25,2.3395116329193115,2047,7a7b7dc6f6f242742c30f5194894a13f9225c540c5568a1c1839849368debd08
llama32_3b,pq,Z16,pq_Z16,2,26,2.4286534786224365,2047,7a7b7dc6f6f242742c30f5194894a13f9225c540c5568a1c1839849368debd08
llama32_3b,pq,Z32,pq_Z32,2,26,2.429225206375122,2047,7a7b7dc6f6f242742c30f5194894a13f9225c540c5568a1c1839849368debd08
llama32_3b,pq,ZB16,pq_ZB16,2,26,2.4274115562438965,2047,7a7b7dc6f6f242742c30f5194894a13f9225c540c5568a1c1839849368debd08
llama32_3b,pq,S32,pq_S32,2,26,2.4282386302948,2047,7a7b7dc6f6f242742c30f5194894a13f9225c540c5568a1c1839849368debd08
llama32_3b,pq,Z16,pq_Z16,2,27,2.2268712520599365,2047,7a7b7dc6f6f242742c30f5194894a13f9225c540c5568a1c1839849368debd08
llama32_3b,pq,Z32,pq_Z32,2,27,2.2277159690856934,2047,7a7b7dc6f6f242742c30f5194894a13f9225c540c5568a1c1839849368debd08
llama32_3b,pq,ZB16,pq_ZB16,2,27,2.227581262588501,2047,7a7b7dc6f6f242742c30f5194894a13f9225c540c5568a1c1839849368debd08
llama32_3b,pq,S32,pq_S32,2,27,2.2278854846954346,2047,7a7b7dc6f6f242742c30f5194894a13f9225c540c5568a1c1839849368debd08
llama32_3b,pq,Z16,pq_Z16,2,28,1.9987837076187134,2047,7a7b7dc6f6f242742c30f5194894a13f9225c540c5568a1c1839849368debd08
llama32_3b,pq,Z32,pq_Z32,2,28,1.999423623085022,2047,7a7b7dc6f6f242742c30f5194894a13f9225c540c5568a1c1839849368debd08
llama32_3b,pq,ZB16,pq_ZB16,2,28,2.0000181198120117,2047,7a7b7dc6f6f242742c30f5194894a13f9225c540c5568a1c1839849368debd08
llama32_3b,pq,S32,pq_S32,2,28,1.9994137287139893,2047,7a7b7dc6f6f242742c30f5194894a13f9225c540c5568a1c1839849368debd08
llama32_3b,pq,Z16,pq_Z16,2,29,1.8192923069000244,2047,7a7b7dc6f6f242742c30f5194894a13f9225c540c5568a1c1839849368debd08
llama32_3b,pq,Z32,pq_Z32,2,29,1.8198199272155762,2047,7a7b7dc6f6f242742c30f5194894a13f9225c540c5568a1c1839849368debd08
llama32_3b,pq,ZB16,pq_ZB16,2,29,1.8195213079452515,2047,7a7b7dc6f6f242742c30f5194894a13f9225c540c5568a1c1839849368debd08
llama32_3b,pq,S32,pq_S32,2,29,1.8200746774673462,2047,7a7b7dc6f6f242742c30f5194894a13f9225c540c5568a1c1839849368debd08
llama32_3b,pq,Z16,pq_Z16,2,30,1.6993626356124878,2047,7a7b7dc6f6f242742c30f5194894a13f9225c540c5568a1c1839849368debd08
llama32_3b,pq,Z32,pq_Z32,2,30,1.7000664472579956,2047,7a7b7dc6f6f242742c30f5194894a13f9225c540c5568a1c1839849368debd08
llama32_3b,pq,ZB16,pq_ZB16,2,30,1.6997991800308228,2047,7a7b7dc6f6f242742c30f5194894a13f9225c540c5568a1c1839849368debd08
llama32_3b,pq,S32,pq_S32,2,30,1.699876070022583,2047,7a7b7dc6f6f242742c30f5194894a13f9225c540c5568a1c1839849368debd08
llama32_3b,pq,Z16,pq_Z16,2,31,1.7268489599227905,2047,7a7b7dc6f6f242742c30f5194894a13f9225c540c5568a1c1839849368debd08
llama32_3b,pq,Z32,pq_Z32,2,31,1.726151466369629,2047,7a7b7dc6f6f242742c30f5194894a13f9225c540c5568a1c1839849368debd08
llama32_3b,pq,ZB16,pq_ZB16,2,31,1.7263203859329224,2047,7a7b7dc6f6f242742c30f5194894a13f9225c540c5568a1c1839849368debd08
llama32_3b,pq,S32,pq_S32,2,31,1.7260671854019165,2047,7a7b7dc6f6f242742c30f5194894a13f9225c540c5568a1c1839849368debd08
llama32_3b,pq,Z16,pq_Z16,2,32,2.0202481746673584,2047,7a7b7dc6f6f242742c30f5194894a13f9225c540c5568a1c1839849368debd08
llama32_3b,pq,Z32,pq_Z32,2,32,2.0199151039123535,2047,7a7b7dc6f6f242742c30f5194894a13f9225c540c5568a1c1839849368debd08
llama32_3b,pq,ZB16,pq_ZB16,2,32,2.0200231075286865,2047,7a7b7dc6f6f242742c30f5194894a13f9225c540c5568a1c1839849368debd08
llama32_3b,pq,S32,pq_S32,2,32,2.0195040702819824,2047,7a7b7dc6f6f242742c30f5194894a13f9225c540c5568a1c1839849368debd08
llama32_3b,pq,Z16,pq_Z16,2,33,1.9821490049362183,2047,7a7b7dc6f6f242742c30f5194894a13f9225c540c5568a1c1839849368debd08
llama32_3b,pq,Z32,pq_Z32,2,33,1.9822300672531128,2047,7a7b7dc6f6f242742c30f5194894a13f9225c540c5568a1c1839849368debd08
llama32_3b,pq,ZB16,pq_ZB16,2,33,1.9824258089065552,2047,7a7b7dc6f6f242742c30f5194894a13f9225c540c5568a1c1839849368debd08
llama32_3b,pq,S32,pq_S32,2,33,1.982298731803894,2047,7a7b7dc6f6f242742c30f5194894a13f9225c540c5568a1c1839849368debd08
llama32_3b,pq,Z16,pq_Z16,2,34,2.165039300918579,2047,7a7b7dc6f6f242742c30f5194894a13f9225c540c5568a1c1839849368debd08
llama32_3b,pq,Z32,pq_Z32,2,34,2.1649203300476074,2047,7a7b7dc6f6f242742c30f5194894a13f9225c540c5568a1c1839849368debd08
llama32_3b,pq,ZB16,pq_ZB16,2,34,2.165189027786255,2047,7a7b7dc6f6f242742c30f5194894a13f9225c540c5568a1c1839849368debd08
llama32_3b,pq,S32,pq_S32,2,34,2.164947986602783,2047,7a7b7dc6f6f242742c30f5194894a13f9225c540c5568a1c1839849368debd08
llama32_3b,pq,Z16,pq_Z16,2,35,1.4772640466690063,2047,7a7b7dc6f6f242742c30f5194894a13f9225c540c5568a1c1839849368debd08
llama32_3b,pq,Z32,pq_Z32,2,35,1.4773844480514526,2047,7a7b7dc6f6f242742c30f5194894a13f9225c540c5568a1c1839849368debd08
llama32_3b,pq,ZB16,pq_ZB16,2,35,1.4776986837387085,2047,7a7b7dc6f6f242742c30f5194894a13f9225c540c5568a1c1839849368debd08
llama32_3b,pq,S32,pq_S32,2,35,1.476762294769287,2047,7a7b7dc6f6f242742c30f5194894a13f9225c540c5568a1c1839849368debd08
llama32_3b,pq,Z16,pq_Z16,2,36,1.452135682106018,2047,7a7b7dc6f6f242742c30f5194894a13f9225c540c5568a1c1839849368debd08
llama32_3b,pq,Z32,pq_Z32,2,36,1.4522032737731934,2047,7a7b7dc6f6f242742c30f5194894a13f9225c540c5568a1c1839849368debd08
llama32_3b,pq,ZB16,pq_ZB16,2,36,1.4520246982574463,2047,7a7b7dc6f6f242742c30f5194894a13f9225c540c5568a1c1839849368debd08
llama32_3b,pq,S32,pq_S32,2,36,1.452635407447815,2047,7a7b7dc6f6f242742c30f5194894a13f9225c540c5568a1c1839849368debd08
llama32_3b,pq,Z16,pq_Z16,2,37,1.4987362623214722,2047,7a7b7dc6f6f242742c30f5194894a13f9225c540c5568a1c1839849368debd08
llama32_3b,pq,Z32,pq_Z32,2,37,1.4987324476242065,2047,7a7b7dc6f6f242742c30f5194894a13f9225c540c5568a1c1839849368debd08
llama32_3b,pq,ZB16,pq_ZB16,2,37,1.4991883039474487,2047,7a7b7dc6f6f242742c30f5194894a13f9225c540c5568a1c1839849368debd08
llama32_3b,pq,S32,pq_S32,2,37,1.4987467527389526,2047,7a7b7dc6f6f242742c30f5194894a13f9225c540c5568a1c1839849368debd08
llama32_3b,pq,Z16,pq_Z16,2,38,1.4761552810668945,2047,7a7b7dc6f6f242742c30f5194894a13f9225c540c5568a1c1839849368debd08
llama32_3b,pq,Z32,pq_Z32,2,38,1.476455569267273,2047,7a7b7dc6f6f242742c30f5194894a13f9225c540c5568a1c1839849368debd08
llama32_3b,pq,ZB16,pq_ZB16,2,38,1.4763576984405518,2047,7a7b7dc6f6f242742c30f5194894a13f9225c540c5568a1c1839849368debd08
llama32_3b,pq,S32,pq_S32,2,38,1.4758106470108032,2047,7a7b7dc6f6f242742c30f5194894a13f9225c540c5568a1c1839849368debd08
llama32_3b,pq,Z16,pq_Z16,2,39,1.6756316423416138,2047,7a7b7dc6f6f242742c30f5194894a13f9225c540c5568a1c1839849368debd08
llama32_3b,pq,Z32,pq_Z32,2,39,1.676645040512085,2047,7a7b7dc6f6f242742c30f5194894a13f9225c540c5568a1c1839849368debd08
llama32_3b,pq,ZB16,pq_ZB16,2,39,1.676345944404602,2047,7a7b7dc6f6f242742c30f5194894a13f9225c540c5568a1c1839849368debd08
llama32_3b,pq,S32,pq_S32,2,39,1.676382303237915,2047,7a7b7dc6f6f242742c30f5194894a13f9225c540c5568a1c1839849368debd08
llama32_3b,pq,Z16,pq_Z16,2,40,2.27331805229187,2047,7a7b7dc6f6f242742c30f5194894a13f9225c540c5568a1c1839849368debd08
llama32_3b,pq,Z32,pq_Z32,2,40,2.2741732597351074,2047,7a7b7dc6f6f242742c30f5194894a13f9225c540c5568a1c1839849368debd08
llama32_3b,pq,ZB16,pq_ZB16,2,40,2.273159980773926,2047,7a7b7dc6f6f242742c30f5194894a13f9225c540c5568a1c1839849368debd08
llama32_3b,pq,S32,pq_S32,2,40,2.2739012241363525,2047,7a7b7dc6f6f242742c30f5194894a13f9225c540c5568a1c1839849368debd08
llama32_3b,pq,Z16,pq_Z16,2,41,2.6964545249938965,2047,7a7b7dc6f6f242742c30f5194894a13f9225c540c5568a1c1839849368debd08
llama32_3b,pq,Z32,pq_Z32,2,41,2.696500778198242,2047,7a7b7dc6f6f242742c30f5194894a13f9225c540c5568a1c1839849368debd08
llama32_3b,pq,ZB16,pq_ZB16,2,41,2.696959972381592,2047,7a7b7dc6f6f242742c30f5194894a13f9225c540c5568a1c1839849368debd08
llama32_3b,pq,S32,pq_S32,2,41,2.696920156478882,2047,7a7b7dc6f6f242742c30f5194894a13f9225c540c5568a1c1839849368debd08
llama32_3b,pq,Z16,pq_Z16,2,42,2.6926791667938232,2047,7a7b7dc6f6f242742c30f5194894a13f9225c540c5568a1c1839849368debd08
llama32_3b,pq,Z32,pq_Z32,2,42,2.6917946338653564,2047,7a7b7dc6f6f242742c30f5194894a13f9225c540c5568a1c1839849368debd08
llama32_3b,pq,ZB16,pq_ZB16,2,42,2.6921911239624023,2047,7a7b7dc6f6f242742c30f5194894a13f9225c540c5568a1c1839849368debd08
llama32_3b,pq,S32,pq_S32,2,42,2.6919078826904297,2047,7a7b7dc6f6f242742c30f5194894a13f9225c540c5568a1c1839849368debd08
llama32_3b,pq,Z16,pq_Z16,2,43,2.3140413761138916,2047,7a7b7dc6f6f242742c30f5194894a13f9225c540c5568a1c1839849368debd08
llama32_3b,pq,Z32,pq_Z32,2,43,2.31449031829834,2047,7a7b7dc6f6f242742c30f5194894a13f9225c540c5568a1c1839849368debd08
llama32_3b,pq,ZB16,pq_ZB16,2,43,2.3146653175354004,2047,7a7b7dc6f6f242742c30f5194894a13f9225c540c5568a1c1839849368debd08
llama32_3b,pq,S32,pq_S32,2,43,2.3144779205322266,2047,7a7b7dc6f6f242742c30f5194894a13f9225c540c5568a1c1839849368debd08
llama32_3b,pq,Z16,pq_Z16,2,44,2.3037281036376953,2047,7a7b7dc6f6f242742c30f5194894a13f9225c540c5568a1c1839849368debd08
llama32_3b,pq,Z32,pq_Z32,2,44,2.3035621643066406,2047,7a7b7dc6f6f242742c30f5194894a13f9225c540c5568a1c1839849368debd08
llama32_3b,pq,ZB16,pq_ZB16,2,44,2.302901268005371,2047,7a7b7dc6f6f242742c30f5194894a13f9225c540c5568a1c1839849368debd08
llama32_3b,pq,S32,pq_S32,2,44,2.3035387992858887,2047,7a7b7dc6f6f242742c30f5194894a13f9225c540c5568a1c1839849368debd08
llama32_3b,pq,Z16,pq_Z16,2,45,2.279756546020508,2047,7a7b7dc6f6f242742c30f5194894a13f9225c540c5568a1c1839849368debd08
llama32_3b,pq,Z32,pq_Z32,2,45,2.2801127433776855,2047,7a7b7dc6f6f242742c30f5194894a13f9225c540c5568a1c1839849368debd08
llama32_3b,pq,ZB16,pq_ZB16,2,45,2.2805638313293457,2047,7a7b7dc6f6f242742c30f5194894a13f9225c540c5568a1c1839849368debd08
llama32_3b,pq,S32,pq_S32,2,45,2.279406785964966,2047,7a7b7dc6f6f242742c30f5194894a13f9225c540c5568a1c1839849368debd08
llama32_3b,pq,Z16,pq_Z16,2,46,2.371583938598633,2047,7a7b7dc6f6f242742c30f5194894a13f9225c540c5568a1c1839849368debd08
llama32_3b,pq,Z32,pq_Z32,2,46,2.3714778423309326,2047,7a7b7dc6f6f242742c30f5194894a13f9225c540c5568a1c1839849368debd08
llama32_3b,pq,ZB16,pq_ZB16,2,46,2.371181011199951,2047,7a7b7dc6f6f242742c30f5194894a13f9225c540c5568a1c1839849368debd08
llama32_3b,pq,S32,pq_S32,2,46,2.371394395828247,2047,7a7b7dc6f6f242742c30f5194894a13f9225c540c5568a1c1839849368debd08
llama32_3b,pq,Z16,pq_Z16,2,47,2.1674132347106934,2047,7a7b7dc6f6f242742c30f5194894a13f9225c540c5568a1c1839849368debd08
llama32_3b,pq,Z32,pq_Z32,2,47,2.167497158050537,2047,7a7b7dc6f6f242742c30f5194894a13f9225c540c5568a1c1839849368debd08
llama32_3b,pq,ZB16,pq_ZB16,2,47,2.1667795181274414,2047,7a7b7dc6f6f242742c30f5194894a13f9225c540c5568a1c1839849368debd08
llama32_3b,pq,S32,pq_S32,2,47,2.167147636413574,2047,7a7b7dc6f6f242742c30f5194894a13f9225c540c5568a1c1839849368debd08
llama32_3b,pq,Z16,pq_Z16,2,48,2.0366971492767334,2047,7a7b7dc6f6f242742c30f5194894a13f9225c540c5568a1c1839849368debd08
llama32_3b,pq,Z32,pq_Z32,2,48,2.036648988723755,2047,7a7b7dc6f6f242742c30f5194894a13f9225c540c5568a1c1839849368debd08
llama32_3b,pq,ZB16,pq_ZB16,2,48,2.035576581954956,2047,7a7b7dc6f6f242742c30f5194894a13f9225c540c5568a1c1839849368debd08
llama32_3b,pq,S32,pq_S32,2,48,2.037471055984497,2047,7a7b7dc6f6f242742c30f5194894a13f9225c540c5568a1c1839849368debd08
llama32_3b,pq,Z16,pq_Z16,2,49,2.031538724899292,2047,7a7b7dc6f6f242742c30f5194894a13f9225c540c5568a1c1839849368debd08
llama32_3b,pq,Z32,pq_Z32,2,49,2.0314583778381348,2047,7a7b7dc6f6f242742c30f5194894a13f9225c540c5568a1c1839849368debd08
llama32_3b,pq,ZB16,pq_ZB16,2,49,2.0315752029418945,2047,7a7b7dc6f6f242742c30f5194894a13f9225c540c5568a1c1839849368debd08
llama32_3b,pq,S32,pq_S32,2,49,2.0311756134033203,2047,7a7b7dc6f6f242742c30f5194894a13f9225c540c5568a1c1839849368debd08
llama32_3b,pq,Z16,pq_Z16,2,50,1.7457863092422485,2047,7a7b7dc6f6f242742c30f5194894a13f9225c540c5568a1c1839849368debd08
llama32_3b,pq,Z32,pq_Z32,2,50,1.7452877759933472,2047,7a7b7dc6f6f242742c30f5194894a13f9225c540c5568a1c1839849368debd08
llama32_3b,pq,ZB16,pq_ZB16,2,50,1.7460510730743408,2047,7a7b7dc6f6f242742c30f5194894a13f9225c540c5568a1c1839849368debd08
llama32_3b,pq,S32,pq_S32,2,50,1.7457187175750732,2047,7a7b7dc6f6f242742c30f5194894a13f9225c540c5568a1c1839849368debd08
llama32_3b,pq,Z16,pq_Z16,2,51,1.838861346244812,2047,7a7b7dc6f6f242742c30f5194894a13f9225c540c5568a1c1839849368debd08
llama32_3b,pq,Z32,pq_Z32,2,51,1.8388621807098389,2047,7a7b7dc6f6f242742c30f5194894a13f9225c540c5568a1c1839849368debd08
llama32_3b,pq,ZB16,pq_ZB16,2,51,1.8388268947601318,2047,7a7b7dc6f6f242742c30f5194894a13f9225c540c5568a1c1839849368debd08
llama32_3b,pq,S32,pq_S32,2,51,1.838036060333252,2047,7a7b7dc6f6f242742c30f5194894a13f9225c540c5568a1c1839849368debd08
llama32_3b,pq,Z16,pq_Z16,2,52,1.6837024688720703,2047,7a7b7dc6f6f242742c30f5194894a13f9225c540c5568a1c1839849368debd08
llama32_3b,pq,Z32,pq_Z32,2,52,1.6845080852508545,2047,7a7b7dc6f6f242742c30f5194894a13f9225c540c5568a1c1839849368debd08
llama32_3b,pq,ZB16,pq_ZB16,2,52,1.6841106414794922,2047,7a7b7dc6f6f242742c30f5194894a13f9225c540c5568a1c1839849368debd08
llama32_3b,pq,S32,pq_S32,2,52,1.6842373609542847,2047,7a7b7dc6f6f242742c30f5194894a13f9225c540c5568a1c1839849368debd08
llama32_3b,pq,Z16,pq_Z16,2,53,1.9045608043670654,2047,7a7b7dc6f6f242742c30f5194894a13f9225c540c5568a1c1839849368debd08
llama32_3b,pq,Z32,pq_Z32,2,53,1.9042658805847168,2047,7a7b7dc6f6f242742c30f5194894a13f9225c540c5568a1c1839849368debd08
llama32_3b,pq,ZB16,pq_ZB16,2,53,1.903149962425232,2047,7a7b7dc6f6f242742c30f5194894a13f9225c540c5568a1c1839849368debd08
llama32_3b,pq,S32,pq_S32,2,53,1.9043687582015991,2047,7a7b7dc6f6f242742c30f5194894a13f9225c540c5568a1c1839849368debd08
llama32_3b,pq,Z16,pq_Z16,2,54,1.6308916807174683,2047,7a7b7dc6f6f242742c30f5194894a13f9225c540c5568a1c1839849368debd08
llama32_3b,pq,Z32,pq_Z32,2,54,1.631043553352356,2047,7a7b7dc6f6f242742c30f5194894a13f9225c540c5568a1c1839849368debd08
llama32_3b,pq,ZB16,pq_ZB16,2,54,1.6316059827804565,2047,7a7b7dc6f6f242742c30f5194894a13f9225c540c5568a1c1839849368debd08
llama32_3b,pq,S32,pq_S32,2,54,1.6308321952819824,2047,7a7b7dc6f6f242742c30f5194894a13f9225c540c5568a1c1839849368debd08
llama32_3b,pq,Z16,pq_Z16,2,55,1.6134390830993652,2047,7a7b7dc6f6f242742c30f5194894a13f9225c540c5568a1c1839849368debd08
llama32_3b,pq,Z32,pq_Z32,2,55,1.6128966808319092,2047,7a7b7dc6f6f242742c30f5194894a13f9225c540c5568a1c1839849368debd08
llama32_3b,pq,ZB16,pq_ZB16,2,55,1.613232970237732,2047,7a7b7dc6f6f242742c30f5194894a13f9225c540c5568a1c1839849368debd08
llama32_3b,pq,S32,pq_S32,2,55,1.613066554069519,2047,7a7b7dc6f6f242742c30f5194894a13f9225c540c5568a1c1839849368debd08
llama32_3b,pq,Z16,pq_Z16,2,56,1.8322125673294067,2047,7a7b7dc6f6f242742c30f5194894a13f9225c540c5568a1c1839849368debd08
llama32_3b,pq,Z32,pq_Z32,2,56,1.8327049016952515,2047,7a7b7dc6f6f242742c30f5194894a13f9225c540c5568a1c1839849368debd08
llama32_3b,pq,ZB16,pq_ZB16,2,56,1.8327326774597168,2047,7a7b7dc6f6f242742c30f5194894a13f9225c540c5568a1c1839849368debd08
llama32_3b,pq,S32,pq_S32,2,56,1.8326038122177124,2047,7a7b7dc6f6f242742c30f5194894a13f9225c540c5568a1c1839849368debd08
llama32_3b,pq,Z16,pq_Z16,2,57,1.802211046218872,2047,7a7b7dc6f6f242742c30f5194894a13f9225c540c5568a1c1839849368debd08
llama32_3b,pq,Z32,pq_Z32,2,57,1.801659345626831,2047,7a7b7dc6f6f242742c30f5194894a13f9225c540c5568a1c1839849368debd08
llama32_3b,pq,ZB16,pq_ZB16,2,57,1.8022606372833252,2047,7a7b7dc6f6f242742c30f5194894a13f9225c540c5568a1c1839849368debd08
llama32_3b,pq,S32,pq_S32,2,57,1.8016325235366821,2047,7a7b7dc6f6f242742c30f5194894a13f9225c540c5568a1c1839849368debd08
llama32_3b,pq,Z16,pq_Z16,2,58,2.1836230754852295,2047,7a7b7dc6f6f242742c30f5194894a13f9225c540c5568a1c1839849368debd08
llama32_3b,pq,Z32,pq_Z32,2,58,2.1839346885681152,2047,7a7b7dc6f6f242742c30f5194894a13f9225c540c5568a1c1839849368debd08
llama32_3b,pq,ZB16,pq_ZB16,2,58,2.1854088306427,2047,7a7b7dc6f6f242742c30f5194894a13f9225c540c5568a1c1839849368debd08
llama32_3b,pq,S32,pq_S32,2,58,2.185614585876465,2047,7a7b7dc6f6f242742c30f5194894a13f9225c540c5568a1c1839849368debd08
llama32_3b,pq,Z16,pq_Z16,2,59,2.357806921005249,2047,7a7b7dc6f6f242742c30f5194894a13f9225c540c5568a1c1839849368debd08
llama32_3b,pq,Z32,pq_Z32,2,59,2.3583099842071533,2047,7a7b7dc6f6f242742c30f5194894a13f9225c540c5568a1c1839849368debd08
llama32_3b,pq,ZB16,pq_ZB16,2,59,2.3584821224212646,2047,7a7b7dc6f6f242742c30f5194894a13f9225c540c5568a1c1839849368debd08
llama32_3b,pq,S32,pq_S32,2,59,2.3585798740386963,2047,7a7b7dc6f6f242742c30f5194894a13f9225c540c5568a1c1839849368debd08
llama32_3b,pq,Z16,pq_Z16,2,60,2.3604466915130615,2047,7a7b7dc6f6f242742c30f5194894a13f9225c540c5568a1c1839849368debd08
llama32_3b,pq,Z32,pq_Z32,2,60,2.3594768047332764,2047,7a7b7dc6f6f242742c30f5194894a13f9225c540c5568a1c1839849368debd08
llama32_3b,pq,ZB16,pq_ZB16,2,60,2.360206365585327,2047,7a7b7dc6f6f242742c30f5194894a13f9225c540c5568a1c1839849368debd08
llama32_3b,pq,S32,pq_S32,2,60,2.360008716583252,2047,7a7b7dc6f6f242742c30f5194894a13f9225c540c5568a1c1839849368debd08
llama32_3b,pq,Z16,pq_Z16,2,61,2.4640135765075684,2047,7a7b7dc6f6f242742c30f5194894a13f9225c540c5568a1c1839849368debd08
llama32_3b,pq,Z32,pq_Z32,2,61,2.4649109840393066,2047,7a7b7dc6f6f242742c30f5194894a13f9225c540c5568a1c1839849368debd08
llama32_3b,pq,ZB16,pq_ZB16,2,61,2.464430809020996,2047,7a7b7dc6f6f242742c30f5194894a13f9225c540c5568a1c1839849368debd08
llama32_3b,pq,S32,pq_S32,2,61,2.46518874168396,2047,7a7b7dc6f6f242742c30f5194894a13f9225c540c5568a1c1839849368debd08
llama32_3b,pq,Z16,pq_Z16,2,62,1.5213338136672974,2047,7a7b7dc6f6f242742c30f5194894a13f9225c540c5568a1c1839849368debd08
llama32_3b,pq,Z32,pq_Z32,2,62,1.5211927890777588,2047,7a7b7dc6f6f242742c30f5194894a13f9225c540c5568a1c1839849368debd08
llama32_3b,pq,ZB16,pq_ZB16,2,62,1.5215528011322021,2047,7a7b7dc6f6f242742c30f5194894a13f9225c540c5568a1c1839849368debd08
llama32_3b,pq,S32,pq_S32,2,62,1.5214396715164185,2047,7a7b7dc6f6f242742c30f5194894a13f9225c540c5568a1c1839849368debd08
llama32_3b,pq,Z16,pq_Z16,2,63,1.8986914157867432,2047,7a7b7dc6f6f242742c30f5194894a13f9225c540c5568a1c1839849368debd08
llama32_3b,pq,Z32,pq_Z32,2,63,1.8991671800613403,2047,7a7b7dc6f6f242742c30f5194894a13f9225c540c5568a1c1839849368debd08
llama32_3b,pq,ZB16,pq_ZB16,2,63,1.8989548683166504,2047,7a7b7dc6f6f242742c30f5194894a13f9225c540c5568a1c1839849368debd08
llama32_3b,pq,S32,pq_S32,2,63,1.8983831405639648,2047,7a7b7dc6f6f242742c30f5194894a13f9225c540c5568a1c1839849368debd08
llama32_3b,hadamard,Z16,hadamard_Z16,0,0,1.8464964628219604,2047,7a7b7dc6f6f242742c30f5194894a13f9225c540c5568a1c1839849368debd08
llama32_3b,hadamard,Z32,hadamard_Z32,0,0,1.845945119857788,2047,7a7b7dc6f6f242742c30f5194894a13f9225c540c5568a1c1839849368debd08
llama32_3b,hadamard,ZB16,hadamard_ZB16,0,0,1.8467005491256714,2047,7a7b7dc6f6f242742c30f5194894a13f9225c540c5568a1c1839849368debd08
llama32_3b,hadamard,S32,hadamard_S32,0,0,1.8460519313812256,2047,7a7b7dc6f6f242742c30f5194894a13f9225c540c5568a1c1839849368debd08
llama32_3b,hadamard,Z16,hadamard_Z16,0,1,2.4363670349121094,2047,7a7b7dc6f6f242742c30f5194894a13f9225c540c5568a1c1839849368debd08
llama32_3b,hadamard,Z32,hadamard_Z32,0,1,2.4366068840026855,2047,7a7b7dc6f6f242742c30f5194894a13f9225c540c5568a1c1839849368debd08
llama32_3b,hadamard,ZB16,hadamard_ZB16,0,1,2.436522960662842,2047,7a7b7dc6f6f242742c30f5194894a13f9225c540c5568a1c1839849368debd08
llama32_3b,hadamard,S32,hadamard_S32,0,1,2.436876058578491,2047,7a7b7dc6f6f242742c30f5194894a13f9225c540c5568a1c1839849368debd08
llama32_3b,hadamard,Z16,hadamard_Z16,0,2,2.5150644779205322,2047,7a7b7dc6f6f242742c30f5194894a13f9225c540c5568a1c1839849368debd08
llama32_3b,hadamard,Z32,hadamard_Z32,0,2,2.514716148376465,2047,7a7b7dc6f6f242742c30f5194894a13f9225c540c5568a1c1839849368debd08
llama32_3b,hadamard,ZB16,hadamard_ZB16,0,2,2.515348196029663,2047,7a7b7dc6f6f242742c30f5194894a13f9225c540c5568a1c1839849368debd08
llama32_3b,hadamard,S32,hadamard_S32,0,2,2.5146493911743164,2047,7a7b7dc6f6f242742c30f5194894a13f9225c540c5568a1c1839849368debd08
llama32_3b,hadamard,Z16,hadamard_Z16,0,3,2.0261874198913574,2047,7a7b7dc6f6f242742c30f5194894a13f9225c540c5568a1c1839849368debd08
llama32_3b,hadamard,Z32,hadamard_Z32,0,3,2.0259552001953125,2047,7a7b7dc6f6f242742c30f5194894a13f9225c540c5568a1c1839849368debd08
llama32_3b,hadamard,ZB16,hadamard_ZB16,0,3,2.025615930557251,2047,7a7b7dc6f6f242742c30f5194894a13f9225c540c5568a1c1839849368debd08
llama32_3b,hadamard,S32,hadamard_S32,0,3,2.025637626647949,2047,7a7b7dc6f6f242742c30f5194894a13f9225c540c5568a1c1839849368debd08
llama32_3b,hadamard,Z16,hadamard_Z16,0,4,1.9410401582717896,2047,7a7b7dc6f6f242742c30f5194894a13f9225c540c5568a1c1839849368debd08
llama32_3b,hadamard,Z32,hadamard_Z32,0,4,1.9406012296676636,2047,7a7b7dc6f6f242742c30f5194894a13f9225c540c5568a1c1839849368debd08
llama32_3b,hadamard,ZB16,hadamard_ZB16,0,4,1.9409711360931396,2047,7a7b7dc6f6f242742c30f5194894a13f9225c540c5568a1c1839849368debd08
llama32_3b,hadamard,S32,hadamard_S32,0,4,1.9412972927093506,2047,7a7b7dc6f6f242742c30f5194894a13f9225c540c5568a1c1839849368debd08
llama32_3b,hadamard,Z16,hadamard_Z16,0,5,1.5666395425796509,2047,7a7b7dc6f6f242742c30f5194894a13f9225c540c5568a1c1839849368debd08
llama32_3b,hadamard,Z32,hadamard_Z32,0,5,1.5672568082809448,2047,7a7b7dc6f6f242742c30f5194894a13f9225c540c5568a1c1839849368debd08
llama32_3b,hadamard,ZB16,hadamard_ZB16,0,5,1.567474126815796,2047,7a7b7dc6f6f242742c30f5194894a13f9225c540c5568a1c1839849368debd08
llama32_3b,hadamard,S32,hadamard_S32,0,5,1.566361665725708,2047,7a7b7dc6f6f242742c30f5194894a13f9225c540c5568a1c1839849368debd08
llama32_3b,hadamard,Z16,hadamard_Z16,0,6,1.6651989221572876,2047,7a7b7dc6f6f242742c30f5194894a13f9225c540c5568a1c1839849368debd08
llama32_3b,hadamard,Z32,hadamard_Z32,0,6,1.6647834777832031,2047,7a7b7dc6f6f242742c30f5194894a13f9225c540c5568a1c1839849368debd08
llama32_3b,hadamard,ZB16,hadamard_ZB16,0,6,1.6652873754501343,2047,7a7b7dc6f6f242742c30f5194894a13f9225c540c5568a1c1839849368debd08
llama32_3b,hadamard,S32,hadamard_S32,0,6,1.664717674255371,2047,7a7b7dc6f6f242742c30f5194894a13f9225c540c5568a1c1839849368debd08
llama32_3b,hadamard,Z16,hadamard_Z16,0,7,1.923748254776001,2047,7a7b7dc6f6f242742c30f5194894a13f9225c540c5568a1c1839849368debd08
llama32_3b,hadamard,Z32,hadamard_Z32,0,7,1.9233088493347168,2047,7a7b7dc6f6f242742c30f5194894a13f9225c540c5568a1c1839849368debd08
llama32_3b,hadamard,ZB16,hadamard_ZB16,0,7,1.9227731227874756,2047,7a7b7dc6f6f242742c30f5194894a13f9225c540c5568a1c1839849368debd08
llama32_3b,hadamard,S32,hadamard_S32,0,7,1.923563838005066,2047,7a7b7dc6f6f242742c30f5194894a13f9225c540c5568a1c1839849368debd08
llama32_3b,hadamard,Z16,hadamard_Z16,0,8,2.252497434616089,2047,7a7b7dc6f6f242742c30f5194894a13f9225c540c5568a1c1839849368debd08
llama32_3b,hadamard,Z32,hadamard_Z32,0,8,2.2521138191223145,2047,7a7b7dc6f6f242742c30f5194894a13f9225c540c5568a1c1839849368debd08
llama32_3b,hadamard,ZB16,hadamard_ZB16,0,8,2.2529592514038086,2047,7a7b7dc6f6f242742c30f5194894a13f9225c540c5568a1c1839849368debd08
llama32_3b,hadamard,S32,hadamard_S32,0,8,2.2533164024353027,2047,7a7b7dc6f6f242742c30f5194894a13f9225c540c5568a1c1839849368debd08
llama32_3b,hadamard,Z16,hadamard_Z16,0,9,1.9850136041641235,2047,7a7b7dc6f6f242742c30f5194894a13f9225c540c5568a1c1839849368debd08
llama32_3b,hadamard,Z32,hadamard_Z32,0,9,1.9847861528396606,2047,7a7b7dc6f6f242742c30f5194894a13f9225c540c5568a1c1839849368debd08
llama32_3b,hadamard,ZB16,hadamard_ZB16,0,9,1.985068440437317,2047,7a7b7dc6f6f242742c30f5194894a13f9225c540c5568a1c1839849368debd08
llama32_3b,hadamard,S32,hadamard_S32,0,9,1.985141396522522,2047,7a7b7dc6f6f242742c30f5194894a13f9225c540c5568a1c1839849368debd08
llama32_3b,hadamard,Z16,hadamard_Z16,0,10,1.9025028944015503,2047,7a7b7dc6f6f242742c30f5194894a13f9225c540c5568a1c1839849368debd08
llama32_3b,hadamard,Z32,hadamard_Z32,0,10,1.9020618200302124,2047,7a7b7dc6f6f242742c30f5194894a13f9225c540c5568a1c1839849368debd08
llama32_3b,hadamard,ZB16,hadamard_ZB16,0,10,1.9025763273239136,2047,7a7b7dc6f6f242742c30f5194894a13f9225c540c5568a1c1839849368debd08
llama32_3b,hadamard,S32,hadamard_S32,0,10,1.9020453691482544,2047,7a7b7dc6f6f242742c30f5194894a13f9225c540c5568a1c1839849368debd08
llama32_3b,hadamard,Z16,hadamard_Z16,0,11,2.263963460922241,2047,7a7b7dc6f6f242742c30f5194894a13f9225c540c5568a1c1839849368debd08
llama32_3b,hadamard,Z32,hadamard_Z32,0,11,2.264352321624756,2047,7a7b7dc6f6f242742c30f5194894a13f9225c540c5568a1c1839849368debd08
llama32_3b,hadamard,ZB16,hadamard_ZB16,0,11,2.2636964321136475,2047,7a7b7dc6f6f242742c30f5194894a13f9225c540c5568a1c1839849368debd08
llama32_3b,hadamard,S32,hadamard_S32,0,11,2.263716459274292,2047,7a7b7dc6f6f242742c30f5194894a13f9225c540c5568a1c1839849368debd08
llama32_3b,hadamard,Z16,hadamard_Z16,0,12,2.1257569789886475,2047,7a7b7dc6f6f242742c30f5194894a13f9225c540c5568a1c1839849368debd08
llama32_3b,hadamard,Z32,hadamard_Z32,0,12,2.125094413757324,2047,7a7b7dc6f6f242742c30f5194894a13f9225c540c5568a1c1839849368debd08
llama32_3b,hadamard,ZB16,hadamard_ZB16,0,12,2.1255714893341064,2047,7a7b7dc6f6f242742c30f5194894a13f9225c540c5568a1c1839849368debd08
llama32_3b,hadamard,S32,hadamard_S32,0,12,2.125675916671753,2047,7a7b7dc6f6f242742c30f5194894a13f9225c540c5568a1c1839849368debd08
llama32_3b,hadamard,Z16,hadamard_Z16,0,13,2.279078960418701,2047,7a7b7dc6f6f242742c30f5194894a13f9225c540c5568a1c1839849368debd08
llama32_3b,hadamard,Z32,hadamard_Z32,0,13,2.2789480686187744,2047,7a7b7dc6f6f242742c30f5194894a13f9225c540c5568a1c1839849368debd08
llama32_3b,hadamard,ZB16,hadamard_ZB16,0,13,2.2790069580078125,2047,7a7b7dc6f6f242742c30f5194894a13f9225c540c5568a1c1839849368debd08
llama32_3b,hadamard,S32,hadamard_S32,0,13,2.2790367603302,2047,7a7b7dc6f6f242742c30f5194894a13f9225c540c5568a1c1839849368debd08
llama32_3b,hadamard,Z16,hadamard_Z16,0,14,2.210543394088745,2047,7a7b7dc6f6f242742c30f5194894a13f9225c540c5568a1c1839849368debd08
llama32_3b,hadamard,Z32,hadamard_Z32,0,14,2.2108240127563477,2047,7a7b7dc6f6f242742c30f5194894a13f9225c540c5568a1c1839849368debd08
llama32_3b,hadamard,ZB16,hadamard_ZB16,0,14,2.2107691764831543,2047,7a7b7dc6f6f242742c30f5194894a13f9225c540c5568a1c1839849368debd08
llama32_3b,hadamard,S32,hadamard_S32,0,14,2.2101833820343018,2047,7a7b7dc6f6f242742c30f5194894a13f9225c540c5568a1c1839849368debd08
llama32_3b,hadamard,Z16,hadamard_Z16,0,15,2.411890745162964,2047,7a7b7dc6f6f242742c30f5194894a13f9225c540c5568a1c1839849368debd08
llama32_3b,hadamard,Z32,hadamard_Z32,0,15,2.4121174812316895,2047,7a7b7dc6f6f242742c30f5194894a13f9225c540c5568a1c1839849368debd08
llama32_3b,hadamard,ZB16,hadamard_ZB16,0,15,2.412827730178833,2047,7a7b7dc6f6f242742c30f5194894a13f9225c540c5568a1c1839849368debd08
llama32_3b,hadamard,S32,hadamard_S32,0,15,2.412691116333008,2047,7a7b7dc6f6f242742c30f5194894a13f9225c540c5568a1c1839849368debd08
llama32_3b,hadamard,Z16,hadamard_Z16,0,16,2.1403558254241943,2047,7a7b7dc6f6f242742c30f5194894a13f9225c540c5568a1c1839849368debd08
llama32_3b,hadamard,Z32,hadamard_Z32,0,16,2.1402549743652344,2047,7a7b7dc6f6f242742c30f5194894a13f9225c540c5568a1c1839849368debd08
llama32_3b,hadamard,ZB16,hadamard_ZB16,0,16,2.1404008865356445,2047,7a7b7dc6f6f242742c30f5194894a13f9225c540c5568a1c1839849368debd08
llama32_3b,hadamard,S32,hadamard_S32,0,16,2.1408114433288574,2047,7a7b7dc6f6f242742c30f5194894a13f9225c540c5568a1c1839849368debd08
llama32_3b,hadamard,Z16,hadamard_Z16,0,17,2.1573874950408936,2047,7a7b7dc6f6f242742c30f5194894a13f9225c540c5568a1c1839849368debd08
llama32_3b,hadamard,Z32,hadamard_Z32,0,17,2.1568098068237305,2047,7a7b7dc6f6f242742c30f5194894a13f9225c540c5568a1c1839849368debd08
llama32_3b,hadamard,ZB16,hadamard_ZB16,0,17,2.1569478511810303,2047,7a7b7dc6f6f242742c30f5194894a13f9225c540c5568a1c1839849368debd08
llama32_3b,hadamard,S32,hadamard_S32,0,17,2.157480001449585,2047,7a7b7dc6f6f242742c30f5194894a13f9225c540c5568a1c1839849368debd08
llama32_3b,hadamard,Z16,hadamard_Z16,0,18,1.9704965353012085,2047,7a7b7dc6f6f242742c30f5194894a13f9225c540c5568a1c1839849368debd08
llama32_3b,hadamard,Z32,hadamard_Z32,0,18,1.970099925994873,2047,7a7b7dc6f6f242742c30f5194894a13f9225c540c5568a1c1839849368debd08
llama32_3b,hadamard,ZB16,hadamard_ZB16,0,18,1.9702283143997192,2047,7a7b7dc6f6f242742c30f5194894a13f9225c540c5568a1c1839849368debd08
llama32_3b,hadamard,S32,hadamard_S32,0,18,1.969361424446106,2047,7a7b7dc6f6f242742c30f5194894a13f9225c540c5568a1c1839849368debd08
llama32_3b,hadamard,Z16,hadamard_Z16,0,19,2.1200032234191895,2047,7a7b7dc6f6f242742c30f5194894a13f9225c540c5568a1c1839849368debd08
llama32_3b,hadamard,Z32,hadamard_Z32,0,19,2.119349241256714,2047,7a7b7dc6f6f242742c30f5194894a13f9225c540c5568a1c1839849368debd08
llama32_3b,hadamard,ZB16,hadamard_ZB16,0,19,2.120149612426758,2047,7a7b7dc6f6f242742c30f5194894a13f9225c540c5568a1c1839849368debd08
llama32_3b,hadamard,S32,hadamard_S32,0,19,2.1204049587249756,2047,7a7b7dc6f6f242742c30f5194894a13f9225c540c5568a1c1839849368debd08
llama32_3b,hadamard,Z16,hadamard_Z16,0,20,2.2399160861968994,2047,7a7b7dc6f6f242742c30f5194894a13f9225c540c5568a1c1839849368debd08
llama32_3b,hadamard,Z32,hadamard_Z32,0,20,2.2400169372558594,2047,7a7b7dc6f6f242742c30f5194894a13f9225c540c5568a1c1839849368debd08
llama32_3b,hadamard,ZB16,hadamard_ZB16,0,20,2.239990472793579,2047,7a7b7dc6f6f242742c30f5194894a13f9225c540c5568a1c1839849368debd08
llama32_3b,hadamard,S32,hadamard_S32,0,20,2.2401561737060547,2047,7a7b7dc6f6f242742c30f5194894a13f9225c540c5568a1c1839849368debd08
llama32_3b,hadamard,Z16,hadamard_Z16,0,21,2.168447256088257,2047,7a7b7dc6f6f242742c30f5194894a13f9225c540c5568a1c1839849368debd08
llama32_3b,hadamard,Z32,hadamard_Z32,0,21,2.169088363647461,2047,7a7b7dc6f6f242742c30f5194894a13f9225c540c5568a1c1839849368debd08
llama32_3b,hadamard,ZB16,hadamard_ZB16,0,21,2.167919635772705,2047,7a7b7dc6f6f242742c30f5194894a13f9225c540c5568a1c1839849368debd08
llama32_3b,hadamard,S32,hadamard_S32,0,21,2.1681342124938965,2047,7a7b7dc6f6f242742c30f5194894a13f9225c540c5568a1c1839849368debd08
llama32_3b,hadamard,Z16,hadamard_Z16,0,22,2.22629714012146,2047,7a7b7dc6f6f242742c30f5194894a13f9225c540c5568a1c1839849368debd08
llama32_3b,hadamard,Z32,hadamard_Z32,0,22,2.226518392562866,2047,7a7b7dc6f6f242742c30f5194894a13f9225c540c5568a1c1839849368debd08
llama32_3b,hadamard,ZB16,hadamard_ZB16,0,22,2.227687358856201,2047,7a7b7dc6f6f242742c30f5194894a13f9225c540c5568a1c1839849368debd08
llama32_3b,hadamard,S32,hadamard_S32,0,22,2.2269961833953857,2047,7a7b7dc6f6f242742c30f5194894a13f9225c540c5568a1c1839849368debd08
llama32_3b,hadamard,Z16,hadamard_Z16,0,23,2.256462335586548,2047,7a7b7dc6f6f242742c30f5194894a13f9225c540c5568a1c1839849368debd08
llama32_3b,hadamard,Z32,hadamard_Z32,0,23,2.2558608055114746,2047,7a7b7dc6f6f242742c30f5194894a13f9225c540c5568a1c1839849368debd08
llama32_3b,hadamard,ZB16,hadamard_ZB16,0,23,2.2560625076293945,2047,7a7b7dc6f6f242742c30f5194894a13f9225c540c5568a1c1839849368debd08
llama32_3b,hadamard,S32,hadamard_S32,0,23,2.2569005489349365,2047,7a7b7dc6f6f242742c30f5194894a13f9225c540c5568a1c1839849368debd08
llama32_3b,hadamard,Z16,hadamard_Z16,0,24,2.2879059314727783,2047,7a7b7dc6f6f242742c30f5194894a13f9225c540c5568a1c1839849368debd08
llama32_3b,hadamard,Z32,hadamard_Z32,0,24,2.2871034145355225,2047,7a7b7dc6f6f242742c30f5194894a13f9225c540c5568a1c1839849368debd08
llama32_3b,hadamard,ZB16,hadamard_ZB16,0,24,2.2877719402313232,2047,7a7b7dc6f6f242742c30f5194894a13f9225c540c5568a1c1839849368debd08
llama32_3b,hadamard,S32,hadamard_S32,0,24,2.28824782371521,2047,7a7b7dc6f6f242742c30f5194894a13f9225c540c5568a1c1839849368debd08
llama32_3b,hadamard,Z16,hadamard_Z16,0,25,2.3573577404022217,2047,7a7b7dc6f6f242742c30f5194894a13f9225c540c5568a1c1839849368debd08
llama32_3b,hadamard,Z32,hadamard_Z32,0,25,2.3578338623046875,2047,7a7b7dc6f6f242742c30f5194894a13f9225c540c5568a1c1839849368debd08
llama32_3b,hadamard,ZB16,hadamard_ZB16,0,25,2.357257843017578,2047,7a7b7dc6f6f242742c30f5194894a13f9225c540c5568a1c1839849368debd08
llama32_3b,hadamard,S32,hadamard_S32,0,25,2.357715606689453,2047,7a7b7dc6f6f242742c30f5194894a13f9225c540c5568a1c1839849368debd08
llama32_3b,hadamard,Z16,hadamard_Z16,0,26,2.4336628913879395,2047,7a7b7dc6f6f242742c30f5194894a13f9225c540c5568a1c1839849368debd08
llama32_3b,hadamard,Z32,hadamard_Z32,0,26,2.433788776397705,2047,7a7b7dc6f6f242742c30f5194894a13f9225c540c5568a1c1839849368debd08
llama32_3b,hadamard,ZB16,hadamard_ZB16,0,26,2.4344899654388428,2047,7a7b7dc6f6f242742c30f5194894a13f9225c540c5568a1c1839849368debd08
llama32_3b,hadamard,S32,hadamard_S32,0,26,2.4339184761047363,2047,7a7b7dc6f6f242742c30f5194894a13f9225c540c5568a1c1839849368debd08
llama32_3b,hadamard,Z16,hadamard_Z16,0,27,2.236435890197754,2047,7a7b7dc6f6f242742c30f5194894a13f9225c540c5568a1c1839849368debd08
llama32_3b,hadamard,Z32,hadamard_Z32,0,27,2.2362210750579834,2047,7a7b7dc6f6f242742c30f5194894a13f9225c540c5568a1c1839849368debd08
llama32_3b,hadamard,ZB16,hadamard_ZB16,0,27,2.235837459564209,2047,7a7b7dc6f6f242742c30f5194894a13f9225c540c5568a1c1839849368debd08
llama32_3b,hadamard,S32,hadamard_S32,0,27,2.2369863986968994,2047,7a7b7dc6f6f242742c30f5194894a13f9225c540c5568a1c1839849368debd08
llama32_3b,hadamard,Z16,hadamard_Z16,0,28,2.0019052028656006,2047,7a7b7dc6f6f242742c30f5194894a13f9225c540c5568a1c1839849368debd08
llama32_3b,hadamard,Z32,hadamard_Z32,0,28,2.002006769180298,2047,7a7b7dc6f6f242742c30f5194894a13f9225c540c5568a1c1839849368debd08
llama32_3b,hadamard,ZB16,hadamard_ZB16,0,28,2.001987934112549,2047,7a7b7dc6f6f242742c30f5194894a13f9225c540c5568a1c1839849368debd08
llama32_3b,hadamard,S32,hadamard_S32,0,28,2.0016887187957764,2047,7a7b7dc6f6f242742c30f5194894a13f9225c540c5568a1c1839849368debd08
llama32_3b,hadamard,Z16,hadamard_Z16,0,29,1.8122385740280151,2047,7a7b7dc6f6f242742c30f5194894a13f9225c540c5568a1c1839849368debd08
llama32_3b,hadamard,Z32,hadamard_Z32,0,29,1.8125847578048706,2047,7a7b7dc6f6f242742c30f5194894a13f9225c540c5568a1c1839849368debd08
llama32_3b,hadamard,ZB16,hadamard_ZB16,0,29,1.8124396800994873,2047,7a7b7dc6f6f242742c30f5194894a13f9225c540c5568a1c1839849368debd08
llama32_3b,hadamard,S32,hadamard_S32,0,29,1.811938762664795,2047,7a7b7dc6f6f242742c30f5194894a13f9225c540c5568a1c1839849368debd08
llama32_3b,hadamard,Z16,hadamard_Z16,0,30,1.6975204944610596,2047,7a7b7dc6f6f242742c30f5194894a13f9225c540c5568a1c1839849368debd08
llama32_3b,hadamard,Z32,hadamard_Z32,0,30,1.697714924812317,2047,7a7b7dc6f6f242742c30f5194894a13f9225c540c5568a1c1839849368debd08
llama32_3b,hadamard,ZB16,hadamard_ZB16,0,30,1.6976704597473145,2047,7a7b7dc6f6f242742c30f5194894a13f9225c540c5568a1c1839849368debd08
llama32_3b,hadamard,S32,hadamard_S32,0,30,1.6971561908721924,2047,7a7b7dc6f6f242742c30f5194894a13f9225c540c5568a1c1839849368debd08
llama32_3b,hadamard,Z16,hadamard_Z16,0,31,1.7330905199050903,2047,7a7b7dc6f6f242742c30f5194894a13f9225c540c5568a1c1839849368debd08
llama32_3b,hadamard,Z32,hadamard_Z32,0,31,1.7327667474746704,2047,7a7b7dc6f6f242742c30f5194894a13f9225c540c5568a1c1839849368debd08
llama32_3b,hadamard,ZB16,hadamard_ZB16,0,31,1.7331581115722656,2047,7a7b7dc6f6f242742c30f5194894a13f9225c540c5568a1c1839849368debd08
llama32_3b,hadamard,S32,hadamard_S32,0,31,1.7325348854064941,2047,7a7b7dc6f6f242742c30f5194894a13f9225c540c5568a1c1839849368debd08
llama32_3b,hadamard,Z16,hadamard_Z16,0,32,2.0247039794921875,2047,7a7b7dc6f6f242742c30f5194894a13f9225c540c5568a1c1839849368debd08
llama32_3b,hadamard,Z32,hadamard_Z32,0,32,2.024465560913086,2047,7a7b7dc6f6f242742c30f5194894a13f9225c540c5568a1c1839849368debd08
llama32_3b,hadamard,ZB16,hadamard_ZB16,0,32,2.025221824645996,2047,7a7b7dc6f6f242742c30f5194894a13f9225c540c5568a1c1839849368debd08
llama32_3b,hadamard,S32,hadamard_S32,0,32,2.0248663425445557,2047,7a7b7dc6f6f242742c30f5194894a13f9225c540c5568a1c1839849368debd08
llama32_3b,hadamard,Z16,hadamard_Z16,0,33,1.9805711507797241,2047,7a7b7dc6f6f242742c30f5194894a13f9225c540c5568a1c1839849368debd08
llama32_3b,hadamard,Z32,hadamard_Z32,0,33,1.9813820123672485,2047,7a7b7dc6f6f242742c30f5194894a13f9225c540c5568a1c1839849368debd08
llama32_3b,hadamard,ZB16,hadamard_ZB16,0,33,1.9819254875183105,2047,7a7b7dc6f6f242742c30f5194894a13f9225c540c5568a1c1839849368debd08
llama32_3b,hadamard,S32,hadamard_S32,0,33,1.9816824197769165,2047,7a7b7dc6f6f242742c30f5194894a13f9225c540c5568a1c1839849368debd08
llama32_3b,hadamard,Z16,hadamard_Z16,0,34,2.165266752243042,2047,7a7b7dc6f6f242742c30f5194894a13f9225c540c5568a1c1839849368debd08
llama32_3b,hadamard,Z32,hadamard_Z32,0,34,2.16536021232605,2047,7a7b7dc6f6f242742c30f5194894a13f9225c540c5568a1c1839849368debd08
llama32_3b,hadamard,ZB16,hadamard_ZB16,0,34,2.1660308837890625,2047,7a7b7dc6f6f242742c30f5194894a13f9225c540c5568a1c1839849368debd08
llama32_3b,hadamard,S32,hadamard_S32,0,34,2.1659188270568848,2047,7a7b7dc6f6f242742c30f5194894a13f9225c540c5568a1c1839849368debd08
llama32_3b,hadamard,Z16,hadamard_Z16,0,35,1.4805874824523926,2047,7a7b7dc6f6f242742c30f5194894a13f9225c540c5568a1c1839849368debd08
llama32_3b,hadamard,Z32,hadamard_Z32,0,35,1.4803882837295532,2047,7a7b7dc6f6f242742c30f5194894a13f9225c540c5568a1c1839849368debd08
llama32_3b,hadamard,ZB16,hadamard_ZB16,0,35,1.480812907218933,2047,7a7b7dc6f6f242742c30f5194894a13f9225c540c5568a1c1839849368debd08
llama32_3b,hadamard,S32,hadamard_S32,0,35,1.4800171852111816,2047,7a7b7dc6f6f242742c30f5194894a13f9225c540c5568a1c1839849368debd08
llama32_3b,hadamard,Z16,hadamard_Z16,0,36,1.451340675354004,2047,7a7b7dc6f6f242742c30f5194894a13f9225c540c5568a1c1839849368debd08
llama32_3b,hadamard,Z32,hadamard_Z32,0,36,1.452370285987854,2047,7a7b7dc6f6f242742c30f5194894a13f9225c540c5568a1c1839849368debd08
llama32_3b,hadamard,ZB16,hadamard_ZB16,0,36,1.4519891738891602,2047,7a7b7dc6f6f242742c30f5194894a13f9225c540c5568a1c1839849368debd08
llama32_3b,hadamard,S32,hadamard_S32,0,36,1.4516291618347168,2047,7a7b7dc6f6f242742c30f5194894a13f9225c540c5568a1c1839849368debd08
llama32_3b,hadamard,Z16,hadamard_Z16,0,37,1.4955750703811646,2047,7a7b7dc6f6f242742c30f5194894a13f9225c540c5568a1c1839849368debd08
llama32_3b,hadamard,Z32,hadamard_Z32,0,37,1.494395136833191,2047,7a7b7dc6f6f242742c30f5194894a13f9225c540c5568a1c1839849368debd08
llama32_3b,hadamard,ZB16,hadamard_ZB16,0,37,1.4952664375305176,2047,7a7b7dc6f6f242742c30f5194894a13f9225c540c5568a1c1839849368debd08
llama32_3b,hadamard,S32,hadamard_S32,0,37,1.4955161809921265,2047,7a7b7dc6f6f242742c30f5194894a13f9225c540c5568a1c1839849368debd08
llama32_3b,hadamard,Z16,hadamard_Z16,0,38,1.4813306331634521,2047,7a7b7dc6f6f242742c30f5194894a13f9225c540c5568a1c1839849368debd08
llama32_3b,hadamard,Z32,hadamard_Z32,0,38,1.4806545972824097,2047,7a7b7dc6f6f242742c30f5194894a13f9225c540c5568a1c1839849368debd08
llama32_3b,hadamard,ZB16,hadamard_ZB16,0,38,1.4810712337493896,2047,7a7b7dc6f6f242742c30f5194894a13f9225c540c5568a1c1839849368debd08
llama32_3b,hadamard,S32,hadamard_S32,0,38,1.48036789894104,2047,7a7b7dc6f6f242742c30f5194894a13f9225c540c5568a1c1839849368debd08
llama32_3b,hadamard,Z16,hadamard_Z16,0,39,1.6750191450119019,2047,7a7b7dc6f6f242742c30f5194894a13f9225c540c5568a1c1839849368debd08
llama32_3b,hadamard,Z32,hadamard_Z32,0,39,1.6743799448013306,2047,7a7b7dc6f6f242742c30f5194894a13f9225c540c5568a1c1839849368debd08
llama32_3b,hadamard,ZB16,hadamard_ZB16,0,39,1.6743927001953125,2047,7a7b7dc6f6f242742c30f5194894a13f9225c540c5568a1c1839849368debd08
llama32_3b,hadamard,S32,hadamard_S32,0,39,1.6748533248901367,2047,7a7b7dc6f6f242742c30f5194894a13f9225c540c5568a1c1839849368debd08
llama32_3b,hadamard,Z16,hadamard_Z16,0,40,2.2811903953552246,2047,7a7b7dc6f6f242742c30f5194894a13f9225c540c5568a1c1839849368debd08
llama32_3b,hadamard,Z32,hadamard_Z32,0,40,2.2811994552612305,2047,7a7b7dc6f6f242742c30f5194894a13f9225c540c5568a1c1839849368debd08
llama32_3b,hadamard,ZB16,hadamard_ZB16,0,40,2.281012773513794,2047,7a7b7dc6f6f242742c30f5194894a13f9225c540c5568a1c1839849368debd08
llama32_3b,hadamard,S32,hadamard_S32,0,40,2.2814502716064453,2047,7a7b7dc6f6f242742c30f5194894a13f9225c540c5568a1c1839849368debd08
llama32_3b,hadamard,Z16,hadamard_Z16,0,41,2.6955177783966064,2047,7a7b7dc6f6f242742c30f5194894a13f9225c540c5568a1c1839849368debd08
llama32_3b,hadamard,Z32,hadamard_Z32,0,41,2.696476697921753,2047,7a7b7dc6f6f242742c30f5194894a13f9225c540c5568a1c1839849368debd08
llama32_3b,hadamard,ZB16,hadamard_ZB16,0,41,2.6962528228759766,2047,7a7b7dc6f6f242742c30f5194894a13f9225c540c5568a1c1839849368debd08
llama32_3b,hadamard,S32,hadamard_S32,0,41,2.696087121963501,2047,7a7b7dc6f6f242742c30f5194894a13f9225c540c5568a1c1839849368debd08
llama32_3b,hadamard,Z16,hadamard_Z16,0,42,2.696370840072632,2047,7a7b7dc6f6f242742c30f5194894a13f9225c540c5568a1c1839849368debd08
llama32_3b,hadamard,Z32,hadamard_Z32,0,42,2.6967785358428955,2047,7a7b7dc6f6f242742c30f5194894a13f9225c540c5568a1c1839849368debd08
llama32_3b,hadamard,ZB16,hadamard_ZB16,0,42,2.696810007095337,2047,7a7b7dc6f6f242742c30f5194894a13f9225c540c5568a1c1839849368debd08
llama32_3b,hadamard,S32,hadamard_S32,0,42,2.697049140930176,2047,7a7b7dc6f6f242742c30f5194894a13f9225c540c5568a1c1839849368debd08
llama32_3b,hadamard,Z16,hadamard_Z16,0,43,2.3202548027038574,2047,7a7b7dc6f6f242742c30f5194894a13f9225c540c5568a1c1839849368debd08
llama32_3b,hadamard,Z32,hadamard_Z32,0,43,2.3205490112304688,2047,7a7b7dc6f6f242742c30f5194894a13f9225c540c5568a1c1839849368debd08
llama32_3b,hadamard,ZB16,hadamard_ZB16,0,43,2.3199462890625,2047,7a7b7dc6f6f242742c30f5194894a13f9225c540c5568a1c1839849368debd08
llama32_3b,hadamard,S32,hadamard_S32,0,43,2.3201355934143066,2047,7a7b7dc6f6f242742c30f5194894a13f9225c540c5568a1c1839849368debd08
llama32_3b,hadamard,Z16,hadamard_Z16,0,44,2.314545154571533,2047,7a7b7dc6f6f242742c30f5194894a13f9225c540c5568a1c1839849368debd08
llama32_3b,hadamard,Z32,hadamard_Z32,0,44,2.314298629760742,2047,7a7b7dc6f6f242742c30f5194894a13f9225c540c5568a1c1839849368debd08
llama32_3b,hadamard,ZB16,hadamard_ZB16,0,44,2.3146400451660156,2047,7a7b7dc6f6f242742c30f5194894a13f9225c540c5568a1c1839849368debd08
llama32_3b,hadamard,S32,hadamard_S32,0,44,2.3138463497161865,2047,7a7b7dc6f6f242742c30f5194894a13f9225c540c5568a1c1839849368debd08
llama32_3b,hadamard,Z16,hadamard_Z16,0,45,2.296149492263794,2047,7a7b7dc6f6f242742c30f5194894a13f9225c540c5568a1c1839849368debd08
llama32_3b,hadamard,Z32,hadamard_Z32,0,45,2.297252893447876,2047,7a7b7dc6f6f242742c30f5194894a13f9225c540c5568a1c1839849368debd08
llama32_3b,hadamard,ZB16,hadamard_ZB16,0,45,2.2965099811553955,2047,7a7b7dc6f6f242742c30f5194894a13f9225c540c5568a1c1839849368debd08
llama32_3b,hadamard,S32,hadamard_S32,0,45,2.296290159225464,2047,7a7b7dc6f6f242742c30f5194894a13f9225c540c5568a1c1839849368debd08
llama32_3b,hadamard,Z16,hadamard_Z16,0,46,2.3826963901519775,2047,7a7b7dc6f6f242742c30f5194894a13f9225c540c5568a1c1839849368debd08
llama32_3b,hadamard,Z32,hadamard_Z32,0,46,2.382830858230591,2047,7a7b7dc6f6f242742c30f5194894a13f9225c540c5568a1c1839849368debd08
llama32_3b,hadamard,ZB16,hadamard_ZB16,0,46,2.3824682235717773,2047,7a7b7dc6f6f242742c30f5194894a13f9225c540c5568a1c1839849368debd08
llama32_3b,hadamard,S32,hadamard_S32,0,46,2.382948875427246,2047,7a7b7dc6f6f242742c30f5194894a13f9225c540c5568a1c1839849368debd08
llama32_3b,hadamard,Z16,hadamard_Z16,0,47,2.162240982055664,2047,7a7b7dc6f6f242742c30f5194894a13f9225c540c5568a1c1839849368debd08
llama32_3b,hadamard,Z32,hadamard_Z32,0,47,2.1626131534576416,2047,7a7b7dc6f6f242742c30f5194894a13f9225c540c5568a1c1839849368debd08
llama32_3b,hadamard,ZB16,hadamard_ZB16,0,47,2.1621603965759277,2047,7a7b7dc6f6f242742c30f5194894a13f9225c540c5568a1c1839849368debd08
llama32_3b,hadamard,S32,hadamard_S32,0,47,2.1617016792297363,2047,7a7b7dc6f6f242742c30f5194894a13f9225c540c5568a1c1839849368debd08
llama32_3b,hadamard,Z16,hadamard_Z16,0,48,2.0336220264434814,2047,7a7b7dc6f6f242742c30f5194894a13f9225c540c5568a1c1839849368debd08
llama32_3b,hadamard,Z32,hadamard_Z32,0,48,2.0331053733825684,2047,7a7b7dc6f6f242742c30f5194894a13f9225c540c5568a1c1839849368debd08
llama32_3b,hadamard,ZB16,hadamard_ZB16,0,48,2.0333313941955566,2047,7a7b7dc6f6f242742c30f5194894a13f9225c540c5568a1c1839849368debd08
llama32_3b,hadamard,S32,hadamard_S32,0,48,2.033541440963745,2047,7a7b7dc6f6f242742c30f5194894a13f9225c540c5568a1c1839849368debd08
llama32_3b,hadamard,Z16,hadamard_Z16,0,49,2.0472166538238525,2047,7a7b7dc6f6f242742c30f5194894a13f9225c540c5568a1c1839849368debd08
llama32_3b,hadamard,Z32,hadamard_Z32,0,49,2.0474202632904053,2047,7a7b7dc6f6f242742c30f5194894a13f9225c540c5568a1c1839849368debd08
llama32_3b,hadamard,ZB16,hadamard_ZB16,0,49,2.047142267227173,2047,7a7b7dc6f6f242742c30f5194894a13f9225c540c5568a1c1839849368debd08
llama32_3b,hadamard,S32,hadamard_S32,0,49,2.047133445739746,2047,7a7b7dc6f6f242742c30f5194894a13f9225c540c5568a1c1839849368debd08
llama32_3b,hadamard,Z16,hadamard_Z16,0,50,1.7717665433883667,2047,7a7b7dc6f6f242742c30f5194894a13f9225c540c5568a1c1839849368debd08
llama32_3b,hadamard,Z32,hadamard_Z32,0,50,1.7718807458877563,2047,7a7b7dc6f6f242742c30f5194894a13f9225c540c5568a1c1839849368debd08
llama32_3b,hadamard,ZB16,hadamard_ZB16,0,50,1.7724045515060425,2047,7a7b7dc6f6f242742c30f5194894a13f9225c540c5568a1c1839849368debd08
llama32_3b,hadamard,S32,hadamard_S32,0,50,1.771986961364746,2047,7a7b7dc6f6f242742c30f5194894a13f9225c540c5568a1c1839849368debd08
llama32_3b,hadamard,Z16,hadamard_Z16,0,51,1.8432925939559937,2047,7a7b7dc6f6f242742c30f5194894a13f9225c540c5568a1c1839849368debd08
llama32_3b,hadamard,Z32,hadamard_Z32,0,51,1.8430672883987427,2047,7a7b7dc6f6f242742c30f5194894a13f9225c540c5568a1c1839849368debd08
llama32_3b,hadamard,ZB16,hadamard_ZB16,0,51,1.8430876731872559,2047,7a7b7dc6f6f242742c30f5194894a13f9225c540c5568a1c1839849368debd08
llama32_3b,hadamard,S32,hadamard_S32,0,51,1.8434940576553345,2047,7a7b7dc6f6f242742c30f5194894a13f9225c540c5568a1c1839849368debd08
llama32_3b,hadamard,Z16,hadamard_Z16,0,52,1.689560890197754,2047,7a7b7dc6f6f242742c30f5194894a13f9225c540c5568a1c1839849368debd08
llama32_3b,hadamard,Z32,hadamard_Z32,0,52,1.688984751701355,2047,7a7b7dc6f6f242742c30f5194894a13f9225c540c5568a1c1839849368debd08
llama32_3b,hadamard,ZB16,hadamard_ZB16,0,52,1.6891871690750122,2047,7a7b7dc6f6f242742c30f5194894a13f9225c540c5568a1c1839849368debd08
llama32_3b,hadamard,S32,hadamard_S32,0,52,1.6888524293899536,2047,7a7b7dc6f6f242742c30f5194894a13f9225c540c5568a1c1839849368debd08
llama32_3b,hadamard,Z16,hadamard_Z16,0,53,1.9073567390441895,2047,7a7b7dc6f6f242742c30f5194894a13f9225c540c5568a1c1839849368debd08
llama32_3b,hadamard,Z32,hadamard_Z32,0,53,1.907528042793274,2047,7a7b7dc6f6f242742c30f5194894a13f9225c540c5568a1c1839849368debd08
llama32_3b,hadamard,ZB16,hadamard_ZB16,0,53,1.9069520235061646,2047,7a7b7dc6f6f242742c30f5194894a13f9225c540c5568a1c1839849368debd08
llama32_3b,hadamard,S32,hadamard_S32,0,53,1.907644271850586,2047,7a7b7dc6f6f242742c30f5194894a13f9225c540c5568a1c1839849368debd08
llama32_3b,hadamard,Z16,hadamard_Z16,0,54,1.640388011932373,2047,7a7b7dc6f6f242742c30f5194894a13f9225c540c5568a1c1839849368debd08
llama32_3b,hadamard,Z32,hadamard_Z32,0,54,1.640273928642273,2047,7a7b7dc6f6f242742c30f5194894a13f9225c540c5568a1c1839849368debd08
llama32_3b,hadamard,ZB16,hadamard_ZB16,0,54,1.6401909589767456,2047,7a7b7dc6f6f242742c30f5194894a13f9225c540c5568a1c1839849368debd08
llama32_3b,hadamard,S32,hadamard_S32,0,54,1.64094078540802,2047,7a7b7dc6f6f242742c30f5194894a13f9225c540c5568a1c1839849368debd08
llama32_3b,hadamard,Z16,hadamard_Z16,0,55,1.613503336906433,2047,7a7b7dc6f6f242742c30f5194894a13f9225c540c5568a1c1839849368debd08
llama32_3b,hadamard,Z32,hadamard_Z32,0,55,1.6128783226013184,2047,7a7b7dc6f6f242742c30f5194894a13f9225c540c5568a1c1839849368debd08
llama32_3b,hadamard,ZB16,hadamard_ZB16,0,55,1.613118290901184,2047,7a7b7dc6f6f242742c30f5194894a13f9225c540c5568a1c1839849368debd08
llama32_3b,hadamard,S32,hadamard_S32,0,55,1.6130040884017944,2047,7a7b7dc6f6f242742c30f5194894a13f9225c540c5568a1c1839849368debd08
llama32_3b,hadamard,Z16,hadamard_Z16,0,56,1.842848300933838,2047,7a7b7dc6f6f242742c30f5194894a13f9225c540c5568a1c1839849368debd08
llama32_3b,hadamard,Z32,hadamard_Z32,0,56,1.8426419496536255,2047,7a7b7dc6f6f242742c30f5194894a13f9225c540c5568a1c1839849368debd08
llama32_3b,hadamard,ZB16,hadamard_ZB16,0,56,1.842188835144043,2047,7a7b7dc6f6f242742c30f5194894a13f9225c540c5568a1c1839849368debd08
llama32_3b,hadamard,S32,hadamard_S32,0,56,1.8423256874084473,2047,7a7b7dc6f6f242742c30f5194894a13f9225c540c5568a1c1839849368debd08
llama32_3b,hadamard,Z16,hadamard_Z16,0,57,1.8194260597229004,2047,7a7b7dc6f6f242742c30f5194894a13f9225c540c5568a1c1839849368debd08
llama32_3b,hadamard,Z32,hadamard_Z32,0,57,1.8191934823989868,2047,7a7b7dc6f6f242742c30f5194894a13f9225c540c5568a1c1839849368debd08
llama32_3b,hadamard,ZB16,hadamard_ZB16,0,57,1.819522500038147,2047,7a7b7dc6f6f242742c30f5194894a13f9225c540c5568a1c1839849368debd08
llama32_3b,hadamard,S32,hadamard_S32,0,57,1.819794774055481,2047,7a7b7dc6f6f242742c30f5194894a13f9225c540c5568a1c1839849368debd08
llama32_3b,hadamard,Z16,hadamard_Z16,0,58,2.2004048824310303,2047,7a7b7dc6f6f242742c30f5194894a13f9225c540c5568a1c1839849368debd08
llama32_3b,hadamard,Z32,hadamard_Z32,0,58,2.2001757621765137,2047,7a7b7dc6f6f242742c30f5194894a13f9225c540c5568a1c1839849368debd08
llama32_3b,hadamard,ZB16,hadamard_ZB16,0,58,2.2006804943084717,2047,7a7b7dc6f6f242742c30f5194894a13f9225c540c5568a1c1839849368debd08
llama32_3b,hadamard,S32,hadamard_S32,0,58,2.2006070613861084,2047,7a7b7dc6f6f242742c30f5194894a13f9225c540c5568a1c1839849368debd08
llama32_3b,hadamard,Z16,hadamard_Z16,0,59,2.360755205154419,2047,7a7b7dc6f6f242742c30f5194894a13f9225c540c5568a1c1839849368debd08
llama32_3b,hadamard,Z32,hadamard_Z32,0,59,2.3606116771698,2047,7a7b7dc6f6f242742c30f5194894a13f9225c540c5568a1c1839849368debd08
llama32_3b,hadamard,ZB16,hadamard_ZB16,0,59,2.3607242107391357,2047,7a7b7dc6f6f242742c30f5194894a13f9225c540c5568a1c1839849368debd08
llama32_3b,hadamard,S32,hadamard_S32,0,59,2.360670328140259,2047,7a7b7dc6f6f242742c30f5194894a13f9225c540c5568a1c1839849368debd08
llama32_3b,hadamard,Z16,hadamard_Z16,0,60,2.3689322471618652,2047,7a7b7dc6f6f242742c30f5194894a13f9225c540c5568a1c1839849368debd08
llama32_3b,hadamard,Z32,hadamard_Z32,0,60,2.368387222290039,2047,7a7b7dc6f6f242742c30f5194894a13f9225c540c5568a1c1839849368debd08
llama32_3b,hadamard,ZB16,hadamard_ZB16,0,60,2.3694379329681396,2047,7a7b7dc6f6f242742c30f5194894a13f9225c540c5568a1c1839849368debd08
llama32_3b,hadamard,S32,hadamard_S32,0,60,2.3690285682678223,2047,7a7b7dc6f6f242742c30f5194894a13f9225c540c5568a1c1839849368debd08
llama32_3b,hadamard,Z16,hadamard_Z16,0,61,2.479435443878174,2047,7a7b7dc6f6f242742c30f5194894a13f9225c540c5568a1c1839849368debd08
llama32_3b,hadamard,Z32,hadamard_Z32,0,61,2.479914426803589,2047,7a7b7dc6f6f242742c30f5194894a13f9225c540c5568a1c1839849368debd08
llama32_3b,hadamard,ZB16,hadamard_ZB16,0,61,2.4785561561584473,2047,7a7b7dc6f6f242742c30f5194894a13f9225c540c5568a1c1839849368debd08
llama32_3b,hadamard,S32,hadamard_S32,0,61,2.4794015884399414,2047,7a7b7dc6f6f242742c30f5194894a13f9225c540c5568a1c1839849368debd08
llama32_3b,hadamard,Z16,hadamard_Z16,0,62,1.5209953784942627,2047,7a7b7dc6f6f242742c30f5194894a13f9225c540c5568a1c1839849368debd08
llama32_3b,hadamard,Z32,hadamard_Z32,0,62,1.5210957527160645,2047,7a7b7dc6f6f242742c30f5194894a13f9225c540c5568a1c1839849368debd08
llama32_3b,hadamard,ZB16,hadamard_ZB16,0,62,1.5212682485580444,2047,7a7b7dc6f6f242742c30f5194894a13f9225c540c5568a1c1839849368debd08
llama32_3b,hadamard,S32,hadamard_S32,0,62,1.521439790725708,2047,7a7b7dc6f6f242742c30f5194894a13f9225c540c5568a1c1839849368debd08
llama32_3b,hadamard,Z16,hadamard_Z16,0,63,1.906933069229126,2047,7a7b7dc6f6f242742c30f5194894a13f9225c540c5568a1c1839849368debd08
llama32_3b,hadamard,Z32,hadamard_Z32,0,63,1.9064748287200928,2047,7a7b7dc6f6f242742c30f5194894a13f9225c540c5568a1c1839849368debd08
llama32_3b,hadamard,ZB16,hadamard_ZB16,0,63,1.9069949388504028,2047,7a7b7dc6f6f242742c30f5194894a13f9225c540c5568a1c1839849368debd08
llama32_3b,hadamard,S32,hadamard_S32,0,63,1.9066593647003174,2047,7a7b7dc6f6f242742c30f5194894a13f9225c540c5568a1c1839849368debd08
llama32_3b,hadamard,Z16,hadamard_Z16,1,0,1.8442344665527344,2047,7a7b7dc6f6f242742c30f5194894a13f9225c540c5568a1c1839849368debd08
llama32_3b,hadamard,Z32,hadamard_Z32,1,0,1.8438246250152588,2047,7a7b7dc6f6f242742c30f5194894a13f9225c540c5568a1c1839849368debd08
llama32_3b,hadamard,ZB16,hadamard_ZB16,1,0,1.8448861837387085,2047,7a7b7dc6f6f242742c30f5194894a13f9225c540c5568a1c1839849368debd08
llama32_3b,hadamard,S32,hadamard_S32,1,0,1.8439090251922607,2047,7a7b7dc6f6f242742c30f5194894a13f9225c540c5568a1c1839849368debd08
llama32_3b,hadamard,Z16,hadamard_Z16,1,1,2.4315025806427,2047,7a7b7dc6f6f242742c30f5194894a13f9225c540c5568a1c1839849368debd08
llama32_3b,hadamard,Z32,hadamard_Z32,1,1,2.431532382965088,2047,7a7b7dc6f6f242742c30f5194894a13f9225c540c5568a1c1839849368debd08
llama32_3b,hadamard,ZB16,hadamard_ZB16,1,1,2.4316561222076416,2047,7a7b7dc6f6f242742c30f5194894a13f9225c540c5568a1c1839849368debd08
llama32_3b,hadamard,S32,hadamard_S32,1,1,2.4317786693573,2047,7a7b7dc6f6f242742c30f5194894a13f9225c540c5568a1c1839849368debd08
llama32_3b,hadamard,Z16,hadamard_Z16,1,2,2.5037827491760254,2047,7a7b7dc6f6f242742c30f5194894a13f9225c540c5568a1c1839849368debd08
llama32_3b,hadamard,Z32,hadamard_Z32,1,2,2.5037312507629395,2047,7a7b7dc6f6f242742c30f5194894a13f9225c540c5568a1c1839849368debd08
llama32_3b,hadamard,ZB16,hadamard_ZB16,1,2,2.5033071041107178,2047,7a7b7dc6f6f242742c30f5194894a13f9225c540c5568a1c1839849368debd08
llama32_3b,hadamard,S32,hadamard_S32,1,2,2.50300931930542,2047,7a7b7dc6f6f242742c30f5194894a13f9225c540c5568a1c1839849368debd08
llama32_3b,hadamard,Z16,hadamard_Z16,1,3,2.0341954231262207,2047,7a7b7dc6f6f242742c30f5194894a13f9225c540c5568a1c1839849368debd08
llama32_3b,hadamard,Z32,hadamard_Z32,1,3,2.034395694732666,2047,7a7b7dc6f6f242742c30f5194894a13f9225c540c5568a1c1839849368debd08
llama32_3b,hadamard,ZB16,hadamard_ZB16,1,3,2.0343127250671387,2047,7a7b7dc6f6f242742c30f5194894a13f9225c540c5568a1c1839849368debd08
llama32_3b,hadamard,S32,hadamard_S32,1,3,2.0340099334716797,2047,7a7b7dc6f6f242742c30f5194894a13f9225c540c5568a1c1839849368debd08
llama32_3b,hadamard,Z16,hadamard_Z16,1,4,1.9371346235275269,2047,7a7b7dc6f6f242742c30f5194894a13f9225c540c5568a1c1839849368debd08
llama32_3b,hadamard,Z32,hadamard_Z32,1,4,1.937473177909851,2047,7a7b7dc6f6f242742c30f5194894a13f9225c540c5568a1c1839849368debd08
llama32_3b,hadamard,ZB16,hadamard_ZB16,1,4,1.936691164970398,2047,7a7b7dc6f6f242742c30f5194894a13f9225c540c5568a1c1839849368debd08
llama32_3b,hadamard,S32,hadamard_S32,1,4,1.937339425086975,2047,7a7b7dc6f6f242742c30f5194894a13f9225c540c5568a1c1839849368debd08
llama32_3b,hadamard,Z16,hadamard_Z16,1,5,1.5599868297576904,2047,7a7b7dc6f6f242742c30f5194894a13f9225c540c5568a1c1839849368debd08
llama32_3b,hadamard,Z32,hadamard_Z32,1,5,1.5597343444824219,2047,7a7b7dc6f6f242742c30f5194894a13f9225c540c5568a1c1839849368debd08
llama32_3b,hadamard,ZB16,hadamard_ZB16,1,5,1.5601270198822021,2047,7a7b7dc6f6f242742c30f5194894a13f9225c540c5568a1c1839849368debd08
llama32_3b,hadamard,S32,hadamard_S32,1,5,1.5598520040512085,2047,7a7b7dc6f6f242742c30f5194894a13f9225c540c5568a1c1839849368debd08
llama32_3b,hadamard,Z16,hadamard_Z16,1,6,1.6793931722640991,2047,7a7b7dc6f6f242742c30f5194894a13f9225c540c5568a1c1839849368debd08
llama32_3b,hadamard,Z32,hadamard_Z32,1,6,1.6784759759902954,2047,7a7b7dc6f6f242742c30f5194894a13f9225c540c5568a1c1839849368debd08
llama32_3b,hadamard,ZB16,hadamard_ZB16,1,6,1.680341362953186,2047,7a7b7dc6f6f242742c30f5194894a13f9225c540c5568a1c1839849368debd08
llama32_3b,hadamard,S32,hadamard_S32,1,6,1.6785324811935425,2047,7a7b7dc6f6f242742c30f5194894a13f9225c540c5568a1c1839849368debd08
llama32_3b,hadamard,Z16,hadamard_Z16,1,7,1.9350614547729492,2047,7a7b7dc6f6f242742c30f5194894a13f9225c540c5568a1c1839849368debd08
llama32_3b,hadamard,Z32,hadamard_Z32,1,7,1.9356331825256348,2047,7a7b7dc6f6f242742c30f5194894a13f9225c540c5568a1c1839849368debd08
llama32_3b,hadamard,ZB16,hadamard_ZB16,1,7,1.935315489768982,2047,7a7b7dc6f6f242742c30f5194894a13f9225c540c5568a1c1839849368debd08
llama32_3b,hadamard,S32,hadamard_S32,1,7,1.935252070426941,2047,7a7b7dc6f6f242742c30f5194894a13f9225c540c5568a1c1839849368debd08
llama32_3b,hadamard,Z16,hadamard_Z16,1,8,2.2587966918945312,2047,7a7b7dc6f6f242742c30f5194894a13f9225c540c5568a1c1839849368debd08
llama32_3b,hadamard,Z32,hadamard_Z32,1,8,2.2587966918945312,2047,7a7b7dc6f6f242742c30f5194894a13f9225c540c5568a1c1839849368debd08
llama32_3b,hadamard,ZB16,hadamard_ZB16,1,8,2.2585678100585938,2047,7a7b7dc6f6f242742c30f5194894a13f9225c540c5568a1c1839849368debd08
llama32_3b,hadamard,S32,hadamard_S32,1,8,2.258979082107544,2047,7a7b7dc6f6f242742c30f5194894a13f9225c540c5568a1c1839849368debd08
llama32_3b,hadamard,Z16,hadamard_Z16,1,9,1.9812524318695068,2047,7a7b7dc6f6f242742c30f5194894a13f9225c540c5568a1c1839849368debd08
llama32_3b,hadamard,Z32,hadamard_Z32,1,9,1.9812514781951904,2047,7a7b7dc6f6f242742c30f5194894a13f9225c540c5568a1c1839849368debd08
llama32_3b,hadamard,ZB16,hadamard_ZB16,1,9,1.981265664100647,2047,7a7b7dc6f6f242742c30f5194894a13f9225c540c5568a1c1839849368debd08
llama32_3b,hadamard,S32,hadamard_S32,1,9,1.980582594871521,2047,7a7b7dc6f6f242742c30f5194894a13f9225c540c5568a1c1839849368debd08
llama32_3b,hadamard,Z16,hadamard_Z16,1,10,1.902612566947937,2047,7a7b7dc6f6f242742c30f5194894a13f9225c540c5568a1c1839849368debd08
llama32_3b,hadamard,Z32,hadamard_Z32,1,10,1.902148962020874,2047,7a7b7dc6f6f242742c30f5194894a13f9225c540c5568a1c1839849368debd08
llama32_3b,hadamard,ZB16,hadamard_ZB16,1,10,1.9024544954299927,2047,7a7b7dc6f6f242742c30f5194894a13f9225c540c5568a1c1839849368debd08
llama32_3b,hadamard,S32,hadamard_S32,1,10,1.9022136926651,2047,7a7b7dc6f6f242742c30f5194894a13f9225c540c5568a1c1839849368debd08
llama32_3b,hadamard,Z16,hadamard_Z16,1,11,2.2672085762023926,2047,7a7b7dc6f6f242742c30f5194894a13f9225c540c5568a1c1839849368debd08
llama32_3b,hadamard,Z32,hadamard_Z32,1,11,2.2673840522766113,2047,7a7b7dc6f6f242742c30f5194894a13f9225c540c5568a1c1839849368debd08
llama32_3b,hadamard,ZB16,hadamard_ZB16,1,11,2.2669923305511475,2047,7a7b7dc6f6f242742c30f5194894a13f9225c540c5568a1c1839849368debd08
llama32_3b,hadamard,S32,hadamard_S32,1,11,2.2672617435455322,2047,7a7b7dc6f6f242742c30f5194894a13f9225c540c5568a1c1839849368debd08
llama32_3b,hadamard,Z16,hadamard_Z16,1,12,2.127279043197632,2047,7a7b7dc6f6f242742c30f5194894a13f9225c540c5568a1c1839849368debd08
llama32_3b,hadamard,Z32,hadamard_Z32,1,12,2.126544237136841,2047,7a7b7dc6f6f242742c30f5194894a13f9225c540c5568a1c1839849368debd08
llama32_3b,hadamard,ZB16,hadamard_ZB16,1,12,2.126798152923584,2047,7a7b7dc6f6f242742c30f5194894a13f9225c540c5568a1c1839849368debd08
llama32_3b,hadamard,S32,hadamard_S32,1,12,2.127004623413086,2047,7a7b7dc6f6f242742c30f5194894a13f9225c540c5568a1c1839849368debd08
llama32_3b,hadamard,Z16,hadamard_Z16,1,13,2.284085512161255,2047,7a7b7dc6f6f242742c30f5194894a13f9225c540c5568a1c1839849368debd08
llama32_3b,hadamard,Z32,hadamard_Z32,1,13,2.283855676651001,2047,7a7b7dc6f6f242742c30f5194894a13f9225c540c5568a1c1839849368debd08
llama32_3b,hadamard,ZB16,hadamard_ZB16,1,13,2.284447431564331,2047,7a7b7dc6f6f242742c30f5194894a13f9225c540c5568a1c1839849368debd08
llama32_3b,hadamard,S32,hadamard_S32,1,13,2.284012794494629,2047,7a7b7dc6f6f242742c30f5194894a13f9225c540c5568a1c1839849368debd08
llama32_3b,hadamard,Z16,hadamard_Z16,1,14,2.2074334621429443,2047,7a7b7dc6f6f242742c30f5194894a13f9225c540c5568a1c1839849368debd08
llama32_3b,hadamard,Z32,hadamard_Z32,1,14,2.2074873447418213,2047,7a7b7dc6f6f242742c30f5194894a13f9225c540c5568a1c1839849368debd08
llama32_3b,hadamard,ZB16,hadamard_ZB16,1,14,2.208230972290039,2047,7a7b7dc6f6f242742c30f5194894a13f9225c540c5568a1c1839849368debd08
llama32_3b,hadamard,S32,hadamard_S32,1,14,2.2075045108795166,2047,7a7b7dc6f6f242742c30f5194894a13f9225c540c5568a1c1839849368debd08
llama32_3b,hadamard,Z16,hadamard_Z16,1,15,2.4077885150909424,2047,7a7b7dc6f6f242742c30f5194894a13f9225c540c5568a1c1839849368debd08
llama32_3b,hadamard,Z32,hadamard_Z32,1,15,2.407661199569702,2047,7a7b7dc6f6f242742c30f5194894a13f9225c540c5568a1c1839849368debd08
llama32_3b,hadamard,ZB16,hadamard_ZB16,1,15,2.40747332572937,2047,7a7b7dc6f6f242742c30f5194894a13f9225c540c5568a1c1839849368debd08
llama32_3b,hadamard,S32,hadamard_S32,1,15,2.4072446823120117,2047,7a7b7dc6f6f242742c30f5194894a13f9225c540c5568a1c1839849368debd08
llama32_3b,hadamard,Z16,hadamard_Z16,1,16,2.1504287719726562,2047,7a7b7dc6f6f242742c30f5194894a13f9225c540c5568a1c1839849368debd08
llama32_3b,hadamard,Z32,hadamard_Z32,1,16,2.151353120803833,2047,7a7b7dc6f6f242742c30f5194894a13f9225c540c5568a1c1839849368debd08
llama32_3b,hadamard,ZB16,hadamard_ZB16,1,16,2.1498115062713623,2047,7a7b7dc6f6f242742c30f5194894a13f9225c540c5568a1c1839849368debd08
llama32_3b,hadamard,S32,hadamard_S32,1,16,2.1504430770874023,2047,7a7b7dc6f6f242742c30f5194894a13f9225c540c5568a1c1839849368debd08
llama32_3b,hadamard,Z16,hadamard_Z16,1,17,2.1558291912078857,2047,7a7b7dc6f6f242742c30f5194894a13f9225c540c5568a1c1839849368debd08
llama32_3b,hadamard,Z32,hadamard_Z32,1,17,2.156018018722534,2047,7a7b7dc6f6f242742c30f5194894a13f9225c540c5568a1c1839849368debd08
llama32_3b,hadamard,ZB16,hadamard_ZB16,1,17,2.1562294960021973,2047,7a7b7dc6f6f242742c30f5194894a13f9225c540c5568a1c1839849368debd08
llama32_3b,hadamard,S32,hadamard_S32,1,17,2.1559948921203613,2047,7a7b7dc6f6f242742c30f5194894a13f9225c540c5568a1c1839849368debd08
llama32_3b,hadamard,Z16,hadamard_Z16,1,18,1.9572705030441284,2047,7a7b7dc6f6f242742c30f5194894a13f9225c540c5568a1c1839849368debd08
llama32_3b,hadamard,Z32,hadamard_Z32,1,18,1.9570083618164062,2047,7a7b7dc6f6f242742c30f5194894a13f9225c540c5568a1c1839849368debd08
llama32_3b,hadamard,ZB16,hadamard_ZB16,1,18,1.9562286138534546,2047,7a7b7dc6f6f242742c30f5194894a13f9225c540c5568a1c1839849368debd08
llama32_3b,hadamard,S32,hadamard_S32,1,18,1.957081913948059,2047,7a7b7dc6f6f242742c30f5194894a13f9225c540c5568a1c1839849368debd08
llama32_3b,hadamard,Z16,hadamard_Z16,1,19,2.1342616081237793,2047,7a7b7dc6f6f242742c30f5194894a13f9225c540c5568a1c1839849368debd08
llama32_3b,hadamard,Z32,hadamard_Z32,1,19,2.13455867767334,2047,7a7b7dc6f6f242742c30f5194894a13f9225c540c5568a1c1839849368debd08
llama32_3b,hadamard,ZB16,hadamard_ZB16,1,19,2.1342904567718506,2047,7a7b7dc6f6f242742c30f5194894a13f9225c540c5568a1c1839849368debd08
llama32_3b,hadamard,S32,hadamard_S32,1,19,2.1338844299316406,2047,7a7b7dc6f6f242742c30f5194894a13f9225c540c5568a1c1839849368debd08
llama32_3b,hadamard,Z16,hadamard_Z16,1,20,2.231870412826538,2047,7a7b7dc6f6f242742c30f5194894a13f9225c540c5568a1c1839849368debd08
llama32_3b,hadamard,Z32,hadamard_Z32,1,20,2.2323646545410156,2047,7a7b7dc6f6f242742c30f5194894a13f9225c540c5568a1c1839849368debd08
llama32_3b,hadamard,ZB16,hadamard_ZB16,1,20,2.2322497367858887,2047,7a7b7dc6f6f242742c30f5194894a13f9225c540c5568a1c1839849368debd08
llama32_3b,hadamard,S32,hadamard_S32,1,20,2.2317161560058594,2047,7a7b7dc6f6f242742c30f5194894a13f9225c540c5568a1c1839849368debd08
llama32_3b,hadamard,Z16,hadamard_Z16,1,21,2.167170286178589,2047,7a7b7dc6f6f242742c30f5194894a13f9225c540c5568a1c1839849368debd08
llama32_3b,hadamard,Z32,hadamard_Z32,1,21,2.167062997817993,2047,7a7b7dc6f6f242742c30f5194894a13f9225c540c5568a1c1839849368debd08
llama32_3b,hadamard,ZB16,hadamard_ZB16,1,21,2.16815185546875,2047,7a7b7dc6f6f242742c30f5194894a13f9225c540c5568a1c1839849368debd08
llama32_3b,hadamard,S32,hadamard_S32,1,21,2.166311025619507,2047,7a7b7dc6f6f242742c30f5194894a13f9225c540c5568a1c1839849368debd08
llama32_3b,hadamard,Z16,hadamard_Z16,1,22,2.215130090713501,2047,7a7b7dc6f6f242742c30f5194894a13f9225c540c5568a1c1839849368debd08
llama32_3b,hadamard,Z32,hadamard_Z32,1,22,2.215517282485962,2047,7a7b7dc6f6f242742c30f5194894a13f9225c540c5568a1c1839849368debd08
llama32_3b,hadamard,ZB16,hadamard_ZB16,1,22,2.215186595916748,2047,7a7b7dc6f6f242742c30f5194894a13f9225c540c5568a1c1839849368debd08
llama32_3b,hadamard,S32,hadamard_S32,1,22,2.215322256088257,2047,7a7b7dc6f6f242742c30f5194894a13f9225c540c5568a1c1839849368debd08
llama32_3b,hadamard,Z16,hadamard_Z16,1,23,2.261826992034912,2047,7a7b7dc6f6f242742c30f5194894a13f9225c540c5568a1c1839849368debd08
llama32_3b,hadamard,Z32,hadamard_Z32,1,23,2.2623283863067627,2047,7a7b7dc6f6f242742c30f5194894a13f9225c540c5568a1c1839849368debd08
llama32_3b,hadamard,ZB16,hadamard_ZB16,1,23,2.2629611492156982,2047,7a7b7dc6f6f242742c30f5194894a13f9225c540c5568a1c1839849368debd08
llama32_3b,hadamard,S32,hadamard_S32,1,23,2.262016534805298,2047,7a7b7dc6f6f242742c30f5194894a13f9225c540c5568a1c1839849368debd08
llama32_3b,hadamard,Z16,hadamard_Z16,1,24,2.2904655933380127,2047,7a7b7dc6f6f242742c30f5194894a13f9225c540c5568a1c1839849368debd08
llama32_3b,hadamard,Z32,hadamard_Z32,1,24,2.290555238723755,2047,7a7b7dc6f6f242742c30f5194894a13f9225c540c5568a1c1839849368debd08
llama32_3b,hadamard,ZB16,hadamard_ZB16,1,24,2.2902703285217285,2047,7a7b7dc6f6f242742c30f5194894a13f9225c540c5568a1c1839849368debd08
llama32_3b,hadamard,S32,hadamard_S32,1,24,2.2907469272613525,2047,7a7b7dc6f6f242742c30f5194894a13f9225c540c5568a1c1839849368debd08
llama32_3b,hadamard,Z16,hadamard_Z16,1,25,2.343402147293091,2047,7a7b7dc6f6f242742c30f5194894a13f9225c540c5568a1c1839849368debd08
llama32_3b,hadamard,Z32,hadamard_Z32,1,25,2.3444082736968994,2047,7a7b7dc6f6f242742c30f5194894a13f9225c540c5568a1c1839849368debd08
llama32_3b,hadamard,ZB16,hadamard_ZB16,1,25,2.3444972038269043,2047,7a7b7dc6f6f242742c30f5194894a13f9225c540c5568a1c1839849368debd08
llama32_3b,hadamard,S32,hadamard_S32,1,25,2.3447017669677734,2047,7a7b7dc6f6f242742c30f5194894a13f9225c540c5568a1c1839849368debd08
llama32_3b,hadamard,Z16,hadamard_Z16,1,26,2.4425735473632812,2047,7a7b7dc6f6f242742c30f5194894a13f9225c540c5568a1c1839849368debd08
llama32_3b,hadamard,Z32,hadamard_Z32,1,26,2.4419972896575928,2047,7a7b7dc6f6f242742c30f5194894a13f9225c540c5568a1c1839849368debd08
llama32_3b,hadamard,ZB16,hadamard_ZB16,1,26,2.443082094192505,2047,7a7b7dc6f6f242742c30f5194894a13f9225c540c5568a1c1839849368debd08
llama32_3b,hadamard,S32,hadamard_S32,1,26,2.4419615268707275,2047,7a7b7dc6f6f242742c30f5194894a13f9225c540c5568a1c1839849368debd08
llama32_3b,hadamard,Z16,hadamard_Z16,1,27,2.2297675609588623,2047,7a7b7dc6f6f242742c30f5194894a13f9225c540c5568a1c1839849368debd08
llama32_3b,hadamard,Z32,hadamard_Z32,1,27,2.229968547821045,2047,7a7b7dc6f6f242742c30f5194894a13f9225c540c5568a1c1839849368debd08
llama32_3b,hadamard,ZB16,hadamard_ZB16,1,27,2.2302422523498535,2047,7a7b7dc6f6f242742c30f5194894a13f9225c540c5568a1c1839849368debd08
llama32_3b,hadamard,S32,hadamard_S32,1,27,2.22971510887146,2047,7a7b7dc6f6f242742c30f5194894a13f9225c540c5568a1c1839849368debd08
llama32_3b,hadamard,Z16,hadamard_Z16,1,28,2.0129892826080322,2047,7a7b7dc6f6f242742c30f5194894a13f9225c540c5568a1c1839849368debd08
llama32_3b,hadamard,Z32,hadamard_Z32,1,28,2.0128378868103027,2047,7a7b7dc6f6f242742c30f5194894a13f9225c540c5568a1c1839849368debd08
llama32_3b,hadamard,ZB16,hadamard_ZB16,1,28,2.0128040313720703,2047,7a7b7dc6f6f242742c30f5194894a13f9225c540c5568a1c1839849368debd08
llama32_3b,hadamard,S32,hadamard_S32,1,28,2.0120656490325928,2047,7a7b7dc6f6f242742c30f5194894a13f9225c540c5568a1c1839849368debd08
llama32_3b,hadamard,Z16,hadamard_Z16,1,29,1.808549165725708,2047,7a7b7dc6f6f242742c30f5194894a13f9225c540c5568a1c1839849368debd08
llama32_3b,hadamard,Z32,hadamard_Z32,1,29,1.8089462518692017,2047,7a7b7dc6f6f242742c30f5194894a13f9225c540c5568a1c1839849368debd08
llama32_3b,hadamard,ZB16,hadamard_ZB16,1,29,1.8084619045257568,2047,7a7b7dc6f6f242742c30f5194894a13f9225c540c5568a1c1839849368debd08
llama32_3b,hadamard,S32,hadamard_S32,1,29,1.8086931705474854,2047,7a7b7dc6f6f242742c30f5194894a13f9225c540c5568a1c1839849368debd08
llama32_3b,hadamard,Z16,hadamard_Z16,1,30,1.7096221446990967,2047,7a7b7dc6f6f242742c30f5194894a13f9225c540c5568a1c1839849368debd08
llama32_3b,hadamard,Z32,hadamard_Z32,1,30,1.709346890449524,2047,7a7b7dc6f6f242742c30f5194894a13f9225c540c5568a1c1839849368debd08
llama32_3b,hadamard,ZB16,hadamard_ZB16,1,30,1.709369421005249,2047,7a7b7dc6f6f242742c30f5194894a13f9225c540c5568a1c1839849368debd08
llama32_3b,hadamard,S32,hadamard_S32,1,30,1.7090492248535156,2047,7a7b7dc6f6f242742c30f5194894a13f9225c540c5568a1c1839849368debd08
llama32_3b,hadamard,Z16,hadamard_Z16,1,31,1.7317266464233398,2047,7a7b7dc6f6f242742c30f5194894a13f9225c540c5568a1c1839849368debd08
llama32_3b,hadamard,Z32,hadamard_Z32,1,31,1.7322582006454468,2047,7a7b7dc6f6f242742c30f5194894a13f9225c540c5568a1c1839849368debd08
llama32_3b,hadamard,ZB16,hadamard_ZB16,1,31,1.7319285869598389,2047,7a7b7dc6f6f242742c30f5194894a13f9225c540c5568a1c1839849368debd08
llama32_3b,hadamard,S32,hadamard_S32,1,31,1.7322273254394531,2047,7a7b7dc6f6f242742c30f5194894a13f9225c540c5568a1c1839849368debd08
llama32_3b,hadamard,Z16,hadamard_Z16,1,32,2.0203824043273926,2047,7a7b7dc6f6f242742c30f5194894a13f9225c540c5568a1c1839849368debd08
llama32_3b,hadamard,Z32,hadamard_Z32,1,32,2.0209319591522217,2047,7a7b7dc6f6f242742c30f5194894a13f9225c540c5568a1c1839849368debd08
llama32_3b,hadamard,ZB16,hadamard_ZB16,1,32,2.02089524269104,2047,7a7b7dc6f6f242742c30f5194894a13f9225c540c5568a1c1839849368debd08
llama32_3b,hadamard,S32,hadamard_S32,1,32,2.020462989807129,2047,7a7b7dc6f6f242742c30f5194894a13f9225c540c5568a1c1839849368debd08
llama32_3b,hadamard,Z16,hadamard_Z16,1,33,2.004196882247925,2047,7a7b7dc6f6f242742c30f5194894a13f9225c540c5568a1c1839849368debd08
llama32_3b,hadamard,Z32,hadamard_Z32,1,33,2.004429578781128,2047,7a7b7dc6f6f242742c30f5194894a13f9225c540c5568a1c1839849368debd08
llama32_3b,hadamard,ZB16,hadamard_ZB16,1,33,2.0041768550872803,2047,7a7b7dc6f6f242742c30f5194894a13f9225c540c5568a1c1839849368debd08
llama32_3b,hadamard,S32,hadamard_S32,1,33,2.0039448738098145,2047,7a7b7dc6f6f242742c30f5194894a13f9225c540c5568a1c1839849368debd08
llama32_3b,hadamard,Z16,hadamard_Z16,1,34,2.1727066040039062,2047,7a7b7dc6f6f242742c30f5194894a13f9225c540c5568a1c1839849368debd08
llama32_3b,hadamard,Z32,hadamard_Z32,1,34,2.172698974609375,2047,7a7b7dc6f6f242742c30f5194894a13f9225c540c5568a1c1839849368debd08
llama32_3b,hadamard,ZB16,hadamard_ZB16,1,34,2.172231435775757,2047,7a7b7dc6f6f242742c30f5194894a13f9225c540c5568a1c1839849368debd08
llama32_3b,hadamard,S32,hadamard_S32,1,34,2.171903371810913,2047,7a7b7dc6f6f242742c30f5194894a13f9225c540c5568a1c1839849368debd08
llama32_3b,hadamard,Z16,hadamard_Z16,1,35,1.4884339570999146,2047,7a7b7dc6f6f242742c30f5194894a13f9225c540c5568a1c1839849368debd08
llama32_3b,hadamard,Z32,hadamard_Z32,1,35,1.4880539178848267,2047,7a7b7dc6f6f242742c30f5194894a13f9225c540c5568a1c1839849368debd08
llama32_3b,hadamard,ZB16,hadamard_ZB16,1,35,1.4882017374038696,2047,7a7b7dc6f6f242742c30f5194894a13f9225c540c5568a1c1839849368debd08
llama32_3b,hadamard,S32,hadamard_S32,1,35,1.4877955913543701,2047,7a7b7dc6f6f242742c30f5194894a13f9225c540c5568a1c1839849368debd08
llama32_3b,hadamard,Z16,hadamard_Z16,1,36,1.4520416259765625,2047,7a7b7dc6f6f242742c30f5194894a13f9225c540c5568a1c1839849368debd08
llama32_3b,hadamard,Z32,hadamard_Z32,1,36,1.4518321752548218,2047,7a7b7dc6f6f242742c30f5194894a13f9225c540c5568a1c1839849368debd08
llama32_3b,hadamard,ZB16,hadamard_ZB16,1,36,1.452414870262146,2047,7a7b7dc6f6f242742c30f5194894a13f9225c540c5568a1c1839849368debd08
llama32_3b,hadamard,S32,hadamard_S32,1,36,1.4521527290344238,2047,7a7b7dc6f6f242742c30f5194894a13f9225c540c5568a1c1839849368debd08
llama32_3b,hadamard,Z16,hadamard_Z16,1,37,1.4961048364639282,2047,7a7b7dc6f6f242742c30f5194894a13f9225c540c5568a1c1839849368debd08
llama32_3b,hadamard,Z32,hadamard_Z32,1,37,1.4961117506027222,2047,7a7b7dc6f6f242742c30f5194894a13f9225c540c5568a1c1839849368debd08
llama32_3b,hadamard,ZB16,hadamard_ZB16,1,37,1.4964526891708374,2047,7a7b7dc6f6f242742c30f5194894a13f9225c540c5568a1c1839849368debd08
llama32_3b,hadamard,S32,hadamard_S32,1,37,1.4961235523223877,2047,7a7b7dc6f6f242742c30f5194894a13f9225c540c5568a1c1839849368debd08
llama32_3b,hadamard,Z16,hadamard_Z16,1,38,1.4802730083465576,2047,7a7b7dc6f6f242742c30f5194894a13f9225c540c5568a1c1839849368debd08
llama32_3b,hadamard,Z32,hadamard_Z32,1,38,1.4799907207489014,2047,7a7b7dc6f6f242742c30f5194894a13f9225c540c5568a1c1839849368debd08
llama32_3b,hadamard,ZB16,hadamard_ZB16,1,38,1.4804439544677734,2047,7a7b7dc6f6f242742c30f5194894a13f9225c540c5568a1c1839849368debd08
llama32_3b,hadamard,S32,hadamard_S32,1,38,1.4804290533065796,2047,7a7b7dc6f6f242742c30f5194894a13f9225c540c5568a1c1839849368debd08
llama32_3b,hadamard,Z16,hadamard_Z16,1,39,1.6775107383728027,2047,7a7b7dc6f6f242742c30f5194894a13f9225c540c5568a1c1839849368debd08
llama32_3b,hadamard,Z32,hadamard_Z32,1,39,1.6773195266723633,2047,7a7b7dc6f6f242742c30f5194894a13f9225c540c5568a1c1839849368debd08
llama32_3b,hadamard,ZB16,hadamard_ZB16,1,39,1.677299976348877,2047,7a7b7dc6f6f242742c30f5194894a13f9225c540c5568a1c1839849368debd08
llama32_3b,hadamard,S32,hadamard_S32,1,39,1.6772377490997314,2047,7a7b7dc6f6f242742c30f5194894a13f9225c540c5568a1c1839849368debd08
llama32_3b,hadamard,Z16,hadamard_Z16,1,40,2.2906782627105713,2047,7a7b7dc6f6f242742c30f5194894a13f9225c540c5568a1c1839849368debd08
llama32_3b,hadamard,Z32,hadamard_Z32,1,40,2.2910237312316895,2047,7a7b7dc6f6f242742c30f5194894a13f9225c540c5568a1c1839849368debd08
llama32_3b,hadamard,ZB16,hadamard_ZB16,1,40,2.2912826538085938,2047,7a7b7dc6f6f242742c30f5194894a13f9225c540c5568a1c1839849368debd08
llama32_3b,hadamard,S32,hadamard_S32,1,40,2.2910947799682617,2047,7a7b7dc6f6f242742c30f5194894a13f9225c540c5568a1c1839849368debd08
llama32_3b,hadamard,Z16,hadamard_Z16,1,41,2.69932222366333,2047,7a7b7dc6f6f242742c30f5194894a13f9225c540c5568a1c1839849368debd08
llama32_3b,hadamard,Z32,hadamard_Z32,1,41,2.699388027191162,2047,7a7b7dc6f6f242742c30f5194894a13f9225c540c5568a1c1839849368debd08
llama32_3b,hadamard,ZB16,hadamard_ZB16,1,41,2.6991496086120605,2047,7a7b7dc6f6f242742c30f5194894a13f9225c540c5568a1c1839849368debd08
llama32_3b,hadamard,S32,hadamard_S32,1,41,2.6994266510009766,2047,7a7b7dc6f6f242742c30f5194894a13f9225c540c5568a1c1839849368debd08
llama32_3b,hadamard,Z16,hadamard_Z16,1,42,2.6939857006073,2047,7a7b7dc6f6f242742c30f5194894a13f9225c540c5568a1c1839849368debd08
llama32_3b,hadamard,Z32,hadamard_Z32,1,42,2.6939260959625244,2047,7a7b7dc6f6f242742c30f5194894a13f9225c540c5568a1c1839849368debd08
llama32_3b,hadamard,ZB16,hadamard_ZB16,1,42,2.6935322284698486,2047,7a7b7dc6f6f242742c30f5194894a13f9225c540c5568a1c1839849368debd08
llama32_3b,hadamard,S32,hadamard_S32,1,42,2.6937308311462402,2047,7a7b7dc6f6f242742c30f5194894a13f9225c540c5568a1c1839849368debd08
llama32_3b,hadamard,Z16,hadamard_Z16,1,43,2.3279714584350586,2047,7a7b7dc6f6f242742c30f5194894a13f9225c540c5568a1c1839849368debd08
llama32_3b,hadamard,Z32,hadamard_Z32,1,43,2.327476739883423,2047,7a7b7dc6f6f242742c30f5194894a13f9225c540c5568a1c1839849368debd08
llama32_3b,hadamard,ZB16,hadamard_ZB16,1,43,2.3281478881835938,2047,7a7b7dc6f6f242742c30f5194894a13f9225c540c5568a1c1839849368debd08
llama32_3b,hadamard,S32,hadamard_S32,1,43,2.327814817428589,2047,7a7b7dc6f6f242742c30f5194894a13f9225c540c5568a1c1839849368debd08
llama32_3b,hadamard,Z16,hadamard_Z16,1,44,2.3145766258239746,2047,7a7b7dc6f6f242742c30f5194894a13f9225c540c5568a1c1839849368debd08
llama32_3b,hadamard,Z32,hadamard_Z32,1,44,2.314227342605591,2047,7a7b7dc6f6f242742c30f5194894a13f9225c540c5568a1c1839849368debd08
llama32_3b,hadamard,ZB16,hadamard_ZB16,1,44,2.315459728240967,2047,7a7b7dc6f6f242742c30f5194894a13f9225c540c5568a1c1839849368debd08
llama32_3b,hadamard,S32,hadamard_S32,1,44,2.314903497695923,2047,7a7b7dc6f6f242742c30f5194894a13f9225c540c5568a1c1839849368debd08
llama32_3b,hadamard,Z16,hadamard_Z16,1,45,2.29034161567688,2047,7a7b7dc6f6f242742c30f5194894a13f9225c540c5568a1c1839849368debd08
llama32_3b,hadamard,Z32,hadamard_Z32,1,45,2.2908337116241455,2047,7a7b7dc6f6f242742c30f5194894a13f9225c540c5568a1c1839849368debd08
llama32_3b,hadamard,ZB16,hadamard_ZB16,1,45,2.2906863689422607,2047,7a7b7dc6f6f242742c30f5194894a13f9225c540c5568a1c1839849368debd08
llama32_3b,hadamard,S32,hadamard_S32,1,45,2.2908926010131836,2047,7a7b7dc6f6f242742c30f5194894a13f9225c540c5568a1c1839849368debd08
llama32_3b,hadamard,Z16,hadamard_Z16,1,46,2.384068012237549,2047,7a7b7dc6f6f242742c30f5194894a13f9225c540c5568a1c1839849368debd08
llama32_3b,hadamard,Z32,hadamard_Z32,1,46,2.3838021755218506,2047,7a7b7dc6f6f242742c30f5194894a13f9225c540c5568a1c1839849368debd08
llama32_3b,hadamard,ZB16,hadamard_ZB16,1,46,2.384676933288574,2047,7a7b7dc6f6f242742c30f5194894a13f9225c540c5568a1c1839849368debd08
llama32_3b,hadamard,S32,hadamard_S32,1,46,2.383991241455078,2047,7a7b7dc6f6f242742c30f5194894a13f9225c540c5568a1c1839849368debd08
llama32_3b,hadamard,Z16,hadamard_Z16,1,47,2.169318675994873,2047,7a7b7dc6f6f242742c30f5194894a13f9225c540c5568a1c1839849368debd08
llama32_3b,hadamard,Z32,hadamard_Z32,1,47,2.169632911682129,2047,7a7b7dc6f6f242742c30f5194894a13f9225c540c5568a1c1839849368debd08
llama32_3b,hadamard,ZB16,hadamard_ZB16,1,47,2.17010235786438,2047,7a7b7dc6f6f242742c30f5194894a13f9225c540c5568a1c1839849368debd08
llama32_3b,hadamard,S32,hadamard_S32,1,47,2.1701793670654297,2047,7a7b7dc6f6f242742c30f5194894a13f9225c540c5568a1c1839849368debd08
llama32_3b,hadamard,Z16,hadamard_Z16,1,48,2.04593563079834,2047,7a7b7dc6f6f242742c30f5194894a13f9225c540c5568a1c1839849368debd08
llama32_3b,hadamard,Z32,hadamard_Z32,1,48,2.0462334156036377,2047,7a7b7dc6f6f242742c30f5194894a13f9225c540c5568a1c1839849368debd08
llama32_3b,hadamard,ZB16,hadamard_ZB16,1,48,2.04658842086792,2047,7a7b7dc6f6f242742c30f5194894a13f9225c540c5568a1c1839849368debd08
llama32_3b,hadamard,S32,hadamard_S32,1,48,2.0453617572784424,2047,7a7b7dc6f6f242742c30f5194894a13f9225c540c5568a1c1839849368debd08
llama32_3b,hadamard,Z16,hadamard_Z16,1,49,2.0394723415374756,2047,7a7b7dc6f6f242742c30f5194894a13f9225c540c5568a1c1839849368debd08
llama32_3b,hadamard,Z32,hadamard_Z32,1,49,2.039470672607422,2047,7a7b7dc6f6f242742c30f5194894a13f9225c540c5568a1c1839849368debd08
llama32_3b,hadamard,ZB16,hadamard_ZB16,1,49,2.0396904945373535,2047,7a7b7dc6f6f242742c30f5194894a13f9225c540c5568a1c1839849368debd08
llama32_3b,hadamard,S32,hadamard_S32,1,49,2.0397591590881348,2047,7a7b7dc6f6f242742c30f5194894a13f9225c540c5568a1c1839849368debd08
llama32_3b,hadamard,Z16,hadamard_Z16,1,50,1.7742117643356323,2047,7a7b7dc6f6f242742c30f5194894a13f9225c540c5568a1c1839849368debd08
llama32_3b,hadamard,Z32,hadamard_Z32,1,50,1.774537444114685,2047,7a7b7dc6f6f242742c30f5194894a13f9225c540c5568a1c1839849368debd08
llama32_3b,hadamard,ZB16,hadamard_ZB16,1,50,1.7743579149246216,2047,7a7b7dc6f6f242742c30f5194894a13f9225c540c5568a1c1839849368debd08
llama32_3b,hadamard,S32,hadamard_S32,1,50,1.7737435102462769,2047,7a7b7dc6f6f242742c30f5194894a13f9225c540c5568a1c1839849368debd08
llama32_3b,hadamard,Z16,hadamard_Z16,1,51,1.849442958831787,2047,7a7b7dc6f6f242742c30f5194894a13f9225c540c5568a1c1839849368debd08
llama32_3b,hadamard,Z32,hadamard_Z32,1,51,1.8496742248535156,2047,7a7b7dc6f6f242742c30f5194894a13f9225c540c5568a1c1839849368debd08
llama32_3b,hadamard,ZB16,hadamard_ZB16,1,51,1.849465250968933,2047,7a7b7dc6f6f242742c30f5194894a13f9225c540c5568a1c1839849368debd08
llama32_3b,hadamard,S32,hadamard_S32,1,51,1.849258303642273,2047,7a7b7dc6f6f242742c30f5194894a13f9225c540c5568a1c1839849368debd08
llama32_3b,hadamard,Z16,hadamard_Z16,1,52,1.695452332496643,2047,7a7b7dc6f6f242742c30f5194894a13f9225c540c5568a1c1839849368debd08
llama32_3b,hadamard,Z32,hadamard_Z32,1,52,1.6951115131378174,2047,7a7b7dc6f6f242742c30f5194894a13f9225c540c5568a1c1839849368debd08
llama32_3b,hadamard,ZB16,hadamard_ZB16,1,52,1.6948411464691162,2047,7a7b7dc6f6f242742c30f5194894a13f9225c540c5568a1c1839849368debd08
llama32_3b,hadamard,S32,hadamard_S32,1,52,1.695444941520691,2047,7a7b7dc6f6f242742c30f5194894a13f9225c540c5568a1c1839849368debd08
llama32_3b,hadamard,Z16,hadamard_Z16,1,53,1.9105724096298218,2047,7a7b7dc6f6f242742c30f5194894a13f9225c540c5568a1c1839849368debd08
llama32_3b,hadamard,Z32,hadamard_Z32,1,53,1.9112643003463745,2047,7a7b7dc6f6f242742c30f5194894a13f9225c540c5568a1c1839849368debd08
llama32_3b,hadamard,ZB16,hadamard_ZB16,1,53,1.9101452827453613,2047,7a7b7dc6f6f242742c30f5194894a13f9225c540c5568a1c1839849368debd08
llama32_3b,hadamard,S32,hadamard_S32,1,53,1.9104543924331665,2047,7a7b7dc6f6f242742c30f5194894a13f9225c540c5568a1c1839849368debd08
llama32_3b,hadamard,Z16,hadamard_Z16,1,54,1.6380535364151,2047,7a7b7dc6f6f242742c30f5194894a13f9225c540c5568a1c1839849368debd08
llama32_3b,hadamard,Z32,hadamard_Z32,1,54,1.6373276710510254,2047,7a7b7dc6f6f242742c30f5194894a13f9225c540c5568a1c1839849368debd08
llama32_3b,hadamard,ZB16,hadamard_ZB16,1,54,1.6374521255493164,2047,7a7b7dc6f6f242742c30f5194894a13f9225c540c5568a1c1839849368debd08
llama32_3b,hadamard,S32,hadamard_S32,1,54,1.6372507810592651,2047,7a7b7dc6f6f242742c30f5194894a13f9225c540c5568a1c1839849368debd08
llama32_3b,hadamard,Z16,hadamard_Z16,1,55,1.6088290214538574,2047,7a7b7dc6f6f242742c30f5194894a13f9225c540c5568a1c1839849368debd08
llama32_3b,hadamard,Z32,hadamard_Z32,1,55,1.6089410781860352,2047,7a7b7dc6f6f242742c30f5194894a13f9225c540c5568a1c1839849368debd08
llama32_3b,hadamard,ZB16,hadamard_ZB16,1,55,1.6093716621398926,2047,7a7b7dc6f6f242742c30f5194894a13f9225c540c5568a1c1839849368debd08
llama32_3b,hadamard,S32,hadamard_S32,1,55,1.6090222597122192,2047,7a7b7dc6f6f242742c30f5194894a13f9225c540c5568a1c1839849368debd08
llama32_3b,hadamard,Z16,hadamard_Z16,1,56,1.8565269708633423,2047,7a7b7dc6f6f242742c30f5194894a13f9225c540c5568a1c1839849368debd08
llama32_3b,hadamard,Z32,hadamard_Z32,1,56,1.856676697731018,2047,7a7b7dc6f6f242742c30f5194894a13f9225c540c5568a1c1839849368debd08
llama32_3b,hadamard,ZB16,hadamard_ZB16,1,56,1.8564908504486084,2047,7a7b7dc6f6f242742c30f5194894a13f9225c540c5568a1c1839849368debd08
llama32_3b,hadamard,S32,hadamard_S32,1,56,1.8563363552093506,2047,7a7b7dc6f6f242742c30f5194894a13f9225c540c5568a1c1839849368debd08
llama32_3b,hadamard,Z16,hadamard_Z16,1,57,1.8227474689483643,2047,7a7b7dc6f6f242742c30f5194894a13f9225c540c5568a1c1839849368debd08
llama32_3b,hadamard,Z32,hadamard_Z32,1,57,1.8221412897109985,2047,7a7b7dc6f6f242742c30f5194894a13f9225c540c5568a1c1839849368debd08
llama32_3b,hadamard,ZB16,hadamard_ZB16,1,57,1.8222942352294922,2047,7a7b7dc6f6f242742c30f5194894a13f9225c540c5568a1c1839849368debd08
llama32_3b,hadamard,S32,hadamard_S32,1,57,1.8229261636734009,2047,7a7b7dc6f6f242742c30f5194894a13f9225c540c5568a1c1839849368debd08
llama32_3b,hadamard,Z16,hadamard_Z16,1,58,2.1866543292999268,2047,7a7b7dc6f6f242742c30f5194894a13f9225c540c5568a1c1839849368debd08
llama32_3b,hadamard,Z32,hadamard_Z32,1,58,2.1855661869049072,2047,7a7b7dc6f6f242742c30f5194894a13f9225c540c5568a1c1839849368debd08
llama32_3b,hadamard,ZB16,hadamard_ZB16,1,58,2.1859748363494873,2047,7a7b7dc6f6f242742c30f5194894a13f9225c540c5568a1c1839849368debd08
llama32_3b,hadamard,S32,hadamard_S32,1,58,2.185908317565918,2047,7a7b7dc6f6f242742c30f5194894a13f9225c540c5568a1c1839849368debd08
llama32_3b,hadamard,Z16,hadamard_Z16,1,59,2.3633651733398438,2047,7a7b7dc6f6f242742c30f5194894a13f9225c540c5568a1c1839849368debd08
llama32_3b,hadamard,Z32,hadamard_Z32,1,59,2.3633804321289062,2047,7a7b7dc6f6f242742c30f5194894a13f9225c540c5568a1c1839849368debd08
llama32_3b,hadamard,ZB16,hadamard_ZB16,1,59,2.363003969192505,2047,7a7b7dc6f6f242742c30f5194894a13f9225c540c5568a1c1839849368debd08
llama32_3b,hadamard,S32,hadamard_S32,1,59,2.3629167079925537,2047,7a7b7dc6f6f242742c30f5194894a13f9225c540c5568a1c1839849368debd08
llama32_3b,hadamard,Z16,hadamard_Z16,1,60,2.3589084148406982,2047,7a7b7dc6f6f242742c30f5194894a13f9225c540c5568a1c1839849368debd08
llama32_3b,hadamard,Z32,hadamard_Z32,1,60,2.3585352897644043,2047,7a7b7dc6f6f242742c30f5194894a13f9225c540c5568a1c1839849368debd08
llama32_3b,hadamard,ZB16,hadamard_ZB16,1,60,2.358928918838501,2047,7a7b7dc6f6f242742c30f5194894a13f9225c540c5568a1c1839849368debd08
llama32_3b,hadamard,S32,hadamard_S32,1,60,2.3592281341552734,2047,7a7b7dc6f6f242742c30f5194894a13f9225c540c5568a1c1839849368debd08
llama32_3b,hadamard,Z16,hadamard_Z16,1,61,2.471111536026001,2047,7a7b7dc6f6f242742c30f5194894a13f9225c540c5568a1c1839849368debd08
llama32_3b,hadamard,Z32,hadamard_Z32,1,61,2.470665454864502,2047,7a7b7dc6f6f242742c30f5194894a13f9225c540c5568a1c1839849368debd08
llama32_3b,hadamard,ZB16,hadamard_ZB16,1,61,2.4723970890045166,2047,7a7b7dc6f6f242742c30f5194894a13f9225c540c5568a1c1839849368debd08
llama32_3b,hadamard,S32,hadamard_S32,1,61,2.471071481704712,2047,7a7b7dc6f6f242742c30f5194894a13f9225c540c5568a1c1839849368debd08
llama32_3b,hadamard,Z16,hadamard_Z16,1,62,1.5196113586425781,2047,7a7b7dc6f6f242742c30f5194894a13f9225c540c5568a1c1839849368debd08
llama32_3b,hadamard,Z32,hadamard_Z32,1,62,1.519692301750183,2047,7a7b7dc6f6f242742c30f5194894a13f9225c540c5568a1c1839849368debd08
llama32_3b,hadamard,ZB16,hadamard_ZB16,1,62,1.519960641860962,2047,7a7b7dc6f6f242742c30f5194894a13f9225c540c5568a1c1839849368debd08
llama32_3b,hadamard,S32,hadamard_S32,1,62,1.5195608139038086,2047,7a7b7dc6f6f242742c30f5194894a13f9225c540c5568a1c1839849368debd08
llama32_3b,hadamard,Z16,hadamard_Z16,1,63,1.9155960083007812,2047,7a7b7dc6f6f242742c30f5194894a13f9225c540c5568a1c1839849368debd08
llama32_3b,hadamard,Z32,hadamard_Z32,1,63,1.9162713289260864,2047,7a7b7dc6f6f242742c30f5194894a13f9225c540c5568a1c1839849368debd08
llama32_3b,hadamard,ZB16,hadamard_ZB16,1,63,1.916335940361023,2047,7a7b7dc6f6f242742c30f5194894a13f9225c540c5568a1c1839849368debd08
llama32_3b,hadamard,S32,hadamard_S32,1,63,1.9154454469680786,2047,7a7b7dc6f6f242742c30f5194894a13f9225c540c5568a1c1839849368debd08
llama32_3b,hadamard,Z16,hadamard_Z16,2,0,1.8402259349822998,2047,7a7b7dc6f6f242742c30f5194894a13f9225c540c5568a1c1839849368debd08
llama32_3b,hadamard,Z32,hadamard_Z32,2,0,1.840011477470398,2047,7a7b7dc6f6f242742c30f5194894a13f9225c540c5568a1c1839849368debd08
llama32_3b,hadamard,ZB16,hadamard_ZB16,2,0,1.8403457403182983,2047,7a7b7dc6f6f242742c30f5194894a13f9225c540c5568a1c1839849368debd08
llama32_3b,hadamard,S32,hadamard_S32,2,0,1.8396062850952148,2047,7a7b7dc6f6f242742c30f5194894a13f9225c540c5568a1c1839849368debd08
llama32_3b,hadamard,Z16,hadamard_Z16,2,1,2.4441261291503906,2047,7a7b7dc6f6f242742c30f5194894a13f9225c540c5568a1c1839849368debd08
llama32_3b,hadamard,Z32,hadamard_Z32,2,1,2.443650484085083,2047,7a7b7dc6f6f242742c30f5194894a13f9225c540c5568a1c1839849368debd08
llama32_3b,hadamard,ZB16,hadamard_ZB16,2,1,2.4440178871154785,2047,7a7b7dc6f6f242742c30f5194894a13f9225c540c5568a1c1839849368debd08
llama32_3b,hadamard,S32,hadamard_S32,2,1,2.443983793258667,2047,7a7b7dc6f6f242742c30f5194894a13f9225c540c5568a1c1839849368debd08
llama32_3b,hadamard,Z16,hadamard_Z16,2,2,2.5094120502471924,2047,7a7b7dc6f6f242742c30f5194894a13f9225c540c5568a1c1839849368debd08
llama32_3b,hadamard,Z32,hadamard_Z32,2,2,2.509463310241699,2047,7a7b7dc6f6f242742c30f5194894a13f9225c540c5568a1c1839849368debd08
llama32_3b,hadamard,ZB16,hadamard_ZB16,2,2,2.5090184211730957,2047,7a7b7dc6f6f242742c30f5194894a13f9225c540c5568a1c1839849368debd08
llama32_3b,hadamard,S32,hadamard_S32,2,2,2.5089478492736816,2047,7a7b7dc6f6f242742c30f5194894a13f9225c540c5568a1c1839849368debd08
llama32_3b,hadamard,Z16,hadamard_Z16,2,3,2.0198075771331787,2047,7a7b7dc6f6f242742c30f5194894a13f9225c540c5568a1c1839849368debd08
llama32_3b,hadamard,Z32,hadamard_Z32,2,3,2.0197253227233887,2047,7a7b7dc6f6f242742c30f5194894a13f9225c540c5568a1c1839849368debd08
llama32_3b,hadamard,ZB16,hadamard_ZB16,2,3,2.0200440883636475,2047,7a7b7dc6f6f242742c30f5194894a13f9225c540c5568a1c1839849368debd08
llama32_3b,hadamard,S32,hadamard_S32,2,3,2.019144296646118,2047,7a7b7dc6f6f242742c30f5194894a13f9225c540c5568a1c1839849368debd08
llama32_3b,hadamard,Z16,hadamard_Z16,2,4,1.936248540878296,2047,7a7b7dc6f6f242742c30f5194894a13f9225c540c5568a1c1839849368debd08
llama32_3b,hadamard,Z32,hadamard_Z32,2,4,1.9370043277740479,2047,7a7b7dc6f6f242742c30f5194894a13f9225c540c5568a1c1839849368debd08
llama32_3b,hadamard,ZB16,hadamard_ZB16,2,4,1.9361510276794434,2047,7a7b7dc6f6f242742c30f5194894a13f9225c540c5568a1c1839849368debd08
llama32_3b,hadamard,S32,hadamard_S32,2,4,1.9363079071044922,2047,7a7b7dc6f6f242742c30f5194894a13f9225c540c5568a1c1839849368debd08
llama32_3b,hadamard,Z16,hadamard_Z16,2,5,1.557546854019165,2047,7a7b7dc6f6f242742c30f5194894a13f9225c540c5568a1c1839849368debd08
llama32_3b,hadamard,Z32,hadamard_Z32,2,5,1.5570712089538574,2047,7a7b7dc6f6f242742c30f5194894a13f9225c540c5568a1c1839849368debd08
llama32_3b,hadamard,ZB16,hadamard_ZB16,2,5,1.5574787855148315,2047,7a7b7dc6f6f242742c30f5194894a13f9225c540c5568a1c1839849368debd08
llama32_3b,hadamard,S32,hadamard_S32,2,5,1.5567474365234375,2047,7a7b7dc6f6f242742c30f5194894a13f9225c540c5568a1c1839849368debd08
llama32_3b,hadamard,Z16,hadamard_Z16,2,6,1.6745548248291016,2047,7a7b7dc6f6f242742c30f5194894a13f9225c540c5568a1c1839849368debd08
llama32_3b,hadamard,Z32,hadamard_Z32,2,6,1.6744455099105835,2047,7a7b7dc6f6f242742c30f5194894a13f9225c540c5568a1c1839849368debd08
llama32_3b,hadamard,ZB16,hadamard_ZB16,2,6,1.6755205392837524,2047,7a7b7dc6f6f242742c30f5194894a13f9225c540c5568a1c1839849368debd08
llama32_3b,hadamard,S32,hadamard_S32,2,6,1.6750482320785522,2047,7a7b7dc6f6f242742c30f5194894a13f9225c540c5568a1c1839849368debd08
llama32_3b,hadamard,Z16,hadamard_Z16,2,7,1.934617042541504,2047,7a7b7dc6f6f242742c30f5194894a13f9225c540c5568a1c1839849368debd08
llama32_3b,hadamard,Z32,hadamard_Z32,2,7,1.9340507984161377,2047,7a7b7dc6f6f242742c30f5194894a13f9225c540c5568a1c1839849368debd08
llama32_3b,hadamard,ZB16,hadamard_ZB16,2,7,1.9349772930145264,2047,7a7b7dc6f6f242742c30f5194894a13f9225c540c5568a1c1839849368debd08
llama32_3b,hadamard,S32,hadamard_S32,2,7,1.9339587688446045,2047,7a7b7dc6f6f242742c30f5194894a13f9225c540c5568a1c1839849368debd08
llama32_3b,hadamard,Z16,hadamard_Z16,2,8,2.2690932750701904,2047,7a7b7dc6f6f242742c30f5194894a13f9225c540c5568a1c1839849368debd08
llama32_3b,hadamard,Z32,hadamard_Z32,2,8,2.2692692279815674,2047,7a7b7dc6f6f242742c30f5194894a13f9225c540c5568a1c1839849368debd08
llama32_3b,hadamard,ZB16,hadamard_ZB16,2,8,2.269282102584839,2047,7a7b7dc6f6f242742c30f5194894a13f9225c540c5568a1c1839849368debd08
llama32_3b,hadamard,S32,hadamard_S32,2,8,2.269430637359619,2047,7a7b7dc6f6f242742c30f5194894a13f9225c540c5568a1c1839849368debd08
llama32_3b,hadamard,Z16,hadamard_Z16,2,9,1.9795851707458496,2047,7a7b7dc6f6f242742c30f5194894a13f9225c540c5568a1c1839849368debd08
llama32_3b,hadamard,Z32,hadamard_Z32,2,9,1.9792454242706299,2047,7a7b7dc6f6f242742c30f5194894a13f9225c540c5568a1c1839849368debd08
llama32_3b,hadamard,ZB16,hadamard_ZB16,2,9,1.978706955909729,2047,7a7b7dc6f6f242742c30f5194894a13f9225c540c5568a1c1839849368debd08
llama32_3b,hadamard,S32,hadamard_S32,2,9,1.9796561002731323,2047,7a7b7dc6f6f242742c30f5194894a13f9225c540c5568a1c1839849368debd08
llama32_3b,hadamard,Z16,hadamard_Z16,2,10,1.90923011302948,2047,7a7b7dc6f6f242742c30f5194894a13f9225c540c5568a1c1839849368debd08
llama32_3b,hadamard,Z32,hadamard_Z32,2,10,1.909338355064392,2047,7a7b7dc6f6f242742c30f5194894a13f9225c540c5568a1c1839849368debd08
llama32_3b,hadamard,ZB16,hadamard_ZB16,2,10,1.9098552465438843,2047,7a7b7dc6f6f242742c30f5194894a13f9225c540c5568a1c1839849368debd08
llama32_3b,hadamard,S32,hadamard_S32,2,10,1.9094198942184448,2047,7a7b7dc6f6f242742c30f5194894a13f9225c540c5568a1c1839849368debd08
llama32_3b,hadamard,Z16,hadamard_Z16,2,11,2.2702951431274414,2047,7a7b7dc6f6f242742c30f5194894a13f9225c540c5568a1c1839849368debd08
llama32_3b,hadamard,Z32,hadamard_Z32,2,11,2.2701828479766846,2047,7a7b7dc6f6f242742c30f5194894a13f9225c540c5568a1c1839849368debd08
llama32_3b,hadamard,ZB16,hadamard_ZB16,2,11,2.269707679748535,2047,7a7b7dc6f6f242742c30f5194894a13f9225c540c5568a1c1839849368debd08
llama32_3b,hadamard,S32,hadamard_S32,2,11,2.2698726654052734,2047,7a7b7dc6f6f242742c30f5194894a13f9225c540c5568a1c1839849368debd08
llama32_3b,hadamard,Z16,hadamard_Z16,2,12,2.1318318843841553,2047,7a7b7dc6f6f242742c30f5194894a13f9225c540c5568a1c1839849368debd08
llama32_3b,hadamard,Z32,hadamard_Z32,2,12,2.132246732711792,2047,7a7b7dc6f6f242742c30f5194894a13f9225c540c5568a1c1839849368debd08
llama32_3b,hadamard,ZB16,hadamard_ZB16,2,12,2.1321680545806885,2047,7a7b7dc6f6f242742c30f5194894a13f9225c540c5568a1c1839849368debd08
llama32_3b,hadamard,S32,hadamard_S32,2,12,2.132563829421997,2047,7a7b7dc6f6f242742c30f5194894a13f9225c540c5568a1c1839849368debd08
llama32_3b,hadamard,Z16,hadamard_Z16,2,13,2.27463436126709,2047,7a7b7dc6f6f242742c30f5194894a13f9225c540c5568a1c1839849368debd08
llama32_3b,hadamard,Z32,hadamard_Z32,2,13,2.274524688720703,2047,7a7b7dc6f6f242742c30f5194894a13f9225c540c5568a1c1839849368debd08
llama32_3b,hadamard,ZB16,hadamard_ZB16,2,13,2.2734832763671875,2047,7a7b7dc6f6f242742c30f5194894a13f9225c540c5568a1c1839849368debd08
llama32_3b,hadamard,S32,hadamard_S32,2,13,2.274127721786499,2047,7a7b7dc6f6f242742c30f5194894a13f9225c540c5568a1c1839849368debd08
llama32_3b,hadamard,Z16,hadamard_Z16,2,14,2.211308717727661,2047,7a7b7dc6f6f242742c30f5194894a13f9225c540c5568a1c1839849368debd08
llama32_3b,hadamard,Z32,hadamard_Z32,2,14,2.211517095565796,2047,7a7b7dc6f6f242742c30f5194894a13f9225c540c5568a1c1839849368debd08
llama32_3b,hadamard,ZB16,hadamard_ZB16,2,14,2.211780071258545,2047,7a7b7dc6f6f242742c30f5194894a13f9225c540c5568a1c1839849368debd08
llama32_3b,hadamard,S32,hadamard_S32,2,14,2.211925745010376,2047,7a7b7dc6f6f242742c30f5194894a13f9225c540c5568a1c1839849368debd08
llama32_3b,hadamard,Z16,hadamard_Z16,2,15,2.4114255905151367,2047,7a7b7dc6f6f242742c30f5194894a13f9225c540c5568a1c1839849368debd08
llama32_3b,hadamard,Z32,hadamard_Z32,2,15,2.4108901023864746,2047,7a7b7dc6f6f242742c30f5194894a13f9225c540c5568a1c1839849368debd08
llama32_3b,hadamard,ZB16,hadamard_ZB16,2,15,2.4109206199645996,2047,7a7b7dc6f6f242742c30f5194894a13f9225c540c5568a1c1839849368debd08
llama32_3b,hadamard,S32,hadamard_S32,2,15,2.411802291870117,2047,7a7b7dc6f6f242742c30f5194894a13f9225c540c5568a1c1839849368debd08
llama32_3b,hadamard,Z16,hadamard_Z16,2,16,2.1357359886169434,2047,7a7b7dc6f6f242742c30f5194894a13f9225c540c5568a1c1839849368debd08
llama32_3b,hadamard,Z32,hadamard_Z32,2,16,2.1359212398529053,2047,7a7b7dc6f6f242742c30f5194894a13f9225c540c5568a1c1839849368debd08
llama32_3b,hadamard,ZB16,hadamard_ZB16,2,16,2.1358275413513184,2047,7a7b7dc6f6f242742c30f5194894a13f9225c540c5568a1c1839849368debd08
llama32_3b,hadamard,S32,hadamard_S32,2,16,2.135566234588623,2047,7a7b7dc6f6f242742c30f5194894a13f9225c540c5568a1c1839849368debd08
llama32_3b,hadamard,Z16,hadamard_Z16,2,17,2.157801866531372,2047,7a7b7dc6f6f242742c30f5194894a13f9225c540c5568a1c1839849368debd08
llama32_3b,hadamard,Z32,hadamard_Z32,2,17,2.1572296619415283,2047,7a7b7dc6f6f242742c30f5194894a13f9225c540c5568a1c1839849368debd08
llama32_3b,hadamard,ZB16,hadamard_ZB16,2,17,2.157259941101074,2047,7a7b7dc6f6f242742c30f5194894a13f9225c540c5568a1c1839849368debd08
llama32_3b,hadamard,S32,hadamard_S32,2,17,2.157587766647339,2047,7a7b7dc6f6f242742c30f5194894a13f9225c540c5568a1c1839849368debd08
llama32_3b,hadamard,Z16,hadamard_Z16,2,18,1.9716377258300781,2047,7a7b7dc6f6f242742c30f5194894a13f9225c540c5568a1c1839849368debd08
llama32_3b,hadamard,Z32,hadamard_Z32,2,18,1.9709641933441162,2047,7a7b7dc6f6f242742c30f5194894a13f9225c540c5568a1c1839849368debd08
llama32_3b,hadamard,ZB16,hadamard_ZB16,2,18,1.97085440158844,2047,7a7b7dc6f6f242742c30f5194894a13f9225c540c5568a1c1839849368debd08
llama32_3b,hadamard,S32,hadamard_S32,2,18,1.9713677167892456,2047,7a7b7dc6f6f242742c30f5194894a13f9225c540c5568a1c1839849368debd08
llama32_3b,hadamard,Z16,hadamard_Z16,2,19,2.1096384525299072,2047,7a7b7dc6f6f242742c30f5194894a13f9225c540c5568a1c1839849368debd08
llama32_3b,hadamard,Z32,hadamard_Z32,2,19,2.1107022762298584,2047,7a7b7dc6f6f242742c30f5194894a13f9225c540c5568a1c1839849368debd08
llama32_3b,hadamard,ZB16,hadamard_ZB16,2,19,2.110079050064087,2047,7a7b7dc6f6f242742c30f5194894a13f9225c540c5568a1c1839849368debd08
llama32_3b,hadamard,S32,hadamard_S32,2,19,2.110166549682617,2047,7a7b7dc6f6f242742c30f5194894a13f9225c540c5568a1c1839849368debd08
llama32_3b,hadamard,Z16,hadamard_Z16,2,20,2.2398014068603516,2047,7a7b7dc6f6f242742c30f5194894a13f9225c540c5568a1c1839849368debd08
llama32_3b,hadamard,Z32,hadamard_Z32,2,20,2.2400894165039062,2047,7a7b7dc6f6f242742c30f5194894a13f9225c540c5568a1c1839849368debd08
llama32_3b,hadamard,ZB16,hadamard_ZB16,2,20,2.2396035194396973,2047,7a7b7dc6f6f242742c30f5194894a13f9225c540c5568a1c1839849368debd08
llama32_3b,hadamard,S32,hadamard_S32,2,20,2.2397658824920654,2047,7a7b7dc6f6f242742c30f5194894a13f9225c540c5568a1c1839849368debd08
llama32_3b,hadamard,Z16,hadamard_Z16,2,21,2.1622061729431152,2047,7a7b7dc6f6f242742c30f5194894a13f9225c540c5568a1c1839849368debd08
llama32_3b,hadamard,Z32,hadamard_Z32,2,21,2.161911725997925,2047,7a7b7dc6f6f242742c30f5194894a13f9225c540c5568a1c1839849368debd08
llama32_3b,hadamard,ZB16,hadamard_ZB16,2,21,2.162409543991089,2047,7a7b7dc6f6f242742c30f5194894a13f9225c540c5568a1c1839849368debd08
llama32_3b,hadamard,S32,hadamard_S32,2,21,2.161069393157959,2047,7a7b7dc6f6f242742c30f5194894a13f9225c540c5568a1c1839849368debd08
llama32_3b,hadamard,Z16,hadamard_Z16,2,22,2.210484504699707,2047,7a7b7dc6f6f242742c30f5194894a13f9225c540c5568a1c1839849368debd08
llama32_3b,hadamard,Z32,hadamard_Z32,2,22,2.210536241531372,2047,7a7b7dc6f6f242742c30f5194894a13f9225c540c5568a1c1839849368debd08
llama32_3b,hadamard,ZB16,hadamard_ZB16,2,22,2.210296869277954,2047,7a7b7dc6f6f242742c30f5194894a13f9225c540c5568a1c1839849368debd08
llama32_3b,hadamard,S32,hadamard_S32,2,22,2.21052622795105,2047,7a7b7dc6f6f242742c30f5194894a13f9225c540c5568a1c1839849368debd08
llama32_3b,hadamard,Z16,hadamard_Z16,2,23,2.274143934249878,2047,7a7b7dc6f6f242742c30f5194894a13f9225c540c5568a1c1839849368debd08
llama32_3b,hadamard,Z32,hadamard_Z32,2,23,2.27375864982605,2047,7a7b7dc6f6f242742c30f5194894a13f9225c540c5568a1c1839849368debd08
llama32_3b,hadamard,ZB16,hadamard_ZB16,2,23,2.2739064693450928,2047,7a7b7dc6f6f242742c30f5194894a13f9225c540c5568a1c1839849368debd08
llama32_3b,hadamard,S32,hadamard_S32,2,23,2.2737200260162354,2047,7a7b7dc6f6f242742c30f5194894a13f9225c540c5568a1c1839849368debd08
llama32_3b,hadamard,Z16,hadamard_Z16,2,24,2.296293020248413,2047,7a7b7dc6f6f242742c30f5194894a13f9225c540c5568a1c1839849368debd08
llama32_3b,hadamard,Z32,hadamard_Z32,2,24,2.2959113121032715,2047,7a7b7dc6f6f242742c30f5194894a13f9225c540c5568a1c1839849368debd08
llama32_3b,hadamard,ZB16,hadamard_ZB16,2,24,2.2960317134857178,2047,7a7b7dc6f6f242742c30f5194894a13f9225c540c5568a1c1839849368debd08
llama32_3b,hadamard,S32,hadamard_S32,2,24,2.2961130142211914,2047,7a7b7dc6f6f242742c30f5194894a13f9225c540c5568a1c1839849368debd08
llama32_3b,hadamard,Z16,hadamard_Z16,2,25,2.3398375511169434,2047,7a7b7dc6f6f242742c30f5194894a13f9225c540c5568a1c1839849368debd08
llama32_3b,hadamard,Z32,hadamard_Z32,2,25,2.339012384414673,2047,7a7b7dc6f6f242742c30f5194894a13f9225c540c5568a1c1839849368debd08
llama32_3b,hadamard,ZB16,hadamard_ZB16,2,25,2.3401827812194824,2047,7a7b7dc6f6f242742c30f5194894a13f9225c540c5568a1c1839849368debd08
llama32_3b,hadamard,S32,hadamard_S32,2,25,2.3396124839782715,2047,7a7b7dc6f6f242742c30f5194894a13f9225c540c5568a1c1839849368debd08
llama32_3b,hadamard,Z16,hadamard_Z16,2,26,2.434252977371216,2047,7a7b7dc6f6f242742c30f5194894a13f9225c540c5568a1c1839849368debd08
llama32_3b,hadamard,Z32,hadamard_Z32,2,26,2.4336531162261963,2047,7a7b7dc6f6f242742c30f5194894a13f9225c540c5568a1c1839849368debd08
llama32_3b,hadamard,ZB16,hadamard_ZB16,2,26,2.433837652206421,2047,7a7b7dc6f6f242742c30f5194894a13f9225c540c5568a1c1839849368debd08
llama32_3b,hadamard,S32,hadamard_S32,2,26,2.4340579509735107,2047,7a7b7dc6f6f242742c30f5194894a13f9225c540c5568a1c1839849368debd08
llama32_3b,hadamard,Z16,hadamard_Z16,2,27,2.235455274581909,2047,7a7b7dc6f6f242742c30f5194894a13f9225c540c5568a1c1839849368debd08
llama32_3b,hadamard,Z32,hadamard_Z32,2,27,2.235248327255249,2047,7a7b7dc6f6f242742c30f5194894a13f9225c540c5568a1c1839849368debd08
llama32_3b,hadamard,ZB16,hadamard_ZB16,2,27,2.235729217529297,2047,7a7b7dc6f6f242742c30f5194894a13f9225c540c5568a1c1839849368debd08
llama32_3b,hadamard,S32,hadamard_S32,2,27,2.2351622581481934,2047,7a7b7dc6f6f242742c30f5194894a13f9225c540c5568a1c1839849368debd08
llama32_3b,hadamard,Z16,hadamard_Z16,2,28,2.0071568489074707,2047,7a7b7dc6f6f242742c30f5194894a13f9225c540c5568a1c1839849368debd08
llama32_3b,hadamard,Z32,hadamard_Z32,2,28,2.0072896480560303,2047,7a7b7dc6f6f242742c30f5194894a13f9225c540c5568a1c1839849368debd08
llama32_3b,hadamard,ZB16,hadamard_ZB16,2,28,2.008207082748413,2047,7a7b7dc6f6f242742c30f5194894a13f9225c540c5568a1c1839849368debd08
llama32_3b,hadamard,S32,hadamard_S32,2,28,2.007134199142456,2047,7a7b7dc6f6f242742c30f5194894a13f9225c540c5568a1c1839849368debd08
llama32_3b,hadamard,Z16,hadamard_Z16,2,29,1.817313313484192,2047,7a7b7dc6f6f242742c30f5194894a13f9225c540c5568a1c1839849368debd08
llama32_3b,hadamard,Z32,hadamard_Z32,2,29,1.8181275129318237,2047,7a7b7dc6f6f242742c30f5194894a13f9225c540c5568a1c1839849368debd08
llama32_3b,hadamard,ZB16,hadamard_ZB16,2,29,1.818302869796753,2047,7a7b7dc6f6f242742c30f5194894a13f9225c540c5568a1c1839849368debd08
llama32_3b,hadamard,S32,hadamard_S32,2,29,1.8176045417785645,2047,7a7b7dc6f6f242742c30f5194894a13f9225c540c5568a1c1839849368debd08
llama32_3b,hadamard,Z16,hadamard_Z16,2,30,1.7114689350128174,2047,7a7b7dc6f6f242742c30f5194894a13f9225c540c5568a1c1839849368debd08
llama32_3b,hadamard,Z32,hadamard_Z32,2,30,1.7121988534927368,2047,7a7b7dc6f6f242742c30f5194894a13f9225c540c5568a1c1839849368debd08
llama32_3b,hadamard,ZB16,hadamard_ZB16,2,30,1.7120524644851685,2047,7a7b7dc6f6f242742c30f5194894a13f9225c540c5568a1c1839849368debd08
llama32_3b,hadamard,S32,hadamard_S32,2,30,1.7120283842086792,2047,7a7b7dc6f6f242742c30f5194894a13f9225c540c5568a1c1839849368debd08
llama32_3b,hadamard,Z16,hadamard_Z16,2,31,1.7224950790405273,2047,7a7b7dc6f6f242742c30f5194894a13f9225c540c5568a1c1839849368debd08
llama32_3b,hadamard,Z32,hadamard_Z32,2,31,1.721908450126648,2047,7a7b7dc6f6f242742c30f5194894a13f9225c540c5568a1c1839849368debd08
llama32_3b,hadamard,ZB16,hadamard_ZB16,2,31,1.722434401512146,2047,7a7b7dc6f6f242742c30f5194894a13f9225c540c5568a1c1839849368debd08
llama32_3b,hadamard,S32,hadamard_S32,2,31,1.7224981784820557,2047,7a7b7dc6f6f242742c30f5194894a13f9225c540c5568a1c1839849368debd08
llama32_3b,hadamard,Z16,hadamard_Z16,2,32,2.0211262702941895,2047,7a7b7dc6f6f242742c30f5194894a13f9225c540c5568a1c1839849368debd08
llama32_3b,hadamard,Z32,hadamard_Z32,2,32,2.022599220275879,2047,7a7b7dc6f6f242742c30f5194894a13f9225c540c5568a1c1839849368debd08
llama32_3b,hadamard,ZB16,hadamard_ZB16,2,32,2.021768808364868,2047,7a7b7dc6f6f242742c30f5194894a13f9225c540c5568a1c1839849368debd08
llama32_3b,hadamard,S32,hadamard_S32,2,32,2.0220448970794678,2047,7a7b7dc6f6f242742c30f5194894a13f9225c540c5568a1c1839849368debd08
llama32_3b,hadamard,Z16,hadamard_Z16,2,33,1.992479920387268,2047,7a7b7dc6f6f242742c30f5194894a13f9225c540c5568a1c1839849368debd08
llama32_3b,hadamard,Z32,hadamard_Z32,2,33,1.9920926094055176,2047,7a7b7dc6f6f242742c30f5194894a13f9225c540c5568a1c1839849368debd08
llama32_3b,hadamard,ZB16,hadamard_ZB16,2,33,1.9923232793807983,2047,7a7b7dc6f6f242742c30f5194894a13f9225c540c5568a1c1839849368debd08
llama32_3b,hadamard,S32,hadamard_S32,2,33,1.9924942255020142,2047,7a7b7dc6f6f242742c30f5194894a13f9225c540c5568a1c1839849368debd08
llama32_3b,hadamard,Z16,hadamard_Z16,2,34,2.166109085083008,2047,7a7b7dc6f6f242742c30f5194894a13f9225c540c5568a1c1839849368debd08
llama32_3b,hadamard,Z32,hadamard_Z32,2,34,2.166639566421509,2047,7a7b7dc6f6f242742c30f5194894a13f9225c540c5568a1c1839849368debd08
llama32_3b,hadamard,ZB16,hadamard_ZB16,2,34,2.1662216186523438,2047,7a7b7dc6f6f242742c30f5194894a13f9225c540c5568a1c1839849368debd08
llama32_3b,hadamard,S32,hadamard_S32,2,34,2.166489601135254,2047,7a7b7dc6f6f242742c30f5194894a13f9225c540c5568a1c1839849368debd08
llama32_3b,hadamard,Z16,hadamard_Z16,2,35,1.4849350452423096,2047,7a7b7dc6f6f242742c30f5194894a13f9225c540c5568a1c1839849368debd08
llama32_3b,hadamard,Z32,hadamard_Z32,2,35,1.4844186305999756,2047,7a7b7dc6f6f242742c30f5194894a13f9225c540c5568a1c1839849368debd08
llama32_3b,hadamard,ZB16,hadamard_ZB16,2,35,1.4843095541000366,2047,7a7b7dc6f6f242742c30f5194894a13f9225c540c5568a1c1839849368debd08
llama32_3b,hadamard,S32,hadamard_S32,2,35,1.4844017028808594,2047,7a7b7dc6f6f242742c30f5194894a13f9225c540c5568a1c1839849368debd08
llama32_3b,hadamard,Z16,hadamard_Z16,2,36,1.4469536542892456,2047,7a7b7dc6f6f242742c30f5194894a13f9225c540c5568a1c1839849368debd08
llama32_3b,hadamard,Z32,hadamard_Z32,2,36,1.4474157094955444,2047,7a7b7dc6f6f242742c30f5194894a13f9225c540c5568a1c1839849368debd08
llama32_3b,hadamard,ZB16,hadamard_ZB16,2,36,1.4477951526641846,2047,7a7b7dc6f6f242742c30f5194894a13f9225c540c5568a1c1839849368debd08
llama32_3b,hadamard,S32,hadamard_S32,2,36,1.4470378160476685,2047,7a7b7dc6f6f242742c30f5194894a13f9225c540c5568a1c1839849368debd08
llama32_3b,hadamard,Z16,hadamard_Z16,2,37,1.505922794342041,2047,7a7b7dc6f6f242742c30f5194894a13f9225c540c5568a1c1839849368debd08
llama32_3b,hadamard,Z32,hadamard_Z32,2,37,1.5058891773223877,2047,7a7b7dc6f6f242742c30f5194894a13f9225c540c5568a1c1839849368debd08
llama32_3b,hadamard,ZB16,hadamard_ZB16,2,37,1.5069365501403809,2047,7a7b7dc6f6f242742c30f5194894a13f9225c540c5568a1c1839849368debd08
llama32_3b,hadamard,S32,hadamard_S32,2,37,1.5057933330535889,2047,7a7b7dc6f6f242742c30f5194894a13f9225c540c5568a1c1839849368debd08
llama32_3b,hadamard,Z16,hadamard_Z16,2,38,1.4796866178512573,2047,7a7b7dc6f6f242742c30f5194894a13f9225c540c5568a1c1839849368debd08
llama32_3b,hadamard,Z32,hadamard_Z32,2,38,1.479615330696106,2047,7a7b7dc6f6f242742c30f5194894a13f9225c540c5568a1c1839849368debd08
llama32_3b,hadamard,ZB16,hadamard_ZB16,2,38,1.4799046516418457,2047,7a7b7dc6f6f242742c30f5194894a13f9225c540c5568a1c1839849368debd08
llama32_3b,hadamard,S32,hadamard_S32,2,38,1.4797531366348267,2047,7a7b7dc6f6f242742c30f5194894a13f9225c540c5568a1c1839849368debd08
llama32_3b,hadamard,Z16,hadamard_Z16,2,39,1.6794120073318481,2047,7a7b7dc6f6f242742c30f5194894a13f9225c540c5568a1c1839849368debd08
llama32_3b,hadamard,Z32,hadamard_Z32,2,39,1.6784350872039795,2047,7a7b7dc6f6f242742c30f5194894a13f9225c540c5568a1c1839849368debd08
llama32_3b,hadamard,ZB16,hadamard_ZB16,2,39,1.680137276649475,2047,7a7b7dc6f6f242742c30f5194894a13f9225c540c5568a1c1839849368debd08
llama32_3b,hadamard,S32,hadamard_S32,2,39,1.6798025369644165,2047,7a7b7dc6f6f242742c30f5194894a13f9225c540c5568a1c1839849368debd08
llama32_3b,hadamard,Z16,hadamard_Z16,2,40,2.281777858734131,2047,7a7b7dc6f6f242742c30f5194894a13f9225c540c5568a1c1839849368debd08
llama32_3b,hadamard,Z32,hadamard_Z32,2,40,2.2818193435668945,2047,7a7b7dc6f6f242742c30f5194894a13f9225c540c5568a1c1839849368debd08
llama32_3b,hadamard,ZB16,hadamard_ZB16,2,40,2.282738447189331,2047,7a7b7dc6f6f242742c30f5194894a13f9225c540c5568a1c1839849368debd08
llama32_3b,hadamard,S32,hadamard_S32,2,40,2.2817959785461426,2047,7a7b7dc6f6f242742c30f5194894a13f9225c540c5568a1c1839849368debd08
llama32_3b,hadamard,Z16,hadamard_Z16,2,41,2.699751615524292,2047,7a7b7dc6f6f242742c30f5194894a13f9225c540c5568a1c1839849368debd08
llama32_3b,hadamard,Z32,hadamard_Z32,2,41,2.6992812156677246,2047,7a7b7dc6f6f242742c30f5194894a13f9225c540c5568a1c1839849368debd08
llama32_3b,hadamard,ZB16,hadamard_ZB16,2,41,2.6997530460357666,2047,7a7b7dc6f6f242742c30f5194894a13f9225c540c5568a1c1839849368debd08
llama32_3b,hadamard,S32,hadamard_S32,2,41,2.699659585952759,2047,7a7b7dc6f6f242742c30f5194894a13f9225c540c5568a1c1839849368debd08
llama32_3b,hadamard,Z16,hadamard_Z16,2,42,2.6903178691864014,2047,7a7b7dc6f6f242742c30f5194894a13f9225c540c5568a1c1839849368debd08
llama32_3b,hadamard,Z32,hadamard_Z32,2,42,2.6903882026672363,2047,7a7b7dc6f6f242742c30f5194894a13f9225c540c5568a1c1839849368debd08
llama32_3b,hadamard,ZB16,hadamard_ZB16,2,42,2.6914913654327393,2047,7a7b7dc6f6f242742c30f5194894a13f9225c540c5568a1c1839849368debd08
llama32_3b,hadamard,S32,hadamard_S32,2,42,2.6904096603393555,2047,7a7b7dc6f6f242742c30f5194894a13f9225c540c5568a1c1839849368debd08
llama32_3b,hadamard,Z16,hadamard_Z16,2,43,2.3204054832458496,2047,7a7b7dc6f6f242742c30f5194894a13f9225c540c5568a1c1839849368debd08
llama32_3b,hadamard,Z32,hadamard_Z32,2,43,2.3206331729888916,2047,7a7b7dc6f6f242742c30f5194894a13f9225c540c5568a1c1839849368debd08
llama32_3b,hadamard,ZB16,hadamard_ZB16,2,43,2.3206775188446045,2047,7a7b7dc6f6f242742c30f5194894a13f9225c540c5568a1c1839849368debd08
llama32_3b,hadamard,S32,hadamard_S32,2,43,2.3207180500030518,2047,7a7b7dc6f6f242742c30f5194894a13f9225c540c5568a1c1839849368debd08
llama32_3b,hadamard,Z16,hadamard_Z16,2,44,2.314450740814209,2047,7a7b7dc6f6f242742c30f5194894a13f9225c540c5568a1c1839849368debd08
llama32_3b,hadamard,Z32,hadamard_Z32,2,44,2.314286231994629,2047,7a7b7dc6f6f242742c30f5194894a13f9225c540c5568a1c1839849368debd08
llama32_3b,hadamard,ZB16,hadamard_ZB16,2,44,2.313999891281128,2047,7a7b7dc6f6f242742c30f5194894a13f9225c540c5568a1c1839849368debd08
llama32_3b,hadamard,S32,hadamard_S32,2,44,2.31400465965271,2047,7a7b7dc6f6f242742c30f5194894a13f9225c540c5568a1c1839849368debd08
llama32_3b,hadamard,Z16,hadamard_Z16,2,45,2.2875571250915527,2047,7a7b7dc6f6f242742c30f5194894a13f9225c540c5568a1c1839849368debd08
llama32_3b,hadamard,Z32,hadamard_Z32,2,45,2.2871124744415283,2047,7a7b7dc6f6f242742c30f5194894a13f9225c540c5568a1c1839849368debd08
llama32_3b,hadamard,ZB16,hadamard_ZB16,2,45,2.2868010997772217,2047,7a7b7dc6f6f242742c30f5194894a13f9225c540c5568a1c1839849368debd08
llama32_3b,hadamard,S32,hadamard_S32,2,45,2.2871015071868896,2047,7a7b7dc6f6f242742c30f5194894a13f9225c540c5568a1c1839849368debd08
llama32_3b,hadamard,Z16,hadamard_Z16,2,46,2.3797249794006348,2047,7a7b7dc6f6f242742c30f5194894a13f9225c540c5568a1c1839849368debd08
llama32_3b,hadamard,Z32,hadamard_Z32,2,46,2.379892110824585,2047,7a7b7dc6f6f242742c30f5194894a13f9225c540c5568a1c1839849368debd08
llama32_3b,hadamard,ZB16,hadamard_ZB16,2,46,2.3800086975097656,2047,7a7b7dc6f6f242742c30f5194894a13f9225c540c5568a1c1839849368debd08
llama32_3b,hadamard,S32,hadamard_S32,2,46,2.3809523582458496,2047,7a7b7dc6f6f242742c30f5194894a13f9225c540c5568a1c1839849368debd08
llama32_3b,hadamard,Z16,hadamard_Z16,2,47,2.168975353240967,2047,7a7b7dc6f6f242742c30f5194894a13f9225c540c5568a1c1839849368debd08
llama32_3b,hadamard,Z32,hadamard_Z32,2,47,2.1686418056488037,2047,7a7b7dc6f6f242742c30f5194894a13f9225c540c5568a1c1839849368debd08
llama32_3b,hadamard,ZB16,hadamard_ZB16,2,47,2.169563055038452,2047,7a7b7dc6f6f242742c30f5194894a13f9225c540c5568a1c1839849368debd08
llama32_3b,hadamard,S32,hadamard_S32,2,47,2.1689400672912598,2047,7a7b7dc6f6f242742c30f5194894a13f9225c540c5568a1c1839849368debd08
llama32_3b,hadamard,Z16,hadamard_Z16,2,48,2.0455076694488525,2047,7a7b7dc6f6f242742c30f5194894a13f9225c540c5568a1c1839849368debd08
llama32_3b,hadamard,Z32,hadamard_Z32,2,48,2.0459022521972656,2047,7a7b7dc6f6f242742c30f5194894a13f9225c540c5568a1c1839849368debd08
llama32_3b,hadamard,ZB16,hadamard_ZB16,2,48,2.0455305576324463,2047,7a7b7dc6f6f242742c30f5194894a13f9225c540c5568a1c1839849368debd08
llama32_3b,hadamard,S32,hadamard_S32,2,48,2.0455801486968994,2047,7a7b7dc6f6f242742c30f5194894a13f9225c540c5568a1c1839849368debd08
llama32_3b,hadamard,Z16,hadamard_Z16,2,49,2.042323350906372,2047,7a7b7dc6f6f242742c30f5194894a13f9225c540c5568a1c1839849368debd08
llama32_3b,hadamard,Z32,hadamard_Z32,2,49,2.042325019836426,2047,7a7b7dc6f6f242742c30f5194894a13f9225c540c5568a1c1839849368debd08
llama32_3b,hadamard,ZB16,hadamard_ZB16,2,49,2.042309284210205,2047,7a7b7dc6f6f242742c30f5194894a13f9225c540c5568a1c1839849368debd08
llama32_3b,hadamard,S32,hadamard_S32,2,49,2.041977643966675,2047,7a7b7dc6f6f242742c30f5194894a13f9225c540c5568a1c1839849368debd08
llama32_3b,hadamard,Z16,hadamard_Z16,2,50,1.7705260515213013,2047,7a7b7dc6f6f242742c30f5194894a13f9225c540c5568a1c1839849368debd08
llama32_3b,hadamard,Z32,hadamard_Z32,2,50,1.770779013633728,2047,7a7b7dc6f6f242742c30f5194894a13f9225c540c5568a1c1839849368debd08
llama32_3b,hadamard,ZB16,hadamard_ZB16,2,50,1.7705397605895996,2047,7a7b7dc6f6f242742c30f5194894a13f9225c540c5568a1c1839849368debd08
llama32_3b,hadamard,S32,hadamard_S32,2,50,1.7715955972671509,2047,7a7b7dc6f6f242742c30f5194894a13f9225c540c5568a1c1839849368debd08
llama32_3b,hadamard,Z16,hadamard_Z16,2,51,1.8435900211334229,2047,7a7b7dc6f6f242742c30f5194894a13f9225c540c5568a1c1839849368debd08
llama32_3b,hadamard,Z32,hadamard_Z32,2,51,1.8423457145690918,2047,7a7b7dc6f6f242742c30f5194894a13f9225c540c5568a1c1839849368debd08
llama32_3b,hadamard,ZB16,hadamard_ZB16,2,51,1.8428409099578857,2047,7a7b7dc6f6f242742c30f5194894a13f9225c540c5568a1c1839849368debd08
llama32_3b,hadamard,S32,hadamard_S32,2,51,1.8428905010223389,2047,7a7b7dc6f6f242742c30f5194894a13f9225c540c5568a1c1839849368debd08
llama32_3b,hadamard,Z16,hadamard_Z16,2,52,1.693679928779602,2047,7a7b7dc6f6f242742c30f5194894a13f9225c540c5568a1c1839849368debd08
llama32_3b,hadamard,Z32,hadamard_Z32,2,52,1.6943345069885254,2047,7a7b7dc6f6f242742c30f5194894a13f9225c540c5568a1c1839849368debd08
llama32_3b,hadamard,ZB16,hadamard_ZB16,2,52,1.6940877437591553,2047,7a7b7dc6f6f242742c30f5194894a13f9225c540c5568a1c1839849368debd08
llama32_3b,hadamard,S32,hadamard_S32,2,52,1.6939842700958252,2047,7a7b7dc6f6f242742c30f5194894a13f9225c540c5568a1c1839849368debd08
llama32_3b,hadamard,Z16,hadamard_Z16,2,53,1.906724214553833,2047,7a7b7dc6f6f242742c30f5194894a13f9225c540c5568a1c1839849368debd08
llama32_3b,hadamard,Z32,hadamard_Z32,2,53,1.9064186811447144,2047,7a7b7dc6f6f242742c30f5194894a13f9225c540c5568a1c1839849368debd08
llama32_3b,hadamard,ZB16,hadamard_ZB16,2,53,1.9069854021072388,2047,7a7b7dc6f6f242742c30f5194894a13f9225c540c5568a1c1839849368debd08
llama32_3b,hadamard,S32,hadamard_S32,2,53,1.9061658382415771,2047,7a7b7dc6f6f242742c30f5194894a13f9225c540c5568a1c1839849368debd08
llama32_3b,hadamard,Z16,hadamard_Z16,2,54,1.6453989744186401,2047,7a7b7dc6f6f242742c30f5194894a13f9225c540c5568a1c1839849368debd08
llama32_3b,hadamard,Z32,hadamard_Z32,2,54,1.645633339881897,2047,7a7b7dc6f6f242742c30f5194894a13f9225c540c5568a1c1839849368debd08
llama32_3b,hadamard,ZB16,hadamard_ZB16,2,54,1.64569890499115,2047,7a7b7dc6f6f242742c30f5194894a13f9225c540c5568a1c1839849368debd08
llama32_3b,hadamard,S32,hadamard_S32,2,54,1.644976019859314,2047,7a7b7dc6f6f242742c30f5194894a13f9225c540c5568a1c1839849368debd08
llama32_3b,hadamard,Z16,hadamard_Z16,2,55,1.623396873474121,2047,7a7b7dc6f6f242742c30f5194894a13f9225c540c5568a1c1839849368debd08
llama32_3b,hadamard,Z32,hadamard_Z32,2,55,1.6229279041290283,2047,7a7b7dc6f6f242742c30f5194894a13f9225c540c5568a1c1839849368debd08
llama32_3b,hadamard,ZB16,hadamard_ZB16,2,55,1.6228632926940918,2047,7a7b7dc6f6f242742c30f5194894a13f9225c540c5568a1c1839849368debd08
llama32_3b,hadamard,S32,hadamard_S32,2,55,1.6241567134857178,2047,7a7b7dc6f6f242742c30f5194894a13f9225c540c5568a1c1839849368debd08
llama32_3b,hadamard,Z16,hadamard_Z16,2,56,1.8476064205169678,2047,7a7b7dc6f6f242742c30f5194894a13f9225c540c5568a1c1839849368debd08
llama32_3b,hadamard,Z32,hadamard_Z32,2,56,1.8473477363586426,2047,7a7b7dc6f6f242742c30f5194894a13f9225c540c5568a1c1839849368debd08
llama32_3b,hadamard,ZB16,hadamard_ZB16,2,56,1.8472506999969482,2047,7a7b7dc6f6f242742c30f5194894a13f9225c540c5568a1c1839849368debd08
llama32_3b,hadamard,S32,hadamard_S32,2,56,1.8476319313049316,2047,7a7b7dc6f6f242742c30f5194894a13f9225c540c5568a1c1839849368debd08
llama32_3b,hadamard,Z16,hadamard_Z16,2,57,1.8140437602996826,2047,7a7b7dc6f6f242742c30f5194894a13f9225c540c5568a1c1839849368debd08
llama32_3b,hadamard,Z32,hadamard_Z32,2,57,1.8145294189453125,2047,7a7b7dc6f6f242742c30f5194894a13f9225c540c5568a1c1839849368debd08
llama32_3b,hadamard,ZB16,hadamard_ZB16,2,57,1.8145447969436646,2047,7a7b7dc6f6f242742c30f5194894a13f9225c540c5568a1c1839849368debd08
llama32_3b,hadamard,S32,hadamard_S32,2,57,1.8137701749801636,2047,7a7b7dc6f6f242742c30f5194894a13f9225c540c5568a1c1839849368debd08
llama32_3b,hadamard,Z16,hadamard_Z16,2,58,2.1948812007904053,2047,7a7b7dc6f6f242742c30f5194894a13f9225c540c5568a1c1839849368debd08
llama32_3b,hadamard,Z32,hadamard_Z32,2,58,2.1949195861816406,2047,7a7b7dc6f6f242742c30f5194894a13f9225c540c5568a1c1839849368debd08
llama32_3b,hadamard,ZB16,hadamard_ZB16,2,58,2.1947696208953857,2047,7a7b7dc6f6f242742c30f5194894a13f9225c540c5568a1c1839849368debd08
llama32_3b,hadamard,S32,hadamard_S32,2,58,2.194793701171875,2047,7a7b7dc6f6f242742c30f5194894a13f9225c540c5568a1c1839849368debd08
llama32_3b,hadamard,Z16,hadamard_Z16,2,59,2.3644509315490723,2047,7a7b7dc6f6f242742c30f5194894a13f9225c540c5568a1c1839849368debd08
llama32_3b,hadamard,Z32,hadamard_Z32,2,59,2.365122079849243,2047,7a7b7dc6f6f242742c30f5194894a13f9225c540c5568a1c1839849368debd08
llama32_3b,hadamard,ZB16,hadamard_ZB16,2,59,2.366055488586426,2047,7a7b7dc6f6f242742c30f5194894a13f9225c540c5568a1c1839849368debd08
llama32_3b,hadamard,S32,hadamard_S32,2,59,2.3649065494537354,2047,7a7b7dc6f6f242742c30f5194894a13f9225c540c5568a1c1839849368debd08
llama32_3b,hadamard,Z16,hadamard_Z16,2,60,2.37515926361084,2047,7a7b7dc6f6f242742c30f5194894a13f9225c540c5568a1c1839849368debd08
llama32_3b,hadamard,Z32,hadamard_Z32,2,60,2.3759679794311523,2047,7a7b7dc6f6f242742c30f5194894a13f9225c540c5568a1c1839849368debd08
llama32_3b,hadamard,ZB16,hadamard_ZB16,2,60,2.3745968341827393,2047,7a7b7dc6f6f242742c30f5194894a13f9225c540c5568a1c1839849368debd08
llama32_3b,hadamard,S32,hadamard_S32,2,60,2.3755300045013428,2047,7a7b7dc6f6f242742c30f5194894a13f9225c540c5568a1c1839849368debd08
llama32_3b,hadamard,Z16,hadamard_Z16,2,61,2.484875202178955,2047,7a7b7dc6f6f242742c30f5194894a13f9225c540c5568a1c1839849368debd08
llama32_3b,hadamard,Z32,hadamard_Z32,2,61,2.4853529930114746,2047,7a7b7dc6f6f242742c30f5194894a13f9225c540c5568a1c1839849368debd08
llama32_3b,hadamard,ZB16,hadamard_ZB16,2,61,2.4842846393585205,2047,7a7b7dc6f6f242742c30f5194894a13f9225c540c5568a1c1839849368debd08
llama32_3b,hadamard,S32,hadamard_S32,2,61,2.4845759868621826,2047,7a7b7dc6f6f242742c30f5194894a13f9225c540c5568a1c1839849368debd08
llama32_3b,hadamard,Z16,hadamard_Z16,2,62,1.5243268013000488,2047,7a7b7dc6f6f242742c30f5194894a13f9225c540c5568a1c1839849368debd08
llama32_3b,hadamard,Z32,hadamard_Z32,2,62,1.5237268209457397,2047,7a7b7dc6f6f242742c30f5194894a13f9225c540c5568a1c1839849368debd08
llama32_3b,hadamard,ZB16,hadamard_ZB16,2,62,1.52437162399292,2047,7a7b7dc6f6f242742c30f5194894a13f9225c540c5568a1c1839849368debd08
llama32_3b,hadamard,S32,hadamard_S32,2,62,1.524095058441162,2047,7a7b7dc6f6f242742c30f5194894a13f9225c540c5568a1c1839849368debd08
llama32_3b,hadamard,Z16,hadamard_Z16,2,63,1.9086041450500488,2047,7a7b7dc6f6f242742c30f5194894a13f9225c540c5568a1c1839849368debd08
llama32_3b,hadamard,Z32,hadamard_Z32,2,63,1.9086081981658936,2047,7a7b7dc6f6f242742c30f5194894a13f9225c540c5568a1c1839849368debd08
llama32_3b,hadamard,ZB16,hadamard_ZB16,2,63,1.9087029695510864,2047,7a7b7dc6f6f242742c30f5194894a13f9225c540c5568a1c1839849368debd08
llama32_3b,hadamard,S32,hadamard_S32,2,63,1.908840298652649,2047,7a7b7dc6f6f242742c30f5194894a13f9225c540c5568a1c1839849368debd08
